mkdir -p /home/hunter/chipyard/.classpath_cache/
mkdir -p /home/hunter/chipyard/sims/verilator/generated-src/chipyard.harness.TestHarness.GemminiRocketConfig/
make -C /home/hunter/chipyard/tools/DRAMSim2 libdramsim.a
cd /home/hunter/chipyard && java -jar /home/hunter/chipyard/scripts/sbt-launch.jar -Dsbt.ivy.home=/home/hunter/chipyard/.ivy2 -Dsbt.global.base=/home/hunter/chipyard/.sbt -Dsbt.boot.directory=/home/hunter/chipyard/.sbt/boot/ -Dsbt.color=always -Dsbt.supershell=false -Dsbt.server.forcestart=true ";project chipyard; set assembly / assemblyOutputPath := file(\"/home/hunter/chipyard/.classpath_cache/chipyard.jar\"); assembly" && touch /home/hunter/chipyard/.classpath_cache/chipyard.jar
echo "emittedLineLength=2048,noAlwaysComb,disallowLocalVariables,verifLabels,disallowPortDeclSharing,locationInfoStyle=wrapInAtSquareBracket" > /home/hunter/chipyard/sims/verilator/generated-src/chipyard.harness.TestHarness.GemminiRocketConfig/.mfc_lowering_options
Picked up JAVA_TOOL_OPTIONS: -Xmx8G -Xss8M -Djava.io.tmpdir=/home/hunter/chipyard/.java_tmp
make[1]: Entering directory '/home/hunter/chipyard/tools/DRAMSim2'
g++ -DNO_STORAGE -Wall -DDEBUG_BUILD  -O3  -o AddressMapping.o -c AddressMapping.cpp
g++ -DNO_STORAGE -Wall -DDEBUG_BUILD  -O3  -o Bank.o -c Bank.cpp
g++ -DNO_STORAGE -Wall -DDEBUG_BUILD  -O3  -o BankState.o -c BankState.cpp
g++ -DNO_STORAGE -Wall -DDEBUG_BUILD  -O3  -o BusPacket.o -c BusPacket.cpp
g++ -DNO_STORAGE -Wall -DDEBUG_BUILD  -O3  -o ClockDomain.o -c ClockDomain.cpp
g++ -DNO_STORAGE -Wall -DDEBUG_BUILD  -O3  -o CommandQueue.o -c CommandQueue.cpp
BusPacket.cpp: In member function 'void DRAMSim::BusPacket::print(uint64_t, bool)':
BusPacket.cpp:63:9: warning: 'nonnull' argument 'this' compared to NULL [-Wnonnull-compare]
   63 |         if (this == NULL)
      |         ^~
BusPacket.cpp: In member function 'void DRAMSim::BusPacket::print()':
BusPacket.cpp:104:9: warning: 'nonnull' argument 'this' compared to NULL [-Wnonnull-compare]
  104 |         if (this == NULL) //pointer use makes this a necessary precaution
      |         ^~
g++ -DNO_STORAGE -Wall -DDEBUG_BUILD  -O3  -o IniReader.o -c IniReader.cpp
g++ -DNO_STORAGE -Wall -DDEBUG_BUILD  -O3  -o MemoryController.o -c MemoryController.cpp
[0m[[0m[0minfo[0m] [0m[0mwelcome to sbt 1.8.2 (N/A Java 20.0.2-internal)[0m
[0m[[0m[0minfo[0m] [0m[0mloading settings for project chipyard-build from plugins.sbt ...[0m
g++ -DNO_STORAGE -Wall -DDEBUG_BUILD  -O3  -o MemorySystem.o -c MemorySystem.cpp
g++ -DNO_STORAGE -Wall -DDEBUG_BUILD  -O3  -o MultiChannelMemorySystem.o -c MultiChannelMemorySystem.cpp
[0m[[0m[0minfo[0m] [0m[0mloading project definition from /home/hunter/chipyard/project[0m
g++ -DNO_STORAGE -Wall -DDEBUG_BUILD  -O3  -o PrintMacros.o -c PrintMacros.cpp
g++ -DNO_STORAGE -Wall -DDEBUG_BUILD  -O3  -o Rank.o -c Rank.cpp
[0m[[0m[0minfo[0m] [0m[0mloading settings for project chipyardRoot from build.sbt ...[0m
[0m[[0m[0minfo[0m] [0m[0mloading settings for project barf from build.sbt ...[0m
[0m[[0m[0minfo[0m] [0m[0mloading settings for project constellation from build.sbt ...[0m
[0m[[0m[0minfo[0m] [0m[0mloading settings for project icenet from build.sbt ...[0m
[0m[[0m[0minfo[0m] [0m[0mloading settings for project cva6 from build.sbt ...[0m
[0m[[0m[0minfo[0m] [0m[0mloading settings for project ibex from build.sbt ...[0m
[0m[[0m[0minfo[0m] [0m[0mloading settings for project sodor from build.sbt ...[0m
[0m[[0m[0minfo[0m] [0m[0mloading settings for project radiance from build.sbt ...[0m
g++ -DNO_STORAGE -Wall -DDEBUG_BUILD  -O3  -o SimulatorObject.o -c SimulatorObject.cpp
[0m[[0m[0minfo[0m] [0m[0mloading settings for project midas_target_utils from build.sbt ...[0m
g++ -DNO_STORAGE -Wall -DDEBUG_BUILD  -O3  -o Transaction.o -c Transaction.cpp
[0m[[0m[0minfo[0m] [0m[0mresolving key references (48737 settings) ...[0m
ar crs libdramsim.a AddressMapping.o Bank.o BankState.o BusPacket.o ClockDomain.o CommandQueue.o IniReader.o MemoryController.o MemorySystem.o MultiChannelMemorySystem.o PrintMacros.o Rank.o SimulatorObject.o Transaction.o
make[1]: Leaving directory '/home/hunter/chipyard/tools/DRAMSim2'
[0m[[0m[0minfo[0m] [0m[0mset current project to chipyardRoot (in build file:/home/hunter/chipyard/)[0m
[0m[[0m[0minfo[0m] [0m[0mset current project to chipyard (in build file:/home/hunter/chipyard/)[0m
[0m[[0m[0minfo[0m] [0m[0mDefining assembly / assemblyOutputPath[0m
[0m[[0m[0minfo[0m] [0m[0mThe new value will be used by assembly[0m
[0m[[0m[0minfo[0m] [0m[0mReapplying settings...[0m
[0m[[0m[0minfo[0m] [0m[0mset current project to chipyard (in build file:/home/hunter/chipyard/)[0m
Warning: Tried to extract the base path for relative glob tools/stage/src/main/scala/**/*.{java,scala}. To disable this warning, re-run the program with java option, -Dsbt.io.implicit.relative.glob.conversion=allow
Warning: Tried to extract the base path for relative glob tools/stage/src/main/scala/**/*.{java,scala}. To disable this warning, re-run the program with java option, -Dsbt.io.implicit.relative.glob.conversion=allow
Warning: Tried to extract the base path for relative glob tools/firrtl2/src/main/java/**/*.{java,scala}. To disable this warning, re-run the program with java option, -Dsbt.io.implicit.relative.glob.conversion=allow
Warning: Tried to extract the base path for relative glob tools/firrtl2/src/main/java/**/*.{java,scala}. To disable this warning, re-run the program with java option, -Dsbt.io.implicit.relative.glob.conversion=allow
[0m[[0m[0minfo[0m] [0m[0mcompiling 7 Scala sources to /home/hunter/chipyard/sims/firesim/sim/midas/targetutils/target/scala-2.13/classes ...[0m
[0m[[0m[33mwarn[0m] [0m[0m/home/hunter/chipyard/sims/firesim/sim/midas/targetutils/src/main/scala/midas/InstrumentationPredication.scala:7:8: Importing from firrtl is deprecated as of Chisel's 3.6.0 release.[0m
[0m[[0m[33mwarn[0m] [0m[0mimport firrtl.annotations.{ReferenceTarget, SingleTargetAnnotation}[0m
[0m[[0m[33mwarn[0m] [0m[0m       ^[0m
[0m[[0m[33mwarn[0m] [0m[0m/home/hunter/chipyard/sims/firesim/sim/midas/targetutils/src/main/scala/midas/annotations.scala:24:8: Importing from firrtl is deprecated as of Chisel's 3.6.0 release.[0m
[0m[[0m[33mwarn[0m] [0m[0mimport firrtl.RenameMap[0m
[0m[[0m[33mwarn[0m] [0m[0m       ^[0m
[0m[[0m[33mwarn[0m] [0m[0m/home/hunter/chipyard/sims/firesim/sim/midas/targetutils/src/main/scala/midas/annotations.scala:25:8: Importing from firrtl is deprecated as of Chisel's 3.6.0 release.[0m
[0m[[0m[33mwarn[0m] [0m[0mimport firrtl.annotations.{[0m
[0m[[0m[33mwarn[0m] [0m[0m       ^[0m
[0m[[0m[33mwarn[0m] [0m[0m/home/hunter/chipyard/sims/firesim/sim/midas/targetutils/src/main/scala/midas/xdc/RAMStyleHint.scala:6:8: Importing from firrtl is deprecated as of Chisel's 3.6.0 release.[0m
[0m[[0m[33mwarn[0m] [0m[0mimport firrtl.annotations.ReferenceTarget[0m
[0m[[0m[33mwarn[0m] [0m[0m       ^[0m
[0m[[0m[33mwarn[0m] [0m[0m/home/hunter/chipyard/sims/firesim/sim/midas/targetutils/src/main/scala/midas/xdc/XDCAnnotation.scala:7:8: Importing from firrtl is deprecated as of Chisel's 3.6.0 release.[0m
[0m[[0m[33mwarn[0m] [0m[0mimport firrtl.RenameMap[0m
[0m[[0m[33mwarn[0m] [0m[0m       ^[0m
[0m[[0m[33mwarn[0m] [0m[0m/home/hunter/chipyard/sims/firesim/sim/midas/targetutils/src/main/scala/midas/xdc/XDCAnnotation.scala:8:8: Importing from firrtl is deprecated as of Chisel's 3.6.0 release.[0m
[0m[[0m[33mwarn[0m] [0m[0mimport firrtl.annotations.{Annotation, HasSerializationHints, NoTargetAnnotation, ReferenceTarget}[0m
[0m[[0m[33mwarn[0m] [0m[0m       ^[0m
[0m[[0m[33mwarn[0m] [0m[0m/home/hunter/chipyard/sims/firesim/sim/midas/targetutils/src/main/scala/midas/InstrumentationPredication.scala:51:5: method apply in object annotate is deprecated (since Chisel 6.7.0): Avoid custom annotations. If you must use annotations, use annotate.apply method that takes Data[0m
[0m[[0m[33mwarn[0m] [0m[0m    annotate(new ChiselAnnotation { def toFirrtl = GlobalResetCondition(condition.toTarget) })[0m
[0m[[0m[33mwarn[0m] [0m[0m    ^[0m
[0m[[0m[33mwarn[0m] [0m[0m/home/hunter/chipyard/sims/firesim/sim/midas/targetutils/src/main/scala/midas/InstrumentationPredication.scala:51:18: trait ChiselAnnotation in package experimental is deprecated (since Chisel 6.7.0): Avoid custom annotations. If you must use annotations, use annotate.apply method that takes Data[0m
[0m[[0m[33mwarn[0m] [0m[0m    annotate(new ChiselAnnotation { def toFirrtl = GlobalResetCondition(condition.toTarget) })[0m
[0m[[0m[33mwarn[0m] [0m[0m                 ^[0m
[0m[[0m[33mwarn[0m] [0m[0m/home/hunter/chipyard/sims/firesim/sim/midas/targetutils/src/main/scala/midas/InstrumentationPredication.scala:59:42: method apply in object annotate is deprecated (since Chisel 6.7.0): Avoid custom annotations. If you must use annotations, use annotate.apply method that takes Data[0m
[0m[[0m[33mwarn[0m] [0m[0m  def sink(target: chisel3.Bool): Unit = annotate(new ChiselAnnotation {[0m
[0m[[0m[33mwarn[0m] [0m[0m                                         ^[0m
[0m[[0m[33mwarn[0m] [0m[0m/home/hunter/chipyard/sims/firesim/sim/midas/targetutils/src/main/scala/midas/InstrumentationPredication.scala:59:55: trait ChiselAnnotation in package experimental is deprecated (since Chisel 6.7.0): Avoid custom annotations. If you must use annotations, use annotate.apply method that takes Data[0m
[0m[[0m[33mwarn[0m] [0m[0m  def sink(target: chisel3.Bool): Unit = annotate(new ChiselAnnotation {[0m
[0m[[0m[33mwarn[0m] [0m[0m                                                      ^[0m
[0m[[0m[33mwarn[0m] [0m[0m/home/hunter/chipyard/sims/firesim/sim/midas/targetutils/src/main/scala/midas/annotations.scala:38:54: trait ChiselAnnotation in package experimental is deprecated (since Chisel 6.7.0): Avoid custom annotations. If you must use annotations, use annotate.apply method that takes Data[0m
[0m[[0m[33mwarn[0m] [0m[0mcase class FpgaDebugAnnotation(target: Data) extends ChiselAnnotation {[0m
[0m[[0m[33mwarn[0m] [0m[0m                                                     ^[0m
[0m[[0m[33mwarn[0m] [0m[0m/home/hunter/chipyard/sims/firesim/sim/midas/targetutils/src/main/scala/midas/annotations.scala:49:24: method apply in object annotate is deprecated (since Chisel 6.7.0): Avoid custom annotations. If you must use annotations, use annotate.apply method that takes Data[0m
[0m[[0m[33mwarn[0m] [0m[0m    targets.map({ t => annotate(FpgaDebugAnnotation(t)) })[0m
[0m[[0m[33mwarn[0m] [0m[0m                       ^[0m
[0m[[0m[33mwarn[0m] [0m[0m/home/hunter/chipyard/sims/firesim/sim/midas/targetutils/src/main/scala/midas/annotations.scala:90:5: method apply in object annotate is deprecated (since Chisel 6.7.0): Avoid custom annotations. If you must use annotations, use annotate.apply method that takes Data[0m
[0m[[0m[33mwarn[0m] [0m[0m    annotate(new ChiselAnnotation {[0m
[0m[[0m[33mwarn[0m] [0m[0m    ^[0m
[0m[[0m[33mwarn[0m] [0m[0m/home/hunter/chipyard/sims/firesim/sim/midas/targetutils/src/main/scala/midas/annotations.scala:90:18: trait ChiselAnnotation in package experimental is deprecated (since Chisel 6.7.0): Avoid custom annotations. If you must use annotations, use annotate.apply method that takes Data[0m
[0m[[0m[33mwarn[0m] [0m[0m    annotate(new ChiselAnnotation {[0m
[0m[[0m[33mwarn[0m] [0m[0m                 ^[0m
[0m[[0m[33mwarn[0m] [0m[0m/home/hunter/chipyard/sims/firesim/sim/midas/targetutils/src/main/scala/midas/annotations.scala:146:60: trait ChiselAnnotation in package experimental is deprecated (since Chisel 6.7.0): Avoid custom annotations. If you must use annotations, use annotate.apply method that takes Data[0m
[0m[[0m[33mwarn[0m] [0m[0mcase class FAMEModelAnnotation(target: BaseModule) extends ChiselAnnotation {[0m
[0m[[0m[33mwarn[0m] [0m[0m                                                           ^[0m
[0m[[0m[33mwarn[0m] [0m[0m/home/hunter/chipyard/sims/firesim/sim/midas/targetutils/src/main/scala/midas/annotations.scala:163:76: trait ChiselAnnotation in package experimental is deprecated (since Chisel 6.7.0): Avoid custom annotations. If you must use annotations, use annotate.apply method that takes Data[0m
[0m[[0m[33mwarn[0m] [0m[0mcase class EnableModelMultiThreadingAnnotation(target: BaseModule) extends ChiselAnnotation {[0m
[0m[[0m[33mwarn[0m] [0m[0m                                                                           ^[0m
[0m[[0m[33mwarn[0m] [0m[0m/home/hunter/chipyard/sims/firesim/sim/midas/targetutils/src/main/scala/midas/annotations.scala:182:70: trait ChiselAnnotation in package experimental is deprecated (since Chisel 6.7.0): Avoid custom annotations. If you must use annotations, use annotate.apply method that takes Data[0m
[0m[[0m[33mwarn[0m] [0m[0mcase class MemModelAnnotation[T <: Data](target: MemBase[T]) extends ChiselAnnotation {[0m
[0m[[0m[33mwarn[0m] [0m[0m                                                                     ^[0m
[0m[[0m[33mwarn[0m] [0m[0m/home/hunter/chipyard/sims/firesim/sim/midas/targetutils/src/main/scala/midas/annotations.scala:195:40: trait ChiselAnnotation in package experimental is deprecated (since Chisel 6.7.0): Avoid custom annotations. If you must use annotations, use annotate.apply method that takes Data[0m
[0m[[0m[33mwarn[0m] [0m[0m  def apply(target: (String, String)): ChiselAnnotation =[0m
[0m[[0m[33mwarn[0m] [0m[0m                                       ^[0m
[0m[[0m[33mwarn[0m] [0m[0m/home/hunter/chipyard/sims/firesim/sim/midas/targetutils/src/main/scala/midas/annotations.scala:196:9: trait ChiselAnnotation in package experimental is deprecated (since Chisel 6.7.0): Avoid custom annotations. If you must use annotations, use annotate.apply method that takes Data[0m
[0m[[0m[33mwarn[0m] [0m[0m    new ChiselAnnotation {[0m
[0m[[0m[33mwarn[0m] [0m[0m        ^[0m
[0m[[0m[33mwarn[0m] [0m[0m/home/hunter/chipyard/sims/firesim/sim/midas/targetutils/src/main/scala/midas/annotations.scala:248:75: trait ChiselAnnotation in package experimental is deprecated (since Chisel 6.7.0): Avoid custom annotations. If you must use annotations, use annotate.apply method that takes Data[0m
[0m[[0m[33mwarn[0m] [0m[0mcase class AutoCounterCoverModuleAnnotation(target: ModuleTarget) extends ChiselAnnotation {[0m
[0m[[0m[33mwarn[0m] [0m[0m                                                                          ^[0m
[0m[[0m[33mwarn[0m] [0m[0m/home/hunter/chipyard/sims/firesim/sim/midas/targetutils/src/main/scala/midas/annotations.scala:264:5: method apply in object annotate is deprecated (since Chisel 6.7.0): Avoid custom annotations. If you must use annotations, use annotate.apply method that takes Data[0m
[0m[[0m[33mwarn[0m] [0m[0m    annotate(new ChiselAnnotation {[0m
[0m[[0m[33mwarn[0m] [0m[0m    ^[0m
[0m[[0m[33mwarn[0m] [0m[0m/home/hunter/chipyard/sims/firesim/sim/midas/targetutils/src/main/scala/midas/annotations.scala:264:18: trait ChiselAnnotation in package experimental is deprecated (since Chisel 6.7.0): Avoid custom annotations. If you must use annotations, use annotate.apply method that takes Data[0m
[0m[[0m[33mwarn[0m] [0m[0m    annotate(new ChiselAnnotation {[0m
[0m[[0m[33mwarn[0m] [0m[0m                 ^[0m
[0m[[0m[33mwarn[0m] [0m[0m/home/hunter/chipyard/sims/firesim/sim/midas/targetutils/src/main/scala/midas/annotations.scala:337:5: method apply in object annotate is deprecated (since Chisel 6.7.0): Avoid custom annotations. If you must use annotations, use annotate.apply method that takes Data[0m
[0m[[0m[33mwarn[0m] [0m[0m    annotate(new ChiselAnnotation {[0m
[0m[[0m[33mwarn[0m] [0m[0m    ^[0m
[0m[[0m[33mwarn[0m] [0m[0m/home/hunter/chipyard/sims/firesim/sim/midas/targetutils/src/main/scala/midas/annotations.scala:337:18: trait ChiselAnnotation in package experimental is deprecated (since Chisel 6.7.0): Avoid custom annotations. If you must use annotations, use annotate.apply method that takes Data[0m
[0m[[0m[33mwarn[0m] [0m[0m    annotate(new ChiselAnnotation {[0m
[0m[[0m[33mwarn[0m] [0m[0m                 ^[0m
[0m[[0m[33mwarn[0m] [0m[0m/home/hunter/chipyard/sims/firesim/sim/midas/targetutils/src/main/scala/midas/annotations.scala:400:5: method apply in object annotate is deprecated (since Chisel 6.7.0): Avoid custom annotations. If you must use annotations, use annotate.apply method that takes Data[0m
[0m[[0m[33mwarn[0m] [0m[0m    annotate(new ChiselAnnotation {[0m
[0m[[0m[33mwarn[0m] [0m[0m    ^[0m
[0m[[0m[33mwarn[0m] [0m[0m/home/hunter/chipyard/sims/firesim/sim/midas/targetutils/src/main/scala/midas/annotations.scala:400:18: trait ChiselAnnotation in package experimental is deprecated (since Chisel 6.7.0): Avoid custom annotations. If you must use annotations, use annotate.apply method that takes Data[0m
[0m[[0m[33mwarn[0m] [0m[0m    annotate(new ChiselAnnotation {[0m
[0m[[0m[33mwarn[0m] [0m[0m                 ^[0m
[0m[[0m[33mwarn[0m] [0m[0m/home/hunter/chipyard/sims/firesim/sim/midas/targetutils/src/main/scala/midas/annotations.scala:462:5: method apply in object annotate is deprecated (since Chisel 6.7.0): Avoid custom annotations. If you must use annotations, use annotate.apply method that takes Data[0m
[0m[[0m[33mwarn[0m] [0m[0m    annotate(new ChiselAnnotation {[0m
[0m[[0m[33mwarn[0m] [0m[0m    ^[0m
[0m[[0m[33mwarn[0m] [0m[0m/home/hunter/chipyard/sims/firesim/sim/midas/targetutils/src/main/scala/midas/annotations.scala:462:18: trait ChiselAnnotation in package experimental is deprecated (since Chisel 6.7.0): Avoid custom annotations. If you must use annotations, use annotate.apply method that takes Data[0m
[0m[[0m[33mwarn[0m] [0m[0m    annotate(new ChiselAnnotation {[0m
[0m[[0m[33mwarn[0m] [0m[0m                 ^[0m
[0m[[0m[33mwarn[0m] [0m[0m/home/hunter/chipyard/sims/firesim/sim/midas/targetutils/src/main/scala/midas/annotations.scala:510:5: method apply in object annotate is deprecated (since Chisel 6.7.0): Avoid custom annotations. If you must use annotations, use annotate.apply method that takes Data[0m
[0m[[0m[33mwarn[0m] [0m[0m    annotate(new ChiselAnnotation {[0m
[0m[[0m[33mwarn[0m] [0m[0m    ^[0m
[0m[[0m[33mwarn[0m] [0m[0m/home/hunter/chipyard/sims/firesim/sim/midas/targetutils/src/main/scala/midas/annotations.scala:510:18: trait ChiselAnnotation in package experimental is deprecated (since Chisel 6.7.0): Avoid custom annotations. If you must use annotations, use annotate.apply method that takes Data[0m
[0m[[0m[33mwarn[0m] [0m[0m    annotate(new ChiselAnnotation {[0m
[0m[[0m[33mwarn[0m] [0m[0m                 ^[0m
[0m[[0m[33mwarn[0m] [0m[0m/home/hunter/chipyard/sims/firesim/sim/midas/targetutils/src/main/scala/midas/xdc/QSFPPortLocHint.scala:23:26: method apply in object annotate is deprecated (since Chisel 6.7.0): Avoid custom annotations. If you must use annotations, use annotate.apply method that takes Data[0m
[0m[[0m[33mwarn[0m] [0m[0m    chisel3.experimental.annotate(new ChiselAnnotation {[0m
[0m[[0m[33mwarn[0m] [0m[0m                         ^[0m
[0m[[0m[33mwarn[0m] [0m[0m/home/hunter/chipyard/sims/firesim/sim/midas/targetutils/src/main/scala/midas/xdc/QSFPPortLocHint.scala:23:39: trait ChiselAnnotation in package experimental is deprecated (since Chisel 6.7.0): Avoid custom annotations. If you must use annotations, use annotate.apply method that takes Data[0m
[0m[[0m[33mwarn[0m] [0m[0m    chisel3.experimental.annotate(new ChiselAnnotation {[0m
[0m[[0m[33mwarn[0m] [0m[0m                                      ^[0m
[0m[[0m[33mwarn[0m] [0m[0m/home/hunter/chipyard/sims/firesim/sim/midas/targetutils/src/main/scala/midas/xdc/RAMStyleHint.scala:51:26: method apply in object annotate is deprecated (since Chisel 6.7.0): Avoid custom annotations. If you must use annotations, use annotate.apply method that takes Data[0m
[0m[[0m[33mwarn[0m] [0m[0m    chisel3.experimental.annotate(new ChiselAnnotation {[0m
[0m[[0m[33mwarn[0m] [0m[0m                         ^[0m
[0m[[0m[33mwarn[0m] [0m[0m/home/hunter/chipyard/sims/firesim/sim/midas/targetutils/src/main/scala/midas/xdc/RAMStyleHint.scala:51:39: trait ChiselAnnotation in package experimental is deprecated (since Chisel 6.7.0): Avoid custom annotations. If you must use annotations, use annotate.apply method that takes Data[0m
[0m[[0m[33mwarn[0m] [0m[0m    chisel3.experimental.annotate(new ChiselAnnotation {[0m
[0m[[0m[33mwarn[0m] [0m[0m                                      ^[0m
[0m[[0m[33mwarn[0m] [0m[0m/home/hunter/chipyard/sims/firesim/sim/midas/targetutils/src/main/scala/midas/xdc/XDCAnnotation.scala:89:26: method apply in object annotate is deprecated (since Chisel 6.7.0): Avoid custom annotations. If you must use annotations, use annotate.apply method that takes Data[0m
[0m[[0m[33mwarn[0m] [0m[0m    chisel3.experimental.annotate(new ChiselAnnotation {[0m
[0m[[0m[33mwarn[0m] [0m[0m                         ^[0m
[0m[[0m[33mwarn[0m] [0m[0m/home/hunter/chipyard/sims/firesim/sim/midas/targetutils/src/main/scala/midas/xdc/XDCAnnotation.scala:89:39: trait ChiselAnnotation in package experimental is deprecated (since Chisel 6.7.0): Avoid custom annotations. If you must use annotations, use annotate.apply method that takes Data[0m
[0m[[0m[33mwarn[0m] [0m[0m    chisel3.experimental.annotate(new ChiselAnnotation {[0m
[0m[[0m[33mwarn[0m] [0m[0m                                      ^[0m
[0m[[0m[33mwarn[0m] [0m[0m/home/hunter/chipyard/sims/firesim/sim/midas/targetutils/src/main/scala/midas/xdc/XDCAnnotation.scala:105:26: method apply in object annotate is deprecated (since Chisel 6.7.0): Avoid custom annotations. If you must use annotations, use annotate.apply method that takes Data[0m
[0m[[0m[33mwarn[0m] [0m[0m    chisel3.experimental.annotate(new ChiselAnnotation {[0m
[0m[[0m[33mwarn[0m] [0m[0m                         ^[0m
[0m[[0m[33mwarn[0m] [0m[0m/home/hunter/chipyard/sims/firesim/sim/midas/targetutils/src/main/scala/midas/xdc/XDCAnnotation.scala:105:39: trait ChiselAnnotation in package experimental is deprecated (since Chisel 6.7.0): Avoid custom annotations. If you must use annotations, use annotate.apply method that takes Data[0m
[0m[[0m[33mwarn[0m] [0m[0m    chisel3.experimental.annotate(new ChiselAnnotation {[0m
[0m[[0m[33mwarn[0m] [0m[0m                                      ^[0m
[0m[[0m[33mwarn[0m] [0m[0m2 feature warnings; re-run with -feature for details[0m
[0m[[0m[33mwarn[0m] [0m[0m39 warnings found[0m
[0m[[0m[0minfo[0m] [0m[0mdone compiling[0m
[0m[[0m[33mwarn[0m] [0m[0mmultiple main classes detected: run 'show discoveredMainClasses' to see the list[0m
[0m[[0m[0minfo[0m] [0m[0m78 file(s) merged using strategy 'Rename' (Run the task at debug level to see the details)[0m
[0m[[0m[0minfo[0m] [0m[0m68 file(s) merged using strategy 'Rename (Custom)' (Run the task at debug level to see the details)[0m
[0m[[0m[0minfo[0m] [0m[0m391 file(s) merged using strategy 'Discard' (Run the task at debug level to see the details)[0m
[0m[[0m[0minfo[0m] [0m[0mBuilt: /home/hunter/chipyard/.classpath_cache/chipyard.jar[0m
[0m[[0m[0minfo[0m] [0m[0mJar hash: 52c8bb52c1e71bd2ea4de736d9e2c11154b5ff52[0m
[0m[[0m[32msuccess[0m] [0m[0mTotal time: 44 s, completed Oct 6, 2026, 12:21:53 AM[0m
[0Jmkdir -p /home/hunter/chipyard/sims/verilator/generated-src/chipyard.harness.TestHarness.GemminiRocketConfig
mkdir -p /home/hunter/chipyard/.classpath_cache/
cd /home/hunter/chipyard && java -jar /home/hunter/chipyard/scripts/sbt-launch.jar -Dsbt.ivy.home=/home/hunter/chipyard/.ivy2 -Dsbt.global.base=/home/hunter/chipyard/.sbt -Dsbt.boot.directory=/home/hunter/chipyard/.sbt/boot/ -Dsbt.color=always -Dsbt.supershell=false -Dsbt.server.forcestart=true ";project tapeout; set assembly / assemblyOutputPath := file(\"/home/hunter/chipyard/.classpath_cache/tapeout.jar\"); assembly" && touch /home/hunter/chipyard/.classpath_cache/tapeout.jar
(set -o pipefail && 	cd /home/hunter/chipyard && java -cp /home/hunter/chipyard/.classpath_cache/chipyard.jar chipyard.Generator  --target-dir /home/hunter/chipyard/sims/verilator/generated-src/chipyard.harness.TestHarness.GemminiRocketConfig --name chipyard.harness.TestHarness.GemminiRocketConfig --top-module chipyard.harness.TestHarness --legacy-configs chipyard:GemminiRocketConfig   | tee /home/hunter/chipyard/sims/verilator/generated-src/chipyard.harness.TestHarness.GemminiRocketConfig/chipyard.harness.TestHarness.GemminiRocketConfig.chisel.log)
Picked up JAVA_TOOL_OPTIONS: -Xmx8G -Xss8M -Djava.io.tmpdir=/home/hunter/chipyard/.java_tmp
Picked up JAVA_TOOL_OPTIONS: -Xmx8G -Xss8M -Djava.io.tmpdir=/home/hunter/chipyard/.java_tmp
[0m[[0m[0minfo[0m] [0m[0mwelcome to sbt 1.8.2 (N/A Java 20.0.2-internal)[0m
[0m[[0m[0minfo[0m] [0m[0mloading settings for project chipyard-build from plugins.sbt ...[0m
(3,List(UInt<7>(123)))
unified shared memory size: 4096x16x4
[0m[[0m[0minfo[0m] [0m[0mloading project definition from /home/hunter/chipyard/project[0m
[0m[[0m[0minfo[0m] [0m[0mloading settings for project chipyardRoot from build.sbt ...[0m
[0m[[0m[0minfo[0m] [0m[0mloading settings for project barf from build.sbt ...[0m
[0m[[0m[0minfo[0m] [0m[0mloading settings for project constellation from build.sbt ...[0m
[0m[[0m[0minfo[0m] [0m[0mloading settings for project icenet from build.sbt ...[0m
[0m[[0m[0minfo[0m] [0m[0mloading settings for project cva6 from build.sbt ...[0m
[0m[[0m[0minfo[0m] [0m[0mloading settings for project ibex from build.sbt ...[0m
[0m[[0m[0minfo[0m] [0m[0mloading settings for project sodor from build.sbt ...[0m
[0m[[0m[0minfo[0m] [0m[0mloading settings for project radiance from build.sbt ...[0m
[0m[[0m[0minfo[0m] [0m[0mloading settings for project midas_target_utils from build.sbt ...[0m
[0m[[0m[0minfo[0m] [0m[0mresolving key references (48737 settings) ...[0m
L2 InclusiveCache Client Map:
	0 <= debug
	1 <= serial_tl_0_0
	2 <= serial_tl_0_1
	3 <= serial_tl_0_2
	4 <= serial_tl_0_3
	5 <= stream-reader
	6 <= stream-writer
	7 <= Core 0 DCache
	8 <= Core 0 ICache

[0m[[0m[0minfo[0m] [0m[0mset current project to chipyardRoot (in build file:/home/hunter/chipyard/)[0m
[0m[[0m[0minfo[0m] [0m[0mset current project to tapeout (in build file:/home/hunter/chipyard/)[0m
[0m[[0m[0minfo[0m] [0m[0mDefining assembly / assemblyOutputPath[0m
[0m[[0m[0minfo[0m] [0m[0mThe new value will be used by assembly[0m
[0m[[0m[0minfo[0m] [0m[0mReapplying settings...[0m
Interrupt map (2 harts 1 interrupts):
  [1, 1] => uart_0

<stdin>:82.18-87.5: Warning (simple_bus_reg): /soc/cbus_clock: missing or empty reg/ranges property
<stdin>:109.18-114.5: Warning (simple_bus_reg): /soc/fbus_clock: missing or empty reg/ranges property
<stdin>:125.18-130.5: Warning (simple_bus_reg): /soc/mbus_clock: missing or empty reg/ranges property
<stdin>:131.18-136.5: Warning (simple_bus_reg): /soc/pbus_clock: missing or empty reg/ranges property
<stdin>:142.18-147.5: Warning (simple_bus_reg): /soc/sbus_clock: missing or empty reg/ranges property
[31m

!!!!!!!!!!!!!!!!!!!!!!!!!!!!!!!!!!!!!!!!!!!!!!!!!!

WARNING: YOU ARE USING A DEADLOCKING DECOUPLED
SERIAL PHY. THIS SHOULD ONLY BE USED IF YOU ARE
CERTAIN THIS LINK WILL NOT BE HEAVILY LOADED.

USE CreditedSourceSyncSerialPhyParams INSTEAD IF
DEADLOCK-FREEDOM IS NECESSARY.

!!!!!!!!!!!!!!!!!!!!!!!!!!!!!!!!!!!!!!!!!!!!!!!!!!

[0m
Clock sbus_0: using diplomatically specified frequency of 500.0.
Clock pbus_0: using diplomatically specified frequency of 500.0.
Clock fbus_0: using diplomatically specified frequency of 500.0.
Clock mbus_0: using diplomatically specified frequency of 500.0.
Clock cbus_0: using diplomatically specified frequency of 500.0.
Leaving clock group uncore with synchronous reset
/dts-v1/;

/ {
	#address-cells = <1>;
	#size-cells = <1>;
	compatible = "ucb-bar,chipyard-dev";
	model = "ucb-bar,chipyard";
	L3: aliases {
		serial0 = &L26;
	};
	L18: chosen {
		stdout-path = &L26;
	};
	L2: cpus {
		#address-cells = <1>;
		#size-cells = <0>;
		timebase-frequency = <500000>;
		L13: cpu@0 {
			clock-frequency = <0>;
			compatible = "sifive,rocket0", "riscv";
			d-cache-block-size = <64>;
			d-cache-sets = <64>;
			d-cache-size = <32768>;
			d-tlb-sets = <1>;
			d-tlb-size = <32>;
			device_type = "cpu";
			hardware-exec-breakpoint-count = <1>;
			i-cache-block-size = <64>;
			i-cache-sets = <64>;
			i-cache-size = <32768>;
			i-tlb-sets = <1>;
			i-tlb-size = <32>;
			mmu-type = "riscv,sv39";
			next-level-cache = <&L10>;
			reg = <0x0>;
			riscv,isa = "rv64imafdcbzicsr_zifencei_zihpm_zfh_zba_zbb_zbs_xrocket";
			riscv,pmpgranularity = <4>;
			riscv,pmpregions = <8>;
			status = "okay";
			timebase-frequency = <500000>;
			tlb-split;
			L11: interrupt-controller {
				#interrupt-cells = <1>;
				compatible = "riscv,cpu-intc";
				interrupt-controller;
			};
		};
	};
	L29: htif {
		compatible = "ucb,htif0";
	};
	L24: memory@8000000 {
		device_type = "memory";
		reg = <0x8000000 0x10000>;
		status = "disabled";
	};
	L21: memory@80000000 {
		device_type = "memory";
		reg = <0x80000000 0x10000000>;
	};
	L1: soc {
		#address-cells = <1>;
		#size-cells = <1>;
		compatible = "ucb-bar,chipyard-soc", "simple-bus";
		ranges;
		L25: boot-address-reg@1000 {
			reg = <0x1000 0x1000>;
			reg-names = "control";
		};
		L10: cache-controller@2010000 {
			cache-block-size = <64>;
			cache-level = <2>;
			cache-sets = <1024>;
			cache-size = <524288>;
			cache-unified;
			compatible = "sifive,inclusivecache0", "cache";
			next-level-cache = <&L21 &L24>;
			reg = <0x2010000 0x1000>;
			reg-names = "control";
			sifive,mshr-count = <12>;
		};
		L7: cbus_clock {
			#clock-cells = <0>;
			clock-frequency = <500000000>;
			clock-output-names = "cbus_clock";
			compatible = "fixed-clock";
		};
		L14: clint@2000000 {
			compatible = "riscv,clint0";
			interrupts-extended = <&L11 3 &L11 7>;
			reg = <0x2000000 0x10000>;
			reg-names = "control";
		};
		L27: clock-gater@100000 {
			reg = <0x100000 0x1000>;
			reg-names = "control";
		};
		L16: debug-controller@0 {
			compatible = "sifive,debug-013", "riscv,debug-013";
			debug-attach = "jtag";
			interrupts-extended = <&L11 65535>;
			reg = <0x0 0x1000>;
			reg-names = "control";
		};
		L8: error-device@3000 {
			compatible = "sifive,error0";
			reg = <0x3000 0x1000>;
		};
		L6: fbus_clock {
			#clock-cells = <0>;
			clock-frequency = <500000000>;
			clock-output-names = "fbus_clock";
			compatible = "fixed-clock";
		};
		L15: interrupt-controller@c000000 {
			#interrupt-cells = <1>;
			compatible = "riscv,plic0";
			interrupt-controller;
			interrupts-extended = <&L11 11 &L11 9>;
			reg = <0xc000000 0x4000000>;
			reg-names = "control";
			riscv,max-priority = <1>;
			riscv,ndev = <1>;
		};
		L9: mbus_clock {
			#clock-cells = <0>;
			clock-frequency = <500000000>;
			clock-output-names = "mbus_clock";
			compatible = "fixed-clock";
		};
		L5: pbus_clock {
			#clock-cells = <0>;
			clock-frequency = <500000000>;
			clock-output-names = "pbus_clock";
			compatible = "fixed-clock";
		};
		L23: rom@10000 {
			compatible = "sifive,rom0";
			reg = <0x10000 0x10000>;
			reg-names = "mem";
		};
		L4: sbus_clock {
			#clock-cells = <0>;
			clock-frequency = <500000000>;
			clock-output-names = "sbus_clock";
			compatible = "fixed-clock";
		};
		L26: serial@10020000 {
			clocks = <&L5>;
			compatible = "sifive,uart0";
			interrupt-parent = <&L15>;
			interrupts = <1>;
			reg = <0x10020000 0x1000>;
			reg-names = "control";
		};
		L28: tile-reset-setter@110000 {
			reg = <0x110000 0x1000>;
			reg-names = "control";
		};
	};
};

Generated Address Map
	       0 -     1000 ARWX  debug-controller@0
	    1000 -     2000 ARW   boot-address-reg@1000
	    3000 -     4000 ARWX  error-device@3000
	   10000 -    20000  R X  rom@10000
	  100000 -   101000 ARW   clock-gater@100000
	  110000 -   111000 ARW   tile-reset-setter@110000
	 2000000 -  2010000 ARW   clint@2000000
	 2010000 -  2011000 ARW   cache-controller@2010000
	 8000000 -  8010000 ARWXC memory@8000000
	 c000000 - 10000000 ARW   interrupt-controller@c000000
	10020000 - 10021000 ARW   serial@10020000
	80000000 - 90000000 ARWXC memory@80000000

[0m[[0m[0minfo[0m] [0m[0mset current project to tapeout (in build file:/home/hunter/chipyard/)[0m
IOCells generated by IOBinders:
  IOBinder for interface sifive.blocks.devices.uart.HasPeripheryUART generated:
    1 X GenericDigitalInIOCell
    1 X GenericDigitalOutIOCell
  IOBinder for interface testchipip.boot.CanHavePeripheryCustomBootPin generated:
    1 X GenericDigitalInIOCell
  IOBinder for interface freechips.rocketchip.devices.debug.HasPeripheryDebug generated:
    4 X GenericDigitalInIOCell
    1 X GenericDigitalOutIOCell
  IOBinder for interface chipyard.clocking.CanHaveClockTap generated:
    1 X GenericDigitalOutIOCell
  IOBinder for interface testchipip.serdes.CanHavePeripheryTLSerial generated:
    35 X GenericDigitalInIOCell
    34 X GenericDigitalOutIOCell

  Total generated 78 IOCells:
    41 X GenericDigitalInIOCell
    37 X GenericDigitalOutIOCell
[31m

!!!!!!!!!!!!!!!!!!!!!!!!!!!!!!!!!!!!!!!!!!!!!!!!!!

WARNING: YOU ARE USING A DEADLOCKING DECOUPLED
SERIAL PHY. THIS SHOULD ONLY BE USED IF YOU ARE
CERTAIN THIS LINK WILL NOT BE HEAVILY LOADED.

USE CreditedSourceSyncSerialPhyParams INSTEAD IF
DEADLOCK-FREEDOM IS NECESSARY.

!!!!!!!!!!!!!!!!!!!!!!!!!!!!!!!!!!!!!!!!!!!!!!!!!!

[0m
Harness binder clock is 100.0
[warn] generators/gemmini/src/main/scala/gemmini/DMA.scala 483:39: [W004] Dynamic index with width 7 is too wide for Vec of size 4 (expected index width 2).
[warn]     val write_mask = write_packet.mask(beatsSent)
[warn]                                       ^
[warn] generators/gemmini/src/main/scala/gemmini/DMA.scala 486:70: [W004] Dynamic index with width 7 is too wide for Vec of size 4 (expected index width 2).
[warn]     val bytes_written_this_beat = write_packet.bytes_written_per_beat(beatsSent)
[warn]                                                                      ^
[warn] generators/gemmini/src/main/scala/gemmini/DMA.scala 609:18: [W004] Dynamic index with width 8 is too wide for Vec of size 4 (expected index width 2).
[warn]       data_blocks(io.req.bits.block) := io.req.bits.data
[warn]                  ^
[warn] generators/gemmini/src/main/scala/gemmini/CounterFile.scala 178:49: [W004] Dynamic index with width 7 is too wide for Vec of size 8 (expected index width 3).
[warn]       val external = io.event_io.external_values(config)
[warn]                                                 ^
[warn] generators/gemmini/src/main/scala/gemmini/CounterFile.scala 209:37: [W004] Dynamic index with width 7 is too wide for Vec of size 45 (expected index width 6).
[warn]       when (io.event_io.event_signal(config)) {
[warn]                                     ^
[warn] generators/gemmini/src/main/scala/gemmini/ReservationStation.scala 498:37: [W004] Dynamic index with width 4 is too wide for Vec of size 8 (expected index width 3).
[warn]       entries.foreach(_.bits.deps_ld(issue_id) := false.B)
[warn]                                     ^
[warn] generators/gemmini/src/main/scala/gemmini/ReservationStation.scala 499:17: [W004] Dynamic index with width 4 is too wide for Vec of size 8 (expected index width 3).
[warn]       entries_ld(issue_id).valid := false.B
[warn]                 ^
[warn] generators/gemmini/src/main/scala/gemmini/ReservationStation.scala 501:38: [W004] Dynamic index with width 4 is too wide for Vec of size 8 (expected index width 3).
[warn]       conv_ld_completed := entries_ld(issue_id).bits.cmd.from_conv_fsm
[warn]                                      ^
[warn] generators/gemmini/src/main/scala/gemmini/ReservationStation.scala 502:40: [W004] Dynamic index with width 4 is too wide for Vec of size 8 (expected index width 3).
[warn]       matmul_ld_completed := entries_ld(issue_id).bits.cmd.from_matmul_fsm
[warn]                                        ^
[warn] generators/gemmini/src/main/scala/gemmini/ReservationStation.scala 504:24: [W004] Dynamic index with width 4 is too wide for Vec of size 8 (expected index width 3).
[warn]       assert(entries_ld(issue_id).valid)
[warn]                        ^
[warn] generators/gemmini/src/main/scala/gemmini/ReservationStation.scala 514:37: [W004] Dynamic index with width 4 is too wide for Vec of size 4 (expected index width 2).
[warn]       entries.foreach(_.bits.deps_st(issue_id) := false.B)
[warn]                                     ^
[warn] generators/gemmini/src/main/scala/gemmini/ReservationStation.scala 515:17: [W004] Dynamic index with width 4 is too wide for Vec of size 4 (expected index width 2).
[warn]       entries_st(issue_id).valid := false.B
[warn]                 ^
[warn] generators/gemmini/src/main/scala/gemmini/ReservationStation.scala 517:38: [W004] Dynamic index with width 4 is too wide for Vec of size 4 (expected index width 2).
[warn]       conv_st_completed := entries_st(issue_id).bits.cmd.from_conv_fsm
[warn]                                      ^
[warn] generators/gemmini/src/main/scala/gemmini/ReservationStation.scala 518:40: [W004] Dynamic index with width 4 is too wide for Vec of size 4 (expected index width 2).
[warn]       matmul_st_completed := entries_st(issue_id).bits.cmd.from_matmul_fsm
[warn]                                        ^
[warn] generators/gemmini/src/main/scala/gemmini/ReservationStation.scala 520:24: [W004] Dynamic index with width 4 is too wide for Vec of size 4 (expected index width 2).
[warn]       assert(entries_st(issue_id).valid)
[warn]                        ^
[warn] generators/gemmini/src/main/scala/gemmini/LoopMatmul.scala 589:55: [W004] Dynamic index with width 16 is too wide for Vec of size 3 (expected index width 2).
[warn]     Mux(req.act === Activation.LAYERNORM, ln_norm_cmds(ln_cmd)(1), sm_norm_cmds(ln_cmd)(1)),
[warn]                                                       ^
[warn] generators/gemmini/src/main/scala/gemmini/LoopMatmul.scala 589:80: [W004] Dynamic index with width 16 is too wide for Vec of size 3 (expected index width 2).
[warn]     Mux(req.act === Activation.LAYERNORM, ln_norm_cmds(ln_cmd)(1), sm_norm_cmds(ln_cmd)(1)),
[warn]                                                                                ^
[warn] generators/gemmini/src/main/scala/gemmini/LoopMatmul.scala 590:55: [W004] Dynamic index with width 16 is too wide for Vec of size 3 (expected index width 2).
[warn]     Mux(req.act === Activation.LAYERNORM, ln_norm_cmds(ln_cmd)(0), sm_norm_cmds(ln_cmd)(0)))
[warn]                                                       ^
[warn] generators/gemmini/src/main/scala/gemmini/LoopMatmul.scala 590:80: [W004] Dynamic index with width 16 is too wide for Vec of size 3 (expected index width 2).
[warn]     Mux(req.act === Activation.LAYERNORM, ln_norm_cmds(ln_cmd)(0), sm_norm_cmds(ln_cmd)(0)))
[warn]                                                                                ^
[warn] generators/gemmini/src/main/scala/gemmini/ExecuteController.scala 141:27: [W005] Dynamic index with width 1 is too narrow for Vec of size 3 (expected index width 2).
[warn]   val d_address_rs1 = rs1s(preload_cmd_place).asTypeOf(local_addr_t)
[warn]                           ^
[warn] generators/gemmini/src/main/scala/gemmini/ExecuteController.scala 142:27: [W005] Dynamic index with width 1 is too narrow for Vec of size 3 (expected index width 2).
[warn]   val c_address_rs2 = rs2s(preload_cmd_place).asTypeOf(local_addr_t)
[warn]                           ^
[warn] generators/gemmini/src/main/scala/gemmini/ExecuteController.scala 158:28: [W005] Dynamic index with width 1 is too narrow for Vec of size 3 (expected index width 2).
[warn]   val d_cols_default = rs1s(preload_cmd_place)(32 + log2Up(block_size + 1) - 1, 32) // TODO magic numbers
[warn]                            ^
[warn] generators/gemmini/src/main/scala/gemmini/ExecuteController.scala 159:28: [W005] Dynamic index with width 1 is too narrow for Vec of size 3 (expected index width 2).
[warn]   val d_rows_default = rs1s(preload_cmd_place)(48 + log2Up(block_size + 1) - 1, 48) // TODO magic numbers
[warn]                            ^
[warn] generators/gemmini/src/main/scala/gemmini/ExecuteController.scala 167:20: [W005] Dynamic index with width 1 is too narrow for Vec of size 3 (expected index width 2).
[warn]   val c_cols = rs2s(preload_cmd_place)(32 + log2Up(block_size + 1) - 1, 32) // TODO magic numbers
[warn]                    ^
[warn] generators/gemmini/src/main/scala/gemmini/ExecuteController.scala 168:20: [W005] Dynamic index with width 1 is too narrow for Vec of size 3 (expected index width 2).
[warn]   val c_rows = rs2s(preload_cmd_place)(48 + log2Up(block_size + 1) - 1, 48) // TODO magic numbers
[warn]                    ^
[warn] generators/gemmini/src/main/scala/gemmini/ExecuteController.scala 793:58: [W005] Dynamic index with width 1 is too narrow for Vec of size 3 (expected index width 2).
[warn]   mesh_cntl_signals_q.io.enq.bits.rob_id.bits := cmd.bits(preload_cmd_place).rob_id.bits
[warn]                                                          ^
[warn] There were 26 warning(s) during hardware elaboration.
[0m[[0m[0minfo[0m] [0m[0m4 file(s) merged using strategy 'Rename' (Run the task at debug level to see the details)[0m
[0m[[0m[0minfo[0m] [0m[0m185 file(s) merged using strategy 'Rename (Custom)' (Run the task at debug level to see the details)[0m
[0m[[0m[0minfo[0m] [0m[0m331 file(s) merged using strategy 'Discard' (Run the task at debug level to see the details)[0m
[0m[[0m[0minfo[0m] [0m[0mBuilt: /home/hunter/chipyard/.classpath_cache/tapeout.jar[0m
[0m[[0m[0minfo[0m] [0m[0mJar hash: e31902f82487f8c633feb93f5433099c1e47a98e[0m
[0m[[0m[32msuccess[0m] [0m[0mTotal time: 4 s, completed Oct 6, 2026, 12:22:08 AM[0m
[0Jecho "$mfc_extra_anno_contents" > /home/hunter/chipyard/sims/verilator/generated-src/chipyard.harness.TestHarness.GemminiRocketConfig/chipyard.harness.TestHarness.GemminiRocketConfig.extrafirtool.anno.json
jq -s '[.[][]]' /home/hunter/chipyard/sims/verilator/generated-src/chipyard.harness.TestHarness.GemminiRocketConfig/chipyard.harness.TestHarness.GemminiRocketConfig.anno.json /home/hunter/chipyard/sims/verilator/generated-src/chipyard.harness.TestHarness.GemminiRocketConfig/chipyard.harness.TestHarness.GemminiRocketConfig.extrafirtool.anno.json > /home/hunter/chipyard/sims/verilator/generated-src/chipyard.harness.TestHarness.GemminiRocketConfig/chipyard.harness.TestHarness.GemminiRocketConfig.appended.anno.json
rm -rf /home/hunter/chipyard/sims/verilator/generated-src/chipyard.harness.TestHarness.GemminiRocketConfig/gen-collateral
(set -o pipefail && firtool \
		--format=fir \
		--export-module-hierarchy \
		--verify-each=true \
		--warn-on-unprocessed-annotations \
		--disable-annotation-classless \
		--disable-annotation-unknown \
		--mlir-timing \
		--lowering-options=emittedLineLength=2048,noAlwaysComb,disallowLocalVariables,verifLabels,disallowPortDeclSharing,locationInfoStyle=wrapInAtSquareBracket \
		--repl-seq-mem \
		--repl-seq-mem-file=/home/hunter/chipyard/sims/verilator/generated-src/chipyard.harness.TestHarness.GemminiRocketConfig/chipyard.harness.TestHarness.GemminiRocketConfig.mems.conf \
		--annotation-file=/home/hunter/chipyard/sims/verilator/generated-src/chipyard.harness.TestHarness.GemminiRocketConfig/chipyard.harness.TestHarness.GemminiRocketConfig.appended.anno.json \
		--split-verilog \
		 \
		-o /home/hunter/chipyard/sims/verilator/generated-src/chipyard.harness.TestHarness.GemminiRocketConfig/gen-collateral \
		/home/hunter/chipyard/sims/verilator/generated-src/chipyard.harness.TestHarness.GemminiRocketConfig/chipyard.harness.TestHarness.GemminiRocketConfig.fir |& tee /home/hunter/chipyard/sims/verilator/generated-src/chipyard.harness.TestHarness.GemminiRocketConfig/chipyard.harness.TestHarness.GemminiRocketConfig.firtool.log)
generators/rocket-chip/src/main/scala/tilelink/Monitor.scala:35:7: warning: module contains 114 printf-encoded verification operation(s), which are deprecated and will be removed in the future
generators/rocket-chip/src/main/scala/tilelink/Monitor.scala:44:11: note: example printf here, will just be a printf in the future
generators/rocket-chip/src/main/scala/tilelink/Monitor.scala:35:7: note: For more information, see https://github.com/llvm/circt/issues/6970
generators/rocket-chip/src/main/scala/tilelink/Monitor.scala:35:7: warning: module contains 114 printf-encoded verification operation(s), which are deprecated and will be removed in the future
generators/rocket-chip/src/main/scala/tilelink/Monitor.scala:44:11: note: example printf here, will just be a printf in the future
generators/rocket-chip/src/main/scala/tilelink/Monitor.scala:35:7: note: For more information, see https://github.com/llvm/circt/issues/6970
generators/rocket-chip/src/main/scala/tilelink/Monitor.scala:35:7: warning: module contains 210 printf-encoded verification operation(s), which are deprecated and will be removed in the future
generators/rocket-chip/src/main/scala/tilelink/Monitor.scala:44:11: note: example printf here, will just be a printf in the future
generators/rocket-chip/src/main/scala/tilelink/Monitor.scala:35:7: note: For more information, see https://github.com/llvm/circt/issues/6970
generators/rocket-chip/src/main/scala/tilelink/Xbar.scala:74:9: warning: module contains 15 printf-encoded verification operation(s), which are deprecated and will be removed in the future
generators/rocket-chip/src/main/scala/tilelink/Arbiter.scala:22:12: note: example printf here, will just be a printf in the future
generators/rocket-chip/src/main/scala/tilelink/Xbar.scala:74:9: note: For more information, see https://github.com/llvm/circt/issues/6970
generators/rocket-chip/src/main/scala/tilelink/Monitor.scala:35:7: warning: module contains 114 printf-encoded verification operation(s), which are deprecated and will be removed in the future
generators/rocket-chip/src/main/scala/tilelink/Monitor.scala:44:11: note: example printf here, will just be a printf in the future
generators/rocket-chip/src/main/scala/tilelink/Monitor.scala:35:7: note: For more information, see https://github.com/llvm/circt/issues/6970
generators/rocket-chip/src/main/scala/tilelink/Monitor.scala:35:7: warning: module contains 114 printf-encoded verification operation(s), which are deprecated and will be removed in the future
generators/rocket-chip/src/main/scala/tilelink/Monitor.scala:44:11: note: example printf here, will just be a printf in the future
generators/rocket-chip/src/main/scala/tilelink/Monitor.scala:35:7: note: For more information, see https://github.com/llvm/circt/issues/6970
generators/rocket-chip/src/main/scala/tilelink/Monitor.scala:35:7: warning: module contains 112 printf-encoded verification operation(s), which are deprecated and will be removed in the future
generators/rocket-chip/src/main/scala/tilelink/Monitor.scala:44:11: note: example printf here, will just be a printf in the future
generators/rocket-chip/src/main/scala/tilelink/Monitor.scala:35:7: note: For more information, see https://github.com/llvm/circt/issues/6970
generators/rocket-chip/src/main/scala/tilelink/Xbar.scala:74:9: warning: module contains 3 printf-encoded verification operation(s), which are deprecated and will be removed in the future
generators/rocket-chip/src/main/scala/tilelink/Arbiter.scala:22:12: note: example printf here, will just be a printf in the future
generators/rocket-chip/src/main/scala/tilelink/Xbar.scala:74:9: note: For more information, see https://github.com/llvm/circt/issues/6970
generators/rocket-chip/src/main/scala/tilelink/Monitor.scala:35:7: warning: module contains 114 printf-encoded verification operation(s), which are deprecated and will be removed in the future
generators/rocket-chip/src/main/scala/tilelink/Monitor.scala:44:11: note: example printf here, will just be a printf in the future
generators/rocket-chip/src/main/scala/tilelink/Monitor.scala:35:7: note: For more information, see https://github.com/llvm/circt/issues/6970
generators/rocket-chip/src/main/scala/tilelink/Monitor.scala:35:7: warning: module contains 114 printf-encoded verification operation(s), which are deprecated and will be removed in the future
generators/rocket-chip/src/main/scala/tilelink/Monitor.scala:44:11: note: example printf here, will just be a printf in the future
generators/rocket-chip/src/main/scala/tilelink/Monitor.scala:35:7: note: For more information, see https://github.com/llvm/circt/issues/6970
generators/rocket-chip/src/main/scala/tilelink/AtomicAutomata.scala:36:9: warning: module contains 2 printf-encoded verification operation(s), which are deprecated and will be removed in the future
generators/rocket-chip/src/main/scala/tilelink/Arbiter.scala:77:13: note: example printf here, will just be a printf in the future
generators/rocket-chip/src/main/scala/tilelink/AtomicAutomata.scala:36:9: note: For more information, see https://github.com/llvm/circt/issues/6970
generators/rocket-chip/src/main/scala/tilelink/Monitor.scala:35:7: warning: module contains 114 printf-encoded verification operation(s), which are deprecated and will be removed in the future
generators/rocket-chip/src/main/scala/tilelink/Monitor.scala:44:11: note: example printf here, will just be a printf in the future
generators/rocket-chip/src/main/scala/tilelink/Monitor.scala:35:7: note: For more information, see https://github.com/llvm/circt/issues/6970
generators/rocket-chip/src/main/scala/tilelink/Monitor.scala:35:7: warning: module contains 112 printf-encoded verification operation(s), which are deprecated and will be removed in the future
generators/rocket-chip/src/main/scala/tilelink/Monitor.scala:44:11: note: example printf here, will just be a printf in the future
generators/rocket-chip/src/main/scala/tilelink/Monitor.scala:35:7: note: For more information, see https://github.com/llvm/circt/issues/6970
generators/rocket-chip/src/main/scala/tilelink/Fragmenter.scala:92:9: warning: module contains 3 printf-encoded verification operation(s), which are deprecated and will be removed in the future
generators/rocket-chip/src/main/scala/tilelink/Fragmenter.scala:214:16: note: example printf here, will just be a printf in the future
generators/rocket-chip/src/main/scala/tilelink/Fragmenter.scala:92:9: note: For more information, see https://github.com/llvm/circt/issues/6970
generators/rocket-chip/src/main/scala/tilelink/Monitor.scala:35:7: warning: module contains 112 printf-encoded verification operation(s), which are deprecated and will be removed in the future
generators/rocket-chip/src/main/scala/tilelink/Monitor.scala:44:11: note: example printf here, will just be a printf in the future
generators/rocket-chip/src/main/scala/tilelink/Monitor.scala:35:7: note: For more information, see https://github.com/llvm/circt/issues/6970
generators/rocket-chip/src/main/scala/tilelink/Fragmenter.scala:92:9: warning: module contains 3 printf-encoded verification operation(s), which are deprecated and will be removed in the future
generators/rocket-chip/src/main/scala/tilelink/Fragmenter.scala:214:16: note: example printf here, will just be a printf in the future
generators/rocket-chip/src/main/scala/tilelink/Fragmenter.scala:92:9: note: For more information, see https://github.com/llvm/circt/issues/6970
generators/rocket-chip/src/main/scala/tilelink/Monitor.scala:35:7: warning: module contains 112 printf-encoded verification operation(s), which are deprecated and will be removed in the future
generators/rocket-chip/src/main/scala/tilelink/Monitor.scala:44:11: note: example printf here, will just be a printf in the future
generators/rocket-chip/src/main/scala/tilelink/Monitor.scala:35:7: note: For more information, see https://github.com/llvm/circt/issues/6970
generators/rocket-chip/src/main/scala/tilelink/Monitor.scala:35:7: warning: module contains 114 printf-encoded verification operation(s), which are deprecated and will be removed in the future
generators/rocket-chip/src/main/scala/tilelink/Monitor.scala:44:11: note: example printf here, will just be a printf in the future
generators/rocket-chip/src/main/scala/tilelink/Monitor.scala:35:7: note: For more information, see https://github.com/llvm/circt/issues/6970
generators/rocket-chip/src/main/scala/tilelink/Monitor.scala:35:7: warning: module contains 114 printf-encoded verification operation(s), which are deprecated and will be removed in the future
generators/rocket-chip/src/main/scala/tilelink/Monitor.scala:44:11: note: example printf here, will just be a printf in the future
generators/rocket-chip/src/main/scala/tilelink/Monitor.scala:35:7: note: For more information, see https://github.com/llvm/circt/issues/6970
generators/rocket-chip/src/main/scala/tilelink/Xbar.scala:74:9: warning: module contains 3 printf-encoded verification operation(s), which are deprecated and will be removed in the future
generators/rocket-chip/src/main/scala/tilelink/Arbiter.scala:22:12: note: example printf here, will just be a printf in the future
generators/rocket-chip/src/main/scala/tilelink/Xbar.scala:74:9: note: For more information, see https://github.com/llvm/circt/issues/6970
generators/rocket-chip/src/main/scala/tilelink/Monitor.scala:35:7: warning: module contains 114 printf-encoded verification operation(s), which are deprecated and will be removed in the future
generators/rocket-chip/src/main/scala/tilelink/Monitor.scala:44:11: note: example printf here, will just be a printf in the future
generators/rocket-chip/src/main/scala/tilelink/Monitor.scala:35:7: note: For more information, see https://github.com/llvm/circt/issues/6970
generators/rocket-chip/src/main/scala/tilelink/Monitor.scala:35:7: warning: module contains 114 printf-encoded verification operation(s), which are deprecated and will be removed in the future
generators/rocket-chip/src/main/scala/tilelink/Monitor.scala:44:11: note: example printf here, will just be a printf in the future
generators/rocket-chip/src/main/scala/tilelink/Monitor.scala:35:7: note: For more information, see https://github.com/llvm/circt/issues/6970
generators/rocket-chip/src/main/scala/tilelink/Monitor.scala:35:7: warning: module contains 114 printf-encoded verification operation(s), which are deprecated and will be removed in the future
generators/rocket-chip/src/main/scala/tilelink/Monitor.scala:44:11: note: example printf here, will just be a printf in the future
generators/rocket-chip/src/main/scala/tilelink/Monitor.scala:35:7: note: For more information, see https://github.com/llvm/circt/issues/6970
generators/rocket-chip/src/main/scala/tilelink/Monitor.scala:35:7: warning: module contains 114 printf-encoded verification operation(s), which are deprecated and will be removed in the future
generators/rocket-chip/src/main/scala/tilelink/Monitor.scala:44:11: note: example printf here, will just be a printf in the future
generators/rocket-chip/src/main/scala/tilelink/Monitor.scala:35:7: note: For more information, see https://github.com/llvm/circt/issues/6970
generators/rocket-chip/src/main/scala/tilelink/Monitor.scala:35:7: warning: module contains 114 printf-encoded verification operation(s), which are deprecated and will be removed in the future
generators/rocket-chip/src/main/scala/tilelink/Monitor.scala:44:11: note: example printf here, will just be a printf in the future
generators/rocket-chip/src/main/scala/tilelink/Monitor.scala:35:7: note: For more information, see https://github.com/llvm/circt/issues/6970
generators/rocket-chip/src/main/scala/tilelink/Xbar.scala:74:9: warning: module contains 3 printf-encoded verification operation(s), which are deprecated and will be removed in the future
generators/rocket-chip/src/main/scala/tilelink/Arbiter.scala:22:12: note: example printf here, will just be a printf in the future
generators/rocket-chip/src/main/scala/tilelink/Xbar.scala:74:9: note: For more information, see https://github.com/llvm/circt/issues/6970
generators/rocket-chip/src/main/scala/tilelink/Monitor.scala:35:7: warning: module contains 112 printf-encoded verification operation(s), which are deprecated and will be removed in the future
generators/rocket-chip/src/main/scala/tilelink/Monitor.scala:44:11: note: example printf here, will just be a printf in the future
generators/rocket-chip/src/main/scala/tilelink/Monitor.scala:35:7: note: For more information, see https://github.com/llvm/circt/issues/6970
generators/rocket-chip/src/main/scala/tilelink/Xbar.scala:74:9: warning: module contains 3 printf-encoded verification operation(s), which are deprecated and will be removed in the future
generators/rocket-chip/src/main/scala/tilelink/Arbiter.scala:22:12: note: example printf here, will just be a printf in the future
generators/rocket-chip/src/main/scala/tilelink/Xbar.scala:74:9: note: For more information, see https://github.com/llvm/circt/issues/6970
generators/rocket-chip/src/main/scala/tilelink/Monitor.scala:35:7: warning: module contains 114 printf-encoded verification operation(s), which are deprecated and will be removed in the future
generators/rocket-chip/src/main/scala/tilelink/Monitor.scala:44:11: note: example printf here, will just be a printf in the future
generators/rocket-chip/src/main/scala/tilelink/Monitor.scala:35:7: note: For more information, see https://github.com/llvm/circt/issues/6970
generators/rocket-chip/src/main/scala/tilelink/Monitor.scala:35:7: warning: module contains 114 printf-encoded verification operation(s), which are deprecated and will be removed in the future
generators/rocket-chip/src/main/scala/tilelink/Monitor.scala:44:11: note: example printf here, will just be a printf in the future
generators/rocket-chip/src/main/scala/tilelink/Monitor.scala:35:7: note: For more information, see https://github.com/llvm/circt/issues/6970
generators/rocket-chip/src/main/scala/tilelink/AtomicAutomata.scala:36:9: warning: module contains 2 printf-encoded verification operation(s), which are deprecated and will be removed in the future
generators/rocket-chip/src/main/scala/tilelink/Arbiter.scala:77:13: note: example printf here, will just be a printf in the future
generators/rocket-chip/src/main/scala/tilelink/AtomicAutomata.scala:36:9: note: For more information, see https://github.com/llvm/circt/issues/6970
generators/rocket-chip/src/main/scala/tilelink/Monitor.scala:35:7: warning: module contains 114 printf-encoded verification operation(s), which are deprecated and will be removed in the future
generators/rocket-chip/src/main/scala/tilelink/Monitor.scala:44:11: note: example printf here, will just be a printf in the future
generators/rocket-chip/src/main/scala/tilelink/Monitor.scala:35:7: note: For more information, see https://github.com/llvm/circt/issues/6970
generators/rocket-chip/src/main/scala/devices/tilelink/Error.scala:21:9: warning: module contains 1 printf-encoded verification operation(s), which are deprecated and will be removed in the future
generators/rocket-chip/src/main/scala/devices/tilelink/Error.scala:34:12: note: example printf here, will just be a printf in the future
generators/rocket-chip/src/main/scala/devices/tilelink/Error.scala:21:9: note: For more information, see https://github.com/llvm/circt/issues/6970
generators/rocket-chip/src/main/scala/tilelink/Monitor.scala:35:7: warning: module contains 114 printf-encoded verification operation(s), which are deprecated and will be removed in the future
generators/rocket-chip/src/main/scala/tilelink/Monitor.scala:44:11: note: example printf here, will just be a printf in the future
generators/rocket-chip/src/main/scala/tilelink/Monitor.scala:35:7: note: For more information, see https://github.com/llvm/circt/issues/6970
generators/rocket-chip/src/main/scala/tilelink/Monitor.scala:35:7: warning: module contains 114 printf-encoded verification operation(s), which are deprecated and will be removed in the future
generators/rocket-chip/src/main/scala/tilelink/Monitor.scala:44:11: note: example printf here, will just be a printf in the future
generators/rocket-chip/src/main/scala/tilelink/Monitor.scala:35:7: note: For more information, see https://github.com/llvm/circt/issues/6970
generators/rocket-chip/src/main/scala/tilelink/Monitor.scala:35:7: warning: module contains 114 printf-encoded verification operation(s), which are deprecated and will be removed in the future
generators/rocket-chip/src/main/scala/tilelink/Monitor.scala:44:11: note: example printf here, will just be a printf in the future
generators/rocket-chip/src/main/scala/tilelink/Monitor.scala:35:7: note: For more information, see https://github.com/llvm/circt/issues/6970
generators/rocket-chip/src/main/scala/tilelink/Fragmenter.scala:92:9: warning: module contains 3 printf-encoded verification operation(s), which are deprecated and will be removed in the future
generators/rocket-chip/src/main/scala/tilelink/Fragmenter.scala:214:16: note: example printf here, will just be a printf in the future
generators/rocket-chip/src/main/scala/tilelink/Fragmenter.scala:92:9: note: For more information, see https://github.com/llvm/circt/issues/6970
generators/rocket-chip/src/main/scala/tilelink/Monitor.scala:35:7: warning: module contains 112 printf-encoded verification operation(s), which are deprecated and will be removed in the future
generators/rocket-chip/src/main/scala/tilelink/Monitor.scala:44:11: note: example printf here, will just be a printf in the future
generators/rocket-chip/src/main/scala/tilelink/Monitor.scala:35:7: note: For more information, see https://github.com/llvm/circt/issues/6970
generators/rocket-chip/src/main/scala/tilelink/Fragmenter.scala:92:9: warning: module contains 3 printf-encoded verification operation(s), which are deprecated and will be removed in the future
generators/rocket-chip/src/main/scala/tilelink/Fragmenter.scala:214:16: note: example printf here, will just be a printf in the future
generators/rocket-chip/src/main/scala/tilelink/Fragmenter.scala:92:9: note: For more information, see https://github.com/llvm/circt/issues/6970
generators/rocket-chip/src/main/scala/tilelink/Monitor.scala:35:7: warning: module contains 114 printf-encoded verification operation(s), which are deprecated and will be removed in the future
generators/rocket-chip/src/main/scala/tilelink/Monitor.scala:44:11: note: example printf here, will just be a printf in the future
generators/rocket-chip/src/main/scala/tilelink/Monitor.scala:35:7: note: For more information, see https://github.com/llvm/circt/issues/6970
generators/rocket-chip/src/main/scala/tilelink/Fragmenter.scala:92:9: warning: module contains 3 printf-encoded verification operation(s), which are deprecated and will be removed in the future
generators/rocket-chip/src/main/scala/tilelink/Fragmenter.scala:214:16: note: example printf here, will just be a printf in the future
generators/rocket-chip/src/main/scala/tilelink/Fragmenter.scala:92:9: note: For more information, see https://github.com/llvm/circt/issues/6970
generators/rocket-chip/src/main/scala/tilelink/Monitor.scala:35:7: warning: module contains 112 printf-encoded verification operation(s), which are deprecated and will be removed in the future
generators/rocket-chip/src/main/scala/tilelink/Monitor.scala:44:11: note: example printf here, will just be a printf in the future
generators/rocket-chip/src/main/scala/tilelink/Monitor.scala:35:7: note: For more information, see https://github.com/llvm/circt/issues/6970
generators/rocket-chip/src/main/scala/tilelink/Fragmenter.scala:92:9: warning: module contains 3 printf-encoded verification operation(s), which are deprecated and will be removed in the future
generators/rocket-chip/src/main/scala/tilelink/Fragmenter.scala:214:16: note: example printf here, will just be a printf in the future
generators/rocket-chip/src/main/scala/tilelink/Fragmenter.scala:92:9: note: For more information, see https://github.com/llvm/circt/issues/6970
generators/rocket-chip/src/main/scala/tilelink/Monitor.scala:35:7: warning: module contains 112 printf-encoded verification operation(s), which are deprecated and will be removed in the future
generators/rocket-chip/src/main/scala/tilelink/Monitor.scala:44:11: note: example printf here, will just be a printf in the future
generators/rocket-chip/src/main/scala/tilelink/Monitor.scala:35:7: note: For more information, see https://github.com/llvm/circt/issues/6970
generators/rocket-chip/src/main/scala/tilelink/Fragmenter.scala:92:9: warning: module contains 3 printf-encoded verification operation(s), which are deprecated and will be removed in the future
generators/rocket-chip/src/main/scala/tilelink/Fragmenter.scala:214:16: note: example printf here, will just be a printf in the future
generators/rocket-chip/src/main/scala/tilelink/Fragmenter.scala:92:9: note: For more information, see https://github.com/llvm/circt/issues/6970
generators/rocket-chip/src/main/scala/tilelink/Monitor.scala:35:7: warning: module contains 114 printf-encoded verification operation(s), which are deprecated and will be removed in the future
generators/rocket-chip/src/main/scala/tilelink/Monitor.scala:44:11: note: example printf here, will just be a printf in the future
generators/rocket-chip/src/main/scala/tilelink/Monitor.scala:35:7: note: For more information, see https://github.com/llvm/circt/issues/6970
generators/rocket-chip/src/main/scala/tilelink/Monitor.scala:35:7: warning: module contains 114 printf-encoded verification operation(s), which are deprecated and will be removed in the future
generators/rocket-chip/src/main/scala/tilelink/Monitor.scala:44:11: note: example printf here, will just be a printf in the future
generators/rocket-chip/src/main/scala/tilelink/Monitor.scala:35:7: note: For more information, see https://github.com/llvm/circt/issues/6970
generators/rocket-chip/src/main/scala/tilelink/Xbar.scala:74:9: warning: module contains 3 printf-encoded verification operation(s), which are deprecated and will be removed in the future
generators/rocket-chip/src/main/scala/tilelink/Arbiter.scala:22:12: note: example printf here, will just be a printf in the future
generators/rocket-chip/src/main/scala/tilelink/Xbar.scala:74:9: note: For more information, see https://github.com/llvm/circt/issues/6970
generators/rocket-chip/src/main/scala/tilelink/Monitor.scala:35:7: warning: module contains 114 printf-encoded verification operation(s), which are deprecated and will be removed in the future
generators/rocket-chip/src/main/scala/tilelink/Monitor.scala:44:11: note: example printf here, will just be a printf in the future
generators/rocket-chip/src/main/scala/tilelink/Monitor.scala:35:7: note: For more information, see https://github.com/llvm/circt/issues/6970
generators/rocket-chip/src/main/scala/tilelink/Monitor.scala:35:7: warning: module contains 114 printf-encoded verification operation(s), which are deprecated and will be removed in the future
generators/rocket-chip/src/main/scala/tilelink/Monitor.scala:44:11: note: example printf here, will just be a printf in the future
generators/rocket-chip/src/main/scala/tilelink/Monitor.scala:35:7: note: For more information, see https://github.com/llvm/circt/issues/6970
generators/rocket-chip/src/main/scala/amba/axi4/UserYanker.scala:36:9: warning: module contains 2 printf-encoded verification operation(s), which are deprecated and will be removed in the future
generators/rocket-chip/src/main/scala/amba/axi4/UserYanker.scala:69:14: note: example printf here, will just be a printf in the future
generators/rocket-chip/src/main/scala/amba/axi4/UserYanker.scala:36:9: note: For more information, see https://github.com/llvm/circt/issues/6970
generators/rocket-chip/src/main/scala/tilelink/Monitor.scala:35:7: warning: module contains 114 printf-encoded verification operation(s), which are deprecated and will be removed in the future
generators/rocket-chip/src/main/scala/tilelink/Monitor.scala:44:11: note: example printf here, will just be a printf in the future
generators/rocket-chip/src/main/scala/tilelink/Monitor.scala:35:7: note: For more information, see https://github.com/llvm/circt/issues/6970
generators/rocket-chip/src/main/scala/tilelink/ToAXI4.scala:103:9: warning: module contains 40 printf-encoded verification operation(s), which are deprecated and will be removed in the future
generators/rocket-chip/src/main/scala/tilelink/ToAXI4.scala:280:16: note: example printf here, will just be a printf in the future
generators/rocket-chip/src/main/scala/tilelink/ToAXI4.scala:103:9: note: For more information, see https://github.com/llvm/circt/issues/6970
generators/rocket-chip/src/main/scala/tilelink/Monitor.scala:35:7: warning: module contains 114 printf-encoded verification operation(s), which are deprecated and will be removed in the future
generators/rocket-chip/src/main/scala/tilelink/Monitor.scala:44:11: note: example printf here, will just be a printf in the future
generators/rocket-chip/src/main/scala/tilelink/Monitor.scala:35:7: note: For more information, see https://github.com/llvm/circt/issues/6970
generators/rocket-chip/src/main/scala/tilelink/Monitor.scala:35:7: warning: module contains 114 printf-encoded verification operation(s), which are deprecated and will be removed in the future
generators/rocket-chip/src/main/scala/tilelink/Monitor.scala:44:11: note: example printf here, will just be a printf in the future
generators/rocket-chip/src/main/scala/tilelink/Monitor.scala:35:7: note: For more information, see https://github.com/llvm/circt/issues/6970
generators/rocket-chip/src/main/scala/tilelink/Monitor.scala:35:7: warning: module contains 210 printf-encoded verification operation(s), which are deprecated and will be removed in the future
generators/rocket-chip/src/main/scala/tilelink/Monitor.scala:44:11: note: example printf here, will just be a printf in the future
generators/rocket-chip/src/main/scala/tilelink/Monitor.scala:35:7: note: For more information, see https://github.com/llvm/circt/issues/6970
generators/rocket-chip-inclusive-cache/design/craft/inclusivecache/src/SourceA.scala:33:7: warning: module contains 3 printf-encoded verification operation(s), which are deprecated and will be removed in the future
generators/rocket-chip-inclusive-cache/design/craft/inclusivecache/src/Parameters.scala:222:12: note: example printf here, will just be a printf in the future
generators/rocket-chip-inclusive-cache/design/craft/inclusivecache/src/SourceA.scala:33:7: note: For more information, see https://github.com/llvm/circt/issues/6970
generators/rocket-chip-inclusive-cache/design/craft/inclusivecache/src/SourceB.scala:33:7: warning: module contains 4 printf-encoded verification operation(s), which are deprecated and will be removed in the future
generators/rocket-chip-inclusive-cache/design/craft/inclusivecache/src/SourceB.scala:59:12: note: example printf here, will just be a printf in the future
generators/rocket-chip-inclusive-cache/design/craft/inclusivecache/src/SourceB.scala:33:7: note: For more information, see https://github.com/llvm/circt/issues/6970
generators/rocket-chip-inclusive-cache/design/craft/inclusivecache/src/SourceC.scala:35:7: warning: module contains 5 printf-encoded verification operation(s), which are deprecated and will be removed in the future
generators/rocket-chip-inclusive-cache/design/craft/inclusivecache/src/SourceC.scala:64:10: note: example printf here, will just be a printf in the future
generators/rocket-chip-inclusive-cache/design/craft/inclusivecache/src/SourceC.scala:35:7: note: For more information, see https://github.com/llvm/circt/issues/6970
generators/rocket-chip-inclusive-cache/design/craft/inclusivecache/src/SourceD.scala:48:7: warning: module contains 3 printf-encoded verification operation(s), which are deprecated and will be removed in the future
generators/rocket-chip-inclusive-cache/design/craft/inclusivecache/src/SourceD.scala:123:10: note: example printf here, will just be a printf in the future
generators/rocket-chip-inclusive-cache/design/craft/inclusivecache/src/SourceD.scala:48:7: note: For more information, see https://github.com/llvm/circt/issues/6970
generators/rocket-chip-inclusive-cache/design/craft/inclusivecache/src/ListBuffer.scala:36:7: warning: module contains 1 printf-encoded verification operation(s), which are deprecated and will be removed in the future
generators/rocket-chip-inclusive-cache/design/craft/inclusivecache/src/ListBuffer.scala:86:10: note: example printf here, will just be a printf in the future
generators/rocket-chip-inclusive-cache/design/craft/inclusivecache/src/ListBuffer.scala:36:7: note: For more information, see https://github.com/llvm/circt/issues/6970
generators/rocket-chip-inclusive-cache/design/craft/inclusivecache/src/ListBuffer.scala:36:7: warning: module contains 1 printf-encoded verification operation(s), which are deprecated and will be removed in the future
generators/rocket-chip-inclusive-cache/design/craft/inclusivecache/src/ListBuffer.scala:86:10: note: example printf here, will just be a printf in the future
generators/rocket-chip-inclusive-cache/design/craft/inclusivecache/src/ListBuffer.scala:36:7: note: For more information, see https://github.com/llvm/circt/issues/6970
generators/rocket-chip-inclusive-cache/design/craft/inclusivecache/src/SinkC.scala:41:7: warning: module contains 1 printf-encoded verification operation(s), which are deprecated and will be removed in the future
generators/rocket-chip-inclusive-cache/design/craft/inclusivecache/src/SinkC.scala:90:12: note: example printf here, will just be a printf in the future
generators/rocket-chip-inclusive-cache/design/craft/inclusivecache/src/SinkC.scala:41:7: note: For more information, see https://github.com/llvm/circt/issues/6970
generators/rocket-chip-inclusive-cache/design/craft/inclusivecache/src/SinkD.scala:34:7: warning: module contains 1 printf-encoded verification operation(s), which are deprecated and will be removed in the future
generators/rocket-chip-inclusive-cache/design/craft/inclusivecache/src/SinkD.scala:82:10: note: example printf here, will just be a printf in the future
generators/rocket-chip-inclusive-cache/design/craft/inclusivecache/src/SinkD.scala:34:7: note: For more information, see https://github.com/llvm/circt/issues/6970
generators/rocket-chip-inclusive-cache/design/craft/inclusivecache/src/Directory.scala:56:7: warning: module contains 5 printf-encoded verification operation(s), which are deprecated and will be removed in the future
generators/rocket-chip-inclusive-cache/design/craft/inclusivecache/src/Directory.scala:86:10: note: example printf here, will just be a printf in the future
generators/rocket-chip-inclusive-cache/design/craft/inclusivecache/src/Directory.scala:56:7: note: For more information, see https://github.com/llvm/circt/issues/6970
generators/rocket-chip-inclusive-cache/design/craft/inclusivecache/src/ListBuffer.scala:36:7: warning: module contains 1 printf-encoded verification operation(s), which are deprecated and will be removed in the future
generators/rocket-chip-inclusive-cache/design/craft/inclusivecache/src/ListBuffer.scala:86:10: note: example printf here, will just be a printf in the future
generators/rocket-chip-inclusive-cache/design/craft/inclusivecache/src/ListBuffer.scala:36:7: note: For more information, see https://github.com/llvm/circt/issues/6970
generators/rocket-chip-inclusive-cache/design/craft/inclusivecache/src/MSHR.scala:84:7: warning: module contains 70 printf-encoded verification operation(s), which are deprecated and will be removed in the future
generators/rocket-chip-inclusive-cache/design/craft/inclusivecache/src/MSHR.scala:105:14: note: example printf here, will just be a printf in the future
generators/rocket-chip-inclusive-cache/design/craft/inclusivecache/src/MSHR.scala:84:7: note: For more information, see https://github.com/llvm/circt/issues/6970
generators/rocket-chip-inclusive-cache/design/craft/inclusivecache/src/MSHR.scala:84:7: warning: module contains 70 printf-encoded verification operation(s), which are deprecated and will be removed in the future
generators/rocket-chip-inclusive-cache/design/craft/inclusivecache/src/MSHR.scala:105:14: note: example printf here, will just be a printf in the future
generators/rocket-chip-inclusive-cache/design/craft/inclusivecache/src/MSHR.scala:84:7: note: For more information, see https://github.com/llvm/circt/issues/6970
generators/rocket-chip-inclusive-cache/design/craft/inclusivecache/src/MSHR.scala:84:7: warning: module contains 70 printf-encoded verification operation(s), which are deprecated and will be removed in the future
generators/rocket-chip-inclusive-cache/design/craft/inclusivecache/src/MSHR.scala:105:14: note: example printf here, will just be a printf in the future
generators/rocket-chip-inclusive-cache/design/craft/inclusivecache/src/MSHR.scala:84:7: note: For more information, see https://github.com/llvm/circt/issues/6970
generators/rocket-chip-inclusive-cache/design/craft/inclusivecache/src/MSHR.scala:84:7: warning: module contains 70 printf-encoded verification operation(s), which are deprecated and will be removed in the future
generators/rocket-chip-inclusive-cache/design/craft/inclusivecache/src/MSHR.scala:105:14: note: example printf here, will just be a printf in the future
generators/rocket-chip-inclusive-cache/design/craft/inclusivecache/src/MSHR.scala:84:7: note: For more information, see https://github.com/llvm/circt/issues/6970
generators/rocket-chip-inclusive-cache/design/craft/inclusivecache/src/MSHR.scala:84:7: warning: module contains 70 printf-encoded verification operation(s), which are deprecated and will be removed in the future
generators/rocket-chip-inclusive-cache/design/craft/inclusivecache/src/MSHR.scala:105:14: note: example printf here, will just be a printf in the future
generators/rocket-chip-inclusive-cache/design/craft/inclusivecache/src/MSHR.scala:84:7: note: For more information, see https://github.com/llvm/circt/issues/6970
generators/rocket-chip-inclusive-cache/design/craft/inclusivecache/src/MSHR.scala:84:7: warning: module contains 70 printf-encoded verification operation(s), which are deprecated and will be removed in the future
generators/rocket-chip-inclusive-cache/design/craft/inclusivecache/src/MSHR.scala:105:14: note: example printf here, will just be a printf in the future
generators/rocket-chip-inclusive-cache/design/craft/inclusivecache/src/MSHR.scala:84:7: note: For more information, see https://github.com/llvm/circt/issues/6970
generators/rocket-chip-inclusive-cache/design/craft/inclusivecache/src/MSHR.scala:84:7: warning: module contains 70 printf-encoded verification operation(s), which are deprecated and will be removed in the future
generators/rocket-chip-inclusive-cache/design/craft/inclusivecache/src/MSHR.scala:105:14: note: example printf here, will just be a printf in the future
generators/rocket-chip-inclusive-cache/design/craft/inclusivecache/src/MSHR.scala:84:7: note: For more information, see https://github.com/llvm/circt/issues/6970
generators/rocket-chip-inclusive-cache/design/craft/inclusivecache/src/MSHR.scala:84:7: warning: module contains 70 printf-encoded verification operation(s), which are deprecated and will be removed in the future
generators/rocket-chip-inclusive-cache/design/craft/inclusivecache/src/MSHR.scala:105:14: note: example printf here, will just be a printf in the future
generators/rocket-chip-inclusive-cache/design/craft/inclusivecache/src/MSHR.scala:84:7: note: For more information, see https://github.com/llvm/circt/issues/6970
generators/rocket-chip-inclusive-cache/design/craft/inclusivecache/src/MSHR.scala:84:7: warning: module contains 70 printf-encoded verification operation(s), which are deprecated and will be removed in the future
generators/rocket-chip-inclusive-cache/design/craft/inclusivecache/src/MSHR.scala:105:14: note: example printf here, will just be a printf in the future
generators/rocket-chip-inclusive-cache/design/craft/inclusivecache/src/MSHR.scala:84:7: note: For more information, see https://github.com/llvm/circt/issues/6970
generators/rocket-chip-inclusive-cache/design/craft/inclusivecache/src/MSHR.scala:84:7: warning: module contains 70 printf-encoded verification operation(s), which are deprecated and will be removed in the future
generators/rocket-chip-inclusive-cache/design/craft/inclusivecache/src/MSHR.scala:105:14: note: example printf here, will just be a printf in the future
generators/rocket-chip-inclusive-cache/design/craft/inclusivecache/src/MSHR.scala:84:7: note: For more information, see https://github.com/llvm/circt/issues/6970
generators/rocket-chip-inclusive-cache/design/craft/inclusivecache/src/MSHR.scala:84:7: warning: module contains 70 printf-encoded verification operation(s), which are deprecated and will be removed in the future
generators/rocket-chip-inclusive-cache/design/craft/inclusivecache/src/MSHR.scala:105:14: note: example printf here, will just be a printf in the future
generators/rocket-chip-inclusive-cache/design/craft/inclusivecache/src/MSHR.scala:84:7: note: For more information, see https://github.com/llvm/circt/issues/6970
generators/rocket-chip-inclusive-cache/design/craft/inclusivecache/src/MSHR.scala:84:7: warning: module contains 70 printf-encoded verification operation(s), which are deprecated and will be removed in the future
generators/rocket-chip-inclusive-cache/design/craft/inclusivecache/src/MSHR.scala:105:14: note: example printf here, will just be a printf in the future
generators/rocket-chip-inclusive-cache/design/craft/inclusivecache/src/MSHR.scala:84:7: note: For more information, see https://github.com/llvm/circt/issues/6970
generators/rocket-chip-inclusive-cache/design/craft/inclusivecache/src/Scheduler.scala:27:7: warning: module contains 3 printf-encoded verification operation(s), which are deprecated and will be removed in the future
generators/rocket-chip-inclusive-cache/design/craft/inclusivecache/src/Scheduler.scala:291:12: note: example printf here, will just be a printf in the future
generators/rocket-chip-inclusive-cache/design/craft/inclusivecache/src/Scheduler.scala:27:7: note: For more information, see https://github.com/llvm/circt/issues/6970
generators/rocket-chip/src/main/scala/tilelink/Monitor.scala:35:7: warning: module contains 210 printf-encoded verification operation(s), which are deprecated and will be removed in the future
generators/rocket-chip/src/main/scala/tilelink/Monitor.scala:44:11: note: example printf here, will just be a printf in the future
generators/rocket-chip/src/main/scala/tilelink/Monitor.scala:35:7: note: For more information, see https://github.com/llvm/circt/issues/6970
generators/rocket-chip/src/main/scala/tilelink/Monitor.scala:35:7: warning: module contains 210 printf-encoded verification operation(s), which are deprecated and will be removed in the future
generators/rocket-chip/src/main/scala/tilelink/Monitor.scala:44:11: note: example printf here, will just be a printf in the future
generators/rocket-chip/src/main/scala/tilelink/Monitor.scala:35:7: note: For more information, see https://github.com/llvm/circt/issues/6970
generators/rocket-chip/src/main/scala/util/IDPool.scala:8:7: warning: module contains 3 printf-encoded verification operation(s), which are deprecated and will be removed in the future
generators/rocket-chip/src/main/scala/util/IDPool.scala:44:10: note: example printf here, will just be a printf in the future
generators/rocket-chip/src/main/scala/util/IDPool.scala:8:7: note: For more information, see https://github.com/llvm/circt/issues/6970
generators/rocket-chip/src/main/scala/tilelink/CacheCork.scala:42:9: warning: module contains 6 printf-encoded verification operation(s), which are deprecated and will be removed in the future
generators/rocket-chip/src/main/scala/tilelink/CacheCork.scala:116:16: note: example printf here, will just be a printf in the future
generators/rocket-chip/src/main/scala/tilelink/CacheCork.scala:42:9: note: For more information, see https://github.com/llvm/circt/issues/6970
generators/rocket-chip/src/main/scala/tilelink/Monitor.scala:35:7: warning: module contains 114 printf-encoded verification operation(s), which are deprecated and will be removed in the future
generators/rocket-chip/src/main/scala/tilelink/Monitor.scala:44:11: note: example printf here, will just be a printf in the future
generators/rocket-chip/src/main/scala/tilelink/Monitor.scala:35:7: note: For more information, see https://github.com/llvm/circt/issues/6970
generators/rocket-chip/src/main/scala/tilelink/Monitor.scala:35:7: warning: module contains 210 printf-encoded verification operation(s), which are deprecated and will be removed in the future
generators/rocket-chip/src/main/scala/tilelink/Monitor.scala:44:11: note: example printf here, will just be a printf in the future
generators/rocket-chip/src/main/scala/tilelink/Monitor.scala:35:7: note: For more information, see https://github.com/llvm/circt/issues/6970
generators/rocket-chip/src/main/scala/tilelink/Monitor.scala:35:7: warning: module contains 114 printf-encoded verification operation(s), which are deprecated and will be removed in the future
generators/rocket-chip/src/main/scala/tilelink/Monitor.scala:44:11: note: example printf here, will just be a printf in the future
generators/rocket-chip/src/main/scala/tilelink/Monitor.scala:35:7: note: For more information, see https://github.com/llvm/circt/issues/6970
generators/rocket-chip/src/main/scala/tilelink/Xbar.scala:74:9: warning: module contains 3 printf-encoded verification operation(s), which are deprecated and will be removed in the future
generators/rocket-chip/src/main/scala/tilelink/Arbiter.scala:22:12: note: example printf here, will just be a printf in the future
generators/rocket-chip/src/main/scala/tilelink/Xbar.scala:74:9: note: For more information, see https://github.com/llvm/circt/issues/6970
generators/rocket-chip/src/main/scala/rocket/TLB.scala:318:7: warning: module contains 1 printf-encoded verification operation(s), which are deprecated and will be removed in the future
generators/rocket-chip/src/main/scala/rocket/TLB.scala:719:13: note: example printf here, will just be a printf in the future
generators/rocket-chip/src/main/scala/rocket/TLB.scala:318:7: note: For more information, see https://github.com/llvm/circt/issues/6970
generators/rocket-chip/src/main/scala/rocket/DCache.scala:118:32: warning: module contains 1 printf-encoded verification operation(s), which are deprecated and will be removed in the future
generators/rocket-chip/src/main/scala/rocket/TLB.scala:719:13: note: example printf here, will just be a printf in the future
generators/rocket-chip/src/main/scala/rocket/DCache.scala:118:32: note: For more information, see https://github.com/llvm/circt/issues/6970
generators/rocket-chip/src/main/scala/rocket/DCache.scala:99:7: warning: module contains 10 printf-encoded verification operation(s), which are deprecated and will be removed in the future
generators/rocket-chip/src/main/scala/rocket/DCache.scala:1184:11: note: example printf here, will just be a printf in the future
generators/rocket-chip/src/main/scala/rocket/DCache.scala:99:7: note: For more information, see https://github.com/llvm/circt/issues/6970
generators/rocket-chip/src/main/scala/tilelink/Monitor.scala:35:7: warning: module contains 114 printf-encoded verification operation(s), which are deprecated and will be removed in the future
generators/rocket-chip/src/main/scala/tilelink/Monitor.scala:44:11: note: example printf here, will just be a printf in the future
generators/rocket-chip/src/main/scala/tilelink/Monitor.scala:35:7: note: For more information, see https://github.com/llvm/circt/issues/6970
generators/rocket-chip/src/main/scala/tilelink/Monitor.scala:35:7: warning: module contains 114 printf-encoded verification operation(s), which are deprecated and will be removed in the future
generators/rocket-chip/src/main/scala/tilelink/Monitor.scala:44:11: note: example printf here, will just be a printf in the future
generators/rocket-chip/src/main/scala/tilelink/Monitor.scala:35:7: note: For more information, see https://github.com/llvm/circt/issues/6970
generators/rocket-chip/src/main/scala/tilelink/Xbar.scala:74:9: warning: module contains 3 printf-encoded verification operation(s), which are deprecated and will be removed in the future
generators/rocket-chip/src/main/scala/tilelink/Arbiter.scala:22:12: note: example printf here, will just be a printf in the future
generators/rocket-chip/src/main/scala/tilelink/Xbar.scala:74:9: note: For more information, see https://github.com/llvm/circt/issues/6970
generators/gemmini/src/main/scala/gemmini/DMA.scala:138:9: warning: module contains 1 printf-encoded verification operation(s), which are deprecated and will be removed in the future
generators/gemmini/src/main/scala/gemmini/DMA.scala:247:11: note: example printf here, will just be a printf in the future
generators/gemmini/src/main/scala/gemmini/DMA.scala:138:9: note: For more information, see https://github.com/llvm/circt/issues/6970
generators/gemmini/src/main/scala/gemmini/XactTracker.scala:56:7: warning: module contains 1 printf-encoded verification operation(s), which are deprecated and will be removed in the future
generators/gemmini/src/main/scala/gemmini/XactTracker.scala:84:11: note: example printf here, will just be a printf in the future
generators/gemmini/src/main/scala/gemmini/XactTracker.scala:56:7: note: For more information, see https://github.com/llvm/circt/issues/6970
generators/gemmini/src/main/scala/gemmini/DMA.scala:363:9: warning: module contains 4 printf-encoded verification operation(s), which are deprecated and will be removed in the future
generators/gemmini/src/main/scala/gemmini/DMA.scala:551:11: note: example printf here, will just be a printf in the future
generators/gemmini/src/main/scala/gemmini/DMA.scala:363:9: note: For more information, see https://github.com/llvm/circt/issues/6970
generators/rocket-chip/src/main/scala/tilelink/Monitor.scala:35:7: warning: module contains 114 printf-encoded verification operation(s), which are deprecated and will be removed in the future
generators/rocket-chip/src/main/scala/tilelink/Monitor.scala:44:11: note: example printf here, will just be a printf in the future
generators/rocket-chip/src/main/scala/tilelink/Monitor.scala:35:7: note: For more information, see https://github.com/llvm/circt/issues/6970
generators/rocket-chip/src/main/scala/tilelink/Monitor.scala:35:7: warning: module contains 114 printf-encoded verification operation(s), which are deprecated and will be removed in the future
generators/rocket-chip/src/main/scala/tilelink/Monitor.scala:44:11: note: example printf here, will just be a printf in the future
generators/rocket-chip/src/main/scala/tilelink/Monitor.scala:35:7: note: For more information, see https://github.com/llvm/circt/issues/6970
generators/rocket-chip/src/main/scala/tilelink/Monitor.scala:35:7: warning: module contains 114 printf-encoded verification operation(s), which are deprecated and will be removed in the future
generators/rocket-chip/src/main/scala/tilelink/Monitor.scala:44:11: note: example printf here, will just be a printf in the future
generators/rocket-chip/src/main/scala/tilelink/Monitor.scala:35:7: note: For more information, see https://github.com/llvm/circt/issues/6970
generators/gemmini/src/main/scala/gemmini/PixelRepeater.scala:28:7: warning: module contains 1 printf-encoded verification operation(s), which are deprecated and will be removed in the future
generators/gemmini/src/main/scala/gemmini/PixelRepeater.scala:58:11: note: example printf here, will just be a printf in the future
generators/gemmini/src/main/scala/gemmini/PixelRepeater.scala:28:7: note: For more information, see https://github.com/llvm/circt/issues/6970
generators/gemmini/src/main/scala/gemmini/PixelRepeater.scala:28:7: warning: module contains 1 printf-encoded verification operation(s), which are deprecated and will be removed in the future
generators/gemmini/src/main/scala/gemmini/PixelRepeater.scala:58:11: note: example printf here, will just be a printf in the future
generators/gemmini/src/main/scala/gemmini/PixelRepeater.scala:28:7: note: For more information, see https://github.com/llvm/circt/issues/6970
generators/gemmini/src/main/scala/gemmini/Scratchpad.scala:100:7: warning: module contains 1 printf-encoded verification operation(s), which are deprecated and will be removed in the future
generators/gemmini/src/main/scala/gemmini/Scratchpad.scala:167:13: note: example printf here, will just be a printf in the future
generators/gemmini/src/main/scala/gemmini/Scratchpad.scala:100:7: note: For more information, see https://github.com/llvm/circt/issues/6970
generators/gemmini/src/main/scala/gemmini/Scratchpad.scala:100:7: warning: module contains 1 printf-encoded verification operation(s), which are deprecated and will be removed in the future
generators/gemmini/src/main/scala/gemmini/Scratchpad.scala:167:13: note: example printf here, will just be a printf in the future
generators/gemmini/src/main/scala/gemmini/Scratchpad.scala:100:7: note: For more information, see https://github.com/llvm/circt/issues/6970
generators/gemmini/src/main/scala/gemmini/Scratchpad.scala:100:7: warning: module contains 1 printf-encoded verification operation(s), which are deprecated and will be removed in the future
generators/gemmini/src/main/scala/gemmini/Scratchpad.scala:167:13: note: example printf here, will just be a printf in the future
generators/gemmini/src/main/scala/gemmini/Scratchpad.scala:100:7: note: For more information, see https://github.com/llvm/circt/issues/6970
generators/gemmini/src/main/scala/gemmini/Scratchpad.scala:100:7: warning: module contains 1 printf-encoded verification operation(s), which are deprecated and will be removed in the future
generators/gemmini/src/main/scala/gemmini/Scratchpad.scala:167:13: note: example printf here, will just be a printf in the future
generators/gemmini/src/main/scala/gemmini/Scratchpad.scala:100:7: note: For more information, see https://github.com/llvm/circt/issues/6970
generators/gemmini/src/main/scala/gemmini/SyncMem.scala:30:7: warning: module contains 1 printf-encoded verification operation(s), which are deprecated and will be removed in the future
generators/gemmini/src/main/scala/gemmini/SyncMem.scala:41:9: note: example printf here, will just be a printf in the future
generators/gemmini/src/main/scala/gemmini/SyncMem.scala:30:7: note: For more information, see https://github.com/llvm/circt/issues/6970
generators/gemmini/src/main/scala/gemmini/AccumulatorMem.scala:92:7: warning: module contains 1 printf-encoded verification operation(s), which are deprecated and will be removed in the future
generators/gemmini/src/main/scala/gemmini/AccumulatorMem.scala:395:9: note: example printf here, will just be a printf in the future
generators/gemmini/src/main/scala/gemmini/AccumulatorMem.scala:92:7: note: For more information, see https://github.com/llvm/circt/issues/6970
generators/gemmini/src/main/scala/gemmini/SyncMem.scala:30:7: warning: module contains 1 printf-encoded verification operation(s), which are deprecated and will be removed in the future
generators/gemmini/src/main/scala/gemmini/SyncMem.scala:41:9: note: example printf here, will just be a printf in the future
generators/gemmini/src/main/scala/gemmini/SyncMem.scala:30:7: note: For more information, see https://github.com/llvm/circt/issues/6970
generators/gemmini/src/main/scala/gemmini/AccumulatorMem.scala:92:7: warning: module contains 1 printf-encoded verification operation(s), which are deprecated and will be removed in the future
generators/gemmini/src/main/scala/gemmini/AccumulatorMem.scala:395:9: note: example printf here, will just be a printf in the future
generators/gemmini/src/main/scala/gemmini/AccumulatorMem.scala:92:7: note: For more information, see https://github.com/llvm/circt/issues/6970
generators/gemmini/src/main/scala/gemmini/Scratchpad.scala:227:9: warning: module contains 2 printf-encoded verification operation(s), which are deprecated and will be removed in the future
generators/gemmini/src/main/scala/gemmini/Scratchpad.scala:781:15: note: example printf here, will just be a printf in the future
generators/gemmini/src/main/scala/gemmini/Scratchpad.scala:227:9: note: For more information, see https://github.com/llvm/circt/issues/6970
generators/rocket-chip/src/main/scala/rocket/TLB.scala:318:7: warning: module contains 1 printf-encoded verification operation(s), which are deprecated and will be removed in the future
generators/rocket-chip/src/main/scala/rocket/TLB.scala:719:13: note: example printf here, will just be a printf in the future
generators/rocket-chip/src/main/scala/rocket/TLB.scala:318:7: note: For more information, see https://github.com/llvm/circt/issues/6970
generators/gemmini/src/main/scala/gemmini/FrontendTLB.scala:29:7: warning: module contains 1 printf-encoded verification operation(s), which are deprecated and will be removed in the future
generators/gemmini/src/main/scala/gemmini/FrontendTLB.scala:68:9: note: example printf here, will just be a printf in the future
generators/gemmini/src/main/scala/gemmini/FrontendTLB.scala:29:7: note: For more information, see https://github.com/llvm/circt/issues/6970
generators/gemmini/src/main/scala/gemmini/ReservationStation.scala:26:7: warning: module contains 19 printf-encoded verification operation(s), which are deprecated and will be removed in the future
generators/gemmini/src/main/scala/gemmini/ReservationStation.scala:210:11: note: example printf here, will just be a printf in the future
generators/gemmini/src/main/scala/gemmini/ReservationStation.scala:26:7: note: For more information, see https://github.com/llvm/circt/issues/6970
generators/gemmini/src/main/scala/gemmini/LoopConv.scala:1169:7: warning: module contains 3 printf-encoded verification operation(s), which are deprecated and will be removed in the future
generators/gemmini/src/main/scala/gemmini/LoopConv.scala:1237:9: note: example printf here, will just be a printf in the future
generators/gemmini/src/main/scala/gemmini/LoopConv.scala:1169:7: note: For more information, see https://github.com/llvm/circt/issues/6970
generators/gemmini/src/main/scala/gemmini/LoopMatmul.scala:352:7: warning: module contains 1 printf-encoded verification operation(s), which are deprecated and will be removed in the future
generators/gemmini/src/main/scala/gemmini/LoopMatmul.scala:494:9: note: example printf here, will just be a printf in the future
generators/gemmini/src/main/scala/gemmini/LoopMatmul.scala:352:7: note: For more information, see https://github.com/llvm/circt/issues/6970
generators/gemmini/src/main/scala/gemmini/WeightedArbiter.scala:7:7: warning: module contains 3 printf-encoded verification operation(s), which are deprecated and will be removed in the future
generators/gemmini/src/main/scala/gemmini/WeightedArbiter.scala:72:9: note: example printf here, will just be a printf in the future
generators/gemmini/src/main/scala/gemmini/WeightedArbiter.scala:7:7: note: For more information, see https://github.com/llvm/circt/issues/6970
generators/gemmini/src/main/scala/gemmini/LoopMatmul.scala:892:7: warning: module contains 3 printf-encoded verification operation(s), which are deprecated and will be removed in the future
generators/gemmini/src/main/scala/gemmini/LoopMatmul.scala:977:9: note: example printf here, will just be a printf in the future
generators/gemmini/src/main/scala/gemmini/LoopMatmul.scala:892:7: note: For more information, see https://github.com/llvm/circt/issues/6970
generators/gemmini/src/main/scala/gemmini/DMACommandTracker.scala:9:7: warning: module contains 2 printf-encoded verification operation(s), which are deprecated and will be removed in the future
generators/gemmini/src/main/scala/gemmini/DMACommandTracker.scala:88:11: note: example printf here, will just be a printf in the future
generators/gemmini/src/main/scala/gemmini/DMACommandTracker.scala:9:7: note: For more information, see https://github.com/llvm/circt/issues/6970
generators/gemmini/src/main/scala/gemmini/LoadController.scala:13:7: warning: module contains 4 printf-encoded verification operation(s), which are deprecated and will be removed in the future
generators/gemmini/src/main/scala/gemmini/Util.scala:19:11: note: example printf here, will just be a printf in the future
generators/gemmini/src/main/scala/gemmini/LoadController.scala:13:7: note: For more information, see https://github.com/llvm/circt/issues/6970
generators/gemmini/src/main/scala/gemmini/DMACommandTracker.scala:9:7: warning: module contains 2 printf-encoded verification operation(s), which are deprecated and will be removed in the future
generators/gemmini/src/main/scala/gemmini/DMACommandTracker.scala:88:11: note: example printf here, will just be a printf in the future
generators/gemmini/src/main/scala/gemmini/DMACommandTracker.scala:9:7: note: For more information, see https://github.com/llvm/circt/issues/6970
generators/gemmini/src/main/scala/gemmini/StoreController.scala:14:7: warning: module contains 12 printf-encoded verification operation(s), which are deprecated and will be removed in the future
generators/gemmini/src/main/scala/gemmini/StoreController.scala:123:9: note: example printf here, will just be a printf in the future
generators/gemmini/src/main/scala/gemmini/StoreController.scala:14:7: note: For more information, see https://github.com/llvm/circt/issues/6970
generators/gemmini/src/main/scala/gemmini/MultiHeadedQueue.scala:7:7: warning: module contains 5 printf-encoded verification operation(s), which are deprecated and will be removed in the future
generators/gemmini/src/main/scala/gemmini/Util.scala:12:13: note: example printf here, will just be a printf in the future
generators/gemmini/src/main/scala/gemmini/MultiHeadedQueue.scala:7:7: note: For more information, see https://github.com/llvm/circt/issues/6970
generators/gemmini/src/main/scala/gemmini/MultiHeadedQueue.scala:7:7: warning: module contains 6 printf-encoded verification operation(s), which are deprecated and will be removed in the future
generators/gemmini/src/main/scala/gemmini/Util.scala:12:13: note: example printf here, will just be a printf in the future
generators/gemmini/src/main/scala/gemmini/MultiHeadedQueue.scala:7:7: note: For more information, see https://github.com/llvm/circt/issues/6970
generators/gemmini/src/main/scala/gemmini/Transposer.scala:94:7: warning: module contains 1 printf-encoded verification operation(s), which are deprecated and will be removed in the future
generators/gemmini/src/main/scala/gemmini/Util.scala:12:13: note: example printf here, will just be a printf in the future
generators/gemmini/src/main/scala/gemmini/Transposer.scala:94:7: note: For more information, see https://github.com/llvm/circt/issues/6970
generators/gemmini/src/main/scala/gemmini/Mesh.scala:17:7: warning: module contains 1 printf-encoded verification operation(s), which are deprecated and will be removed in the future
generators/gemmini/src/main/scala/gemmini/Mesh.scala:77:9: note: example printf here, will just be a printf in the future
generators/gemmini/src/main/scala/gemmini/Mesh.scala:17:7: note: For more information, see https://github.com/llvm/circt/issues/6970
generators/gemmini/src/main/scala/gemmini/TagQueue.scala:11:7: warning: module contains 3 printf-encoded verification operation(s), which are deprecated and will be removed in the future
generators/gemmini/src/main/scala/gemmini/Util.scala:12:13: note: example printf here, will just be a printf in the future
generators/gemmini/src/main/scala/gemmini/TagQueue.scala:11:7: note: For more information, see https://github.com/llvm/circt/issues/6970
generators/gemmini/src/main/scala/gemmini/MeshWithDelays.scala:32:7: warning: module contains 6 printf-encoded verification operation(s), which are deprecated and will be removed in the future
generators/gemmini/src/main/scala/gemmini/Util.scala:12:13: note: example printf here, will just be a printf in the future
generators/gemmini/src/main/scala/gemmini/MeshWithDelays.scala:32:7: note: For more information, see https://github.com/llvm/circt/issues/6970
generators/gemmini/src/main/scala/gemmini/ExecuteController.scala:12:7: warning: module contains 14 printf-encoded verification operation(s), which are deprecated and will be removed in the future
generators/gemmini/src/main/scala/gemmini/ExecuteController.scala:131:9: note: example printf here, will just be a printf in the future
generators/gemmini/src/main/scala/gemmini/ExecuteController.scala:12:7: note: For more information, see https://github.com/llvm/circt/issues/6970
generators/gemmini/src/main/scala/gemmini/Im2Col.scala:43:7: warning: module contains 2 printf-encoded verification operation(s), which are deprecated and will be removed in the future
generators/gemmini/src/main/scala/gemmini/Util.scala:19:11: note: example printf here, will just be a printf in the future
generators/gemmini/src/main/scala/gemmini/Im2Col.scala:43:7: note: For more information, see https://github.com/llvm/circt/issues/6970
generators/gemmini/src/main/scala/gemmini/Controller.scala:96:7: warning: module contains 1 printf-encoded verification operation(s), which are deprecated and will be removed in the future
generators/gemmini/src/main/scala/gemmini/Controller.scala:524:9: note: example printf here, will just be a printf in the future
generators/gemmini/src/main/scala/gemmini/Controller.scala:96:7: note: For more information, see https://github.com/llvm/circt/issues/6970
generators/rocket-chip/src/main/scala/rocket/ICache.scala:251:7: warning: module contains 3 printf-encoded verification operation(s), which are deprecated and will be removed in the future
generators/rocket-chip/src/main/scala/rocket/ICache.scala:413:11: note: example printf here, will just be a printf in the future
generators/rocket-chip/src/main/scala/rocket/ICache.scala:251:7: note: For more information, see https://github.com/llvm/circt/issues/6970
generators/rocket-chip/src/main/scala/rocket/TLB.scala:318:7: warning: module contains 1 printf-encoded verification operation(s), which are deprecated and will be removed in the future
generators/rocket-chip/src/main/scala/rocket/TLB.scala:719:13: note: example printf here, will just be a printf in the future
generators/rocket-chip/src/main/scala/rocket/TLB.scala:318:7: note: For more information, see https://github.com/llvm/circt/issues/6970
generators/rocket-chip/src/main/scala/rocket/Frontend.scala:82:7: warning: module contains 3 printf-encoded verification operation(s), which are deprecated and will be removed in the future
generators/rocket-chip/src/main/scala/rocket/Frontend.scala:96:9: note: example printf here, will just be a printf in the future
generators/rocket-chip/src/main/scala/rocket/Frontend.scala:82:7: note: For more information, see https://github.com/llvm/circt/issues/6970
generators/rocket-chip/src/main/scala/tile/FPU.scala:735:7: warning: module contains 3 printf-encoded verification operation(s), which are deprecated and will be removed in the future
generators/rocket-chip/src/main/scala/tile/FPU.scala:823:11: note: example printf here, will just be a printf in the future
generators/rocket-chip/src/main/scala/tile/FPU.scala:735:7: note: For more information, see https://github.com/llvm/circt/issues/6970
generators/rocket-chip/src/main/scala/rocket/PTW.scala:219:7: warning: module contains 5 printf-encoded verification operation(s), which are deprecated and will be removed in the future
generators/rocket-chip/src/main/scala/rocket/PTW.scala:395:9: note: example printf here, will just be a printf in the future
generators/rocket-chip/src/main/scala/rocket/PTW.scala:219:7: note: For more information, see https://github.com/llvm/circt/issues/6970
generators/rocket-chip/src/main/scala/tile/LazyRoCC.scala:400:7: warning: module contains 1 printf-encoded verification operation(s), which are deprecated and will be removed in the future
generators/rocket-chip/src/main/scala/tile/LazyRoCC.scala:418:9: note: example printf here, will just be a printf in the future
generators/rocket-chip/src/main/scala/tile/LazyRoCC.scala:400:7: note: For more information, see https://github.com/llvm/circt/issues/6970
generators/rocket-chip/src/main/scala/rocket/SimpleHellaCacheIF.scala:18:7: warning: module contains 2 printf-encoded verification operation(s), which are deprecated and will be removed in the future
generators/rocket-chip/src/main/scala/rocket/SimpleHellaCacheIF.scala:72:9: note: example printf here, will just be a printf in the future
generators/rocket-chip/src/main/scala/rocket/SimpleHellaCacheIF.scala:18:7: note: For more information, see https://github.com/llvm/circt/issues/6970
generators/rocket-chip/src/main/scala/rocket/SimpleHellaCacheIF.scala:95:7: warning: module contains 3 printf-encoded verification operation(s), which are deprecated and will be removed in the future
generators/rocket-chip/src/main/scala/rocket/SimpleHellaCacheIF.scala:124:9: note: example printf here, will just be a printf in the future
generators/rocket-chip/src/main/scala/rocket/SimpleHellaCacheIF.scala:95:7: note: For more information, see https://github.com/llvm/circt/issues/6970
generators/rocket-chip/src/main/scala/rocket/IBuf.scala:21:7: warning: module contains 1 printf-encoded verification operation(s), which are deprecated and will be removed in the future
generators/rocket-chip/src/main/scala/rocket/IBuf.scala:79:9: note: example printf here, will just be a printf in the future
generators/rocket-chip/src/main/scala/rocket/IBuf.scala:21:7: note: For more information, see https://github.com/llvm/circt/issues/6970
generators/rocket-chip/src/main/scala/rocket/CSR.scala:378:7: warning: module contains 3 printf-encoded verification operation(s), which are deprecated and will be removed in the future
generators/rocket-chip/src/main/scala/rocket/CSR.scala:1023:9: note: example printf here, will just be a printf in the future
generators/rocket-chip/src/main/scala/rocket/CSR.scala:378:7: note: For more information, see https://github.com/llvm/circt/issues/6970
generators/rocket-chip/src/main/scala/util/PlusArg.scala:58:7: warning: module contains 1 printf-encoded verification operation(s), which are deprecated and will be removed in the future
generators/rocket-chip/src/main/scala/util/PlusArg.scala:64:12: note: example printf here, will just be a printf in the future
generators/rocket-chip/src/main/scala/util/PlusArg.scala:58:7: note: For more information, see https://github.com/llvm/circt/issues/6970
generators/rocket-chip/src/main/scala/rocket/RocketCore.scala:158:7: warning: module contains 1 printf-encoded verification operation(s), which are deprecated and will be removed in the future
generators/rocket-chip/src/main/scala/rocket/RocketCore.scala:885:11: note: example printf here, will just be a printf in the future
generators/rocket-chip/src/main/scala/rocket/RocketCore.scala:158:7: note: For more information, see https://github.com/llvm/circt/issues/6970
generators/rocket-chip/src/main/scala/tilelink/Monitor.scala:35:7: warning: module contains 114 printf-encoded verification operation(s), which are deprecated and will be removed in the future
generators/rocket-chip/src/main/scala/tilelink/Monitor.scala:44:11: note: example printf here, will just be a printf in the future
generators/rocket-chip/src/main/scala/tilelink/Monitor.scala:35:7: note: For more information, see https://github.com/llvm/circt/issues/6970
generators/rocket-chip/src/main/scala/tilelink/Monitor.scala:35:7: warning: module contains 210 printf-encoded verification operation(s), which are deprecated and will be removed in the future
generators/rocket-chip/src/main/scala/tilelink/Monitor.scala:44:11: note: example printf here, will just be a printf in the future
generators/rocket-chip/src/main/scala/tilelink/Monitor.scala:35:7: note: For more information, see https://github.com/llvm/circt/issues/6970
generators/rocket-chip/src/main/scala/tilelink/Monitor.scala:35:7: warning: module contains 112 printf-encoded verification operation(s), which are deprecated and will be removed in the future
generators/rocket-chip/src/main/scala/tilelink/Monitor.scala:44:11: note: example printf here, will just be a printf in the future
generators/rocket-chip/src/main/scala/tilelink/Monitor.scala:35:7: note: For more information, see https://github.com/llvm/circt/issues/6970
generators/rocket-chip/src/main/scala/tilelink/Monitor.scala:35:7: warning: module contains 114 printf-encoded verification operation(s), which are deprecated and will be removed in the future
generators/rocket-chip/src/main/scala/tilelink/Monitor.scala:44:11: note: example printf here, will just be a printf in the future
generators/rocket-chip/src/main/scala/tilelink/Monitor.scala:35:7: note: For more information, see https://github.com/llvm/circt/issues/6970
generators/rocket-chip/src/main/scala/devices/tilelink/Plic.scala:132:9: warning: module contains 4 printf-encoded verification operation(s), which are deprecated and will be removed in the future
generators/rocket-chip/src/main/scala/devices/tilelink/Plic.scala:249:11: note: example printf here, will just be a printf in the future
generators/rocket-chip/src/main/scala/devices/tilelink/Plic.scala:132:9: note: For more information, see https://github.com/llvm/circt/issues/6970
generators/rocket-chip/src/main/scala/tilelink/Monitor.scala:35:7: warning: module contains 112 printf-encoded verification operation(s), which are deprecated and will be removed in the future
generators/rocket-chip/src/main/scala/tilelink/Monitor.scala:44:11: note: example printf here, will just be a printf in the future
generators/rocket-chip/src/main/scala/tilelink/Monitor.scala:35:7: note: For more information, see https://github.com/llvm/circt/issues/6970
generators/rocket-chip/src/main/scala/tilelink/Xbar.scala:74:9: warning: module contains 3 printf-encoded verification operation(s), which are deprecated and will be removed in the future
generators/rocket-chip/src/main/scala/tilelink/Arbiter.scala:22:12: note: example printf here, will just be a printf in the future
generators/rocket-chip/src/main/scala/tilelink/Xbar.scala:74:9: note: For more information, see https://github.com/llvm/circt/issues/6970
generators/rocket-chip/src/main/scala/tilelink/Monitor.scala:35:7: warning: module contains 112 printf-encoded verification operation(s), which are deprecated and will be removed in the future
generators/rocket-chip/src/main/scala/tilelink/Monitor.scala:44:11: note: example printf here, will just be a printf in the future
generators/rocket-chip/src/main/scala/tilelink/Monitor.scala:35:7: note: For more information, see https://github.com/llvm/circt/issues/6970
generators/rocket-chip/src/main/scala/tilelink/Monitor.scala:35:7: warning: module contains 112 printf-encoded verification operation(s), which are deprecated and will be removed in the future
generators/rocket-chip/src/main/scala/tilelink/Monitor.scala:44:11: note: example printf here, will just be a printf in the future
generators/rocket-chip/src/main/scala/tilelink/Monitor.scala:35:7: note: For more information, see https://github.com/llvm/circt/issues/6970
generators/rocket-chip/src/main/scala/tilelink/Monitor.scala:35:7: warning: module contains 112 printf-encoded verification operation(s), which are deprecated and will be removed in the future
generators/rocket-chip/src/main/scala/tilelink/Monitor.scala:44:11: note: example printf here, will just be a printf in the future
generators/rocket-chip/src/main/scala/tilelink/Monitor.scala:35:7: note: For more information, see https://github.com/llvm/circt/issues/6970
generators/rocket-chip/src/main/scala/devices/tilelink/Error.scala:21:9: warning: module contains 3 printf-encoded verification operation(s), which are deprecated and will be removed in the future
generators/rocket-chip/src/main/scala/devices/tilelink/Error.scala:34:12: note: example printf here, will just be a printf in the future
generators/rocket-chip/src/main/scala/devices/tilelink/Error.scala:21:9: note: For more information, see https://github.com/llvm/circt/issues/6970
generators/rocket-chip/src/main/scala/tilelink/Monitor.scala:35:7: warning: module contains 114 printf-encoded verification operation(s), which are deprecated and will be removed in the future
generators/rocket-chip/src/main/scala/tilelink/Monitor.scala:44:11: note: example printf here, will just be a printf in the future
generators/rocket-chip/src/main/scala/tilelink/Monitor.scala:35:7: note: For more information, see https://github.com/llvm/circt/issues/6970
generators/rocket-chip/src/main/scala/devices/debug/SBA.scala:273:9: warning: module contains 1 printf-encoded verification operation(s), which are deprecated and will be removed in the future
generators/rocket-chip/src/main/scala/devices/debug/SBA.scala:373:12: note: example printf here, will just be a printf in the future
generators/rocket-chip/src/main/scala/devices/debug/SBA.scala:273:9: note: For more information, see https://github.com/llvm/circt/issues/6970
generators/rocket-chip/src/main/scala/tilelink/Monitor.scala:35:7: warning: module contains 112 printf-encoded verification operation(s), which are deprecated and will be removed in the future
generators/rocket-chip/src/main/scala/tilelink/Monitor.scala:44:11: note: example printf here, will just be a printf in the future
generators/rocket-chip/src/main/scala/tilelink/Monitor.scala:35:7: note: For more information, see https://github.com/llvm/circt/issues/6970
generators/rocket-chip/src/main/scala/tilelink/Monitor.scala:35:7: warning: module contains 112 printf-encoded verification operation(s), which are deprecated and will be removed in the future
generators/rocket-chip/src/main/scala/tilelink/Monitor.scala:44:11: note: example printf here, will just be a printf in the future
generators/rocket-chip/src/main/scala/tilelink/Monitor.scala:35:7: note: For more information, see https://github.com/llvm/circt/issues/6970
generators/rocket-chip/src/main/scala/devices/debug/Debug.scala:790:9: warning: module contains 5 printf-encoded verification operation(s), which are deprecated and will be removed in the future
generators/rocket-chip/src/main/scala/devices/debug/Debug.scala:1505:15: note: example printf here, will just be a printf in the future
generators/rocket-chip/src/main/scala/devices/debug/Debug.scala:790:9: note: For more information, see https://github.com/llvm/circt/issues/6970
generators/rocket-chip/src/main/scala/tilelink/Monitor.scala:35:7: warning: module contains 112 printf-encoded verification operation(s), which are deprecated and will be removed in the future
generators/rocket-chip/src/main/scala/tilelink/Monitor.scala:44:11: note: example printf here, will just be a printf in the future
generators/rocket-chip/src/main/scala/tilelink/Monitor.scala:35:7: note: For more information, see https://github.com/llvm/circt/issues/6970
generators/rocket-chip/src/main/scala/tilelink/Monitor.scala:35:7: warning: module contains 114 printf-encoded verification operation(s), which are deprecated and will be removed in the future
generators/rocket-chip/src/main/scala/tilelink/Monitor.scala:44:11: note: example printf here, will just be a printf in the future
generators/rocket-chip/src/main/scala/tilelink/Monitor.scala:35:7: note: For more information, see https://github.com/llvm/circt/issues/6970
generators/rocket-chip/src/main/scala/tilelink/SRAM.scala:63:9: warning: module contains 1 printf-encoded verification operation(s), which are deprecated and will be removed in the future
generators/rocket-chip/src/main/scala/tilelink/SRAM.scala:231:12: note: example printf here, will just be a printf in the future
generators/rocket-chip/src/main/scala/tilelink/SRAM.scala:63:9: note: For more information, see https://github.com/llvm/circt/issues/6970
generators/rocket-chip/src/main/scala/tilelink/Monitor.scala:35:7: warning: module contains 114 printf-encoded verification operation(s), which are deprecated and will be removed in the future
generators/rocket-chip/src/main/scala/tilelink/Monitor.scala:44:11: note: example printf here, will just be a printf in the future
generators/rocket-chip/src/main/scala/tilelink/Monitor.scala:35:7: note: For more information, see https://github.com/llvm/circt/issues/6970
generators/rocket-chip/src/main/scala/tilelink/Fragmenter.scala:92:9: warning: module contains 3 printf-encoded verification operation(s), which are deprecated and will be removed in the future
generators/rocket-chip/src/main/scala/tilelink/Fragmenter.scala:214:16: note: example printf here, will just be a printf in the future
generators/rocket-chip/src/main/scala/tilelink/Fragmenter.scala:92:9: note: For more information, see https://github.com/llvm/circt/issues/6970
generators/rocket-chip/src/main/scala/tilelink/Monitor.scala:35:7: warning: module contains 114 printf-encoded verification operation(s), which are deprecated and will be removed in the future
generators/rocket-chip/src/main/scala/tilelink/Monitor.scala:44:11: note: example printf here, will just be a printf in the future
generators/rocket-chip/src/main/scala/tilelink/Monitor.scala:35:7: note: For more information, see https://github.com/llvm/circt/issues/6970
generators/rocket-chip/src/main/scala/tilelink/Monitor.scala:35:7: warning: module contains 112 printf-encoded verification operation(s), which are deprecated and will be removed in the future
generators/rocket-chip/src/main/scala/tilelink/Monitor.scala:44:11: note: example printf here, will just be a printf in the future
generators/rocket-chip/src/main/scala/tilelink/Monitor.scala:35:7: note: For more information, see https://github.com/llvm/circt/issues/6970
generators/rocket-chip/src/main/scala/tilelink/Monitor.scala:35:7: warning: module contains 112 printf-encoded verification operation(s), which are deprecated and will be removed in the future
generators/rocket-chip/src/main/scala/tilelink/Monitor.scala:44:11: note: example printf here, will just be a printf in the future
generators/rocket-chip/src/main/scala/tilelink/Monitor.scala:35:7: note: For more information, see https://github.com/llvm/circt/issues/6970
generators/rocket-chip/src/main/scala/tilelink/Xbar.scala:74:9: warning: module contains 3 printf-encoded verification operation(s), which are deprecated and will be removed in the future
generators/rocket-chip/src/main/scala/tilelink/Arbiter.scala:22:12: note: example printf here, will just be a printf in the future
generators/rocket-chip/src/main/scala/tilelink/Xbar.scala:74:9: note: For more information, see https://github.com/llvm/circt/issues/6970
generators/rocket-chip/src/main/scala/tilelink/Monitor.scala:35:7: warning: module contains 112 printf-encoded verification operation(s), which are deprecated and will be removed in the future
generators/rocket-chip/src/main/scala/tilelink/Monitor.scala:44:11: note: example printf here, will just be a printf in the future
generators/rocket-chip/src/main/scala/tilelink/Monitor.scala:35:7: note: For more information, see https://github.com/llvm/circt/issues/6970
generators/rocket-chip/src/main/scala/tilelink/Monitor.scala:35:7: warning: module contains 112 printf-encoded verification operation(s), which are deprecated and will be removed in the future
generators/rocket-chip/src/main/scala/tilelink/Monitor.scala:44:11: note: example printf here, will just be a printf in the future
generators/rocket-chip/src/main/scala/tilelink/Monitor.scala:35:7: note: For more information, see https://github.com/llvm/circt/issues/6970
generators/rocket-chip/src/main/scala/tilelink/Fragmenter.scala:92:9: warning: module contains 3 printf-encoded verification operation(s), which are deprecated and will be removed in the future
generators/rocket-chip/src/main/scala/tilelink/Fragmenter.scala:214:16: note: example printf here, will just be a printf in the future
generators/rocket-chip/src/main/scala/tilelink/Fragmenter.scala:92:9: note: For more information, see https://github.com/llvm/circt/issues/6970
generators/rocket-chip/src/main/scala/tilelink/Monitor.scala:35:7: warning: module contains 112 printf-encoded verification operation(s), which are deprecated and will be removed in the future
generators/rocket-chip/src/main/scala/tilelink/Monitor.scala:44:11: note: example printf here, will just be a printf in the future
generators/rocket-chip/src/main/scala/tilelink/Monitor.scala:35:7: note: For more information, see https://github.com/llvm/circt/issues/6970
generators/rocket-chip/src/main/scala/tilelink/Monitor.scala:35:7: warning: module contains 112 printf-encoded verification operation(s), which are deprecated and will be removed in the future
generators/rocket-chip/src/main/scala/tilelink/Monitor.scala:44:11: note: example printf here, will just be a printf in the future
generators/rocket-chip/src/main/scala/tilelink/Monitor.scala:35:7: note: For more information, see https://github.com/llvm/circt/issues/6970
generators/rocket-chip/src/main/scala/tilelink/Fragmenter.scala:92:9: warning: module contains 3 printf-encoded verification operation(s), which are deprecated and will be removed in the future
generators/rocket-chip/src/main/scala/tilelink/Fragmenter.scala:214:16: note: example printf here, will just be a printf in the future
generators/rocket-chip/src/main/scala/tilelink/Fragmenter.scala:92:9: note: For more information, see https://github.com/llvm/circt/issues/6970
generators/rocket-chip/src/main/scala/jtag/JtagShifter.scala:137:7: warning: module contains 1 printf-encoded verification operation(s), which are deprecated and will be removed in the future
generators/rocket-chip/src/main/scala/jtag/JtagShifter.scala:185:9: note: example printf here, will just be a printf in the future
generators/rocket-chip/src/main/scala/jtag/JtagShifter.scala:137:7: note: For more information, see https://github.com/llvm/circt/issues/6970
generators/rocket-chip/src/main/scala/jtag/JtagShifter.scala:137:7: warning: module contains 1 printf-encoded verification operation(s), which are deprecated and will be removed in the future
generators/rocket-chip/src/main/scala/jtag/JtagShifter.scala:185:9: note: example printf here, will just be a printf in the future
generators/rocket-chip/src/main/scala/jtag/JtagShifter.scala:137:7: note: For more information, see https://github.com/llvm/circt/issues/6970
generators/rocket-chip/src/main/scala/jtag/JtagShifter.scala:89:7: warning: module contains 1 printf-encoded verification operation(s), which are deprecated and will be removed in the future
generators/rocket-chip/src/main/scala/jtag/JtagShifter.scala:118:9: note: example printf here, will just be a printf in the future
generators/rocket-chip/src/main/scala/jtag/JtagShifter.scala:89:7: note: For more information, see https://github.com/llvm/circt/issues/6970
generators/rocket-chip/src/main/scala/jtag/JtagShifter.scala:137:7: warning: module contains 1 printf-encoded verification operation(s), which are deprecated and will be removed in the future
generators/rocket-chip/src/main/scala/jtag/JtagShifter.scala:185:9: note: example printf here, will just be a printf in the future
generators/rocket-chip/src/main/scala/jtag/JtagShifter.scala:137:7: note: For more information, see https://github.com/llvm/circt/issues/6970
generators/rocket-chip/src/main/scala/jtag/JtagShifter.scala:56:7: warning: module contains 1 printf-encoded verification operation(s), which are deprecated and will be removed in the future
generators/rocket-chip/src/main/scala/jtag/JtagShifter.scala:72:9: note: example printf here, will just be a printf in the future
generators/rocket-chip/src/main/scala/jtag/JtagShifter.scala:56:7: note: For more information, see https://github.com/llvm/circt/issues/6970
generators/rocket-chip/src/main/scala/devices/debug/DebugTransport.scala:73:7: warning: module contains 3 printf-encoded verification operation(s), which are deprecated and will be removed in the future
generators/rocket-chip/src/main/scala/devices/debug/DebugTransport.scala:203:9: note: example printf here, will just be a printf in the future
generators/rocket-chip/src/main/scala/devices/debug/DebugTransport.scala:73:7: note: For more information, see https://github.com/llvm/circt/issues/6970
generators/testchipip/src/main/scala/uart/SimUART.scala:26:7: warning: module contains 1 printf-encoded verification operation(s), which are deprecated and will be removed in the future
generators/testchipip/src/main/scala/uart/SimUART.scala:48:35: note: example printf here, will just be a printf in the future
generators/testchipip/src/main/scala/uart/SimUART.scala:26:7: note: For more information, see https://github.com/llvm/circt/issues/6970
generators/rocket-chip/src/main/scala/tilelink/Monitor.scala:35:7: warning: module contains 114 printf-encoded verification operation(s), which are deprecated and will be removed in the future
generators/rocket-chip/src/main/scala/tilelink/Monitor.scala:44:11: note: example printf here, will just be a printf in the future
generators/rocket-chip/src/main/scala/tilelink/Monitor.scala:35:7: note: For more information, see https://github.com/llvm/circt/issues/6970
generators/testchipip/src/main/scala/tsi/TSIToTileLink.scala:36:7: warning: module contains 1 printf-encoded verification operation(s), which are deprecated and will be removed in the future
generators/testchipip/src/main/scala/tsi/TSIToTileLink.scala:137:15: note: example printf here, will just be a printf in the future
generators/testchipip/src/main/scala/tsi/TSIToTileLink.scala:36:7: note: For more information, see https://github.com/llvm/circt/issues/6970
generators/rocket-chip/src/main/scala/tilelink/Monitor.scala:35:7: warning: module contains 114 printf-encoded verification operation(s), which are deprecated and will be removed in the future
generators/rocket-chip/src/main/scala/tilelink/Monitor.scala:44:11: note: example printf here, will just be a printf in the future
generators/rocket-chip/src/main/scala/tilelink/Monitor.scala:35:7: note: For more information, see https://github.com/llvm/circt/issues/6970
generators/chipyard/src/main/scala/harness/TestHarness.scala:19:7: warning: module contains 2 printf-encoded verification operation(s), which are deprecated and will be removed in the future
generators/rocket-chip/src/main/scala/devices/debug/Periphery.scala:236:11: note: example printf here, will just be a printf in the future
generators/chipyard/src/main/scala/harness/TestHarness.scala:19:7: note: For more information, see https://github.com/llvm/circt/issues/6970
===-------------------------------------------------------------------------===
                         ... Execution time report ...
===-------------------------------------------------------------------------===
  Total Execution Time: 11.6159 seconds

  ----User Time----  ----Wall Time----  ----Name----
    0.8178 (  2.7%)    0.8178 (  7.0%)  FIR Parser
    0.0404 (  0.1%)    0.0404 (  0.3%)    Parse annotations
    0.0000 (  0.0%)    0.0000 (  0.0%)    Parse OMIR
    0.5624 (  1.9%)    0.5624 (  4.8%)    Parse modules
    0.1851 (  0.6%)    0.1851 (  1.6%)    Verify circuit
   20.1364 ( 67.1%)    6.5930 ( 56.8%)  'firrtl.circuit' Pipeline
    0.0136 (  0.0%)    0.0136 (  0.1%)    LowerOpenAggs
    0.2372 (  0.8%)    0.2372 (  2.0%)    ResolvePaths
    0.0123 (  0.0%)    0.0123 (  0.1%)      (A) circt::firrtl::InstanceGraph
    0.1929 (  0.6%)    0.1929 (  1.7%)    LowerFIRRTLAnnotations
    0.0108 (  0.0%)    0.0108 (  0.1%)    LowerIntmodules
    0.0107 (  0.0%)    0.0107 (  0.1%)      (A) circt::firrtl::InstanceGraph
    0.2706 (  0.9%)    0.0229 (  0.2%)    'firrtl.module' Pipeline
    0.2069 (  0.7%)    0.0197 (  0.2%)      LowerIntrinsics
    0.2443 (  0.8%)    0.2443 (  2.1%)    LowerSignatures
    0.0000 (  0.0%)    0.0000 (  0.0%)    InjectDUTHierarchy
    5.2467 ( 17.5%)    0.5053 (  4.3%)    'firrtl.module' Pipeline
    0.9883 (  3.3%)    0.1310 (  1.1%)      PassiveWires
    1.7310 (  5.8%)    0.1512 (  1.3%)      DropName
    1.4235 (  4.7%)    0.1327 (  1.1%)      CSE
    0.0153 (  0.1%)    0.0017 (  0.0%)        (A) DominanceInfo
    0.2203 (  0.7%)    0.0232 (  0.2%)      LowerCHIRRTLPass
    0.7617 (  2.5%)    0.0716 (  0.6%)      LowerMatches
    0.4846 (  1.6%)    0.4846 (  4.2%)    InferWidths
    0.0003 (  0.0%)    0.0003 (  0.0%)      (A) SymbolTable
    0.0113 (  0.0%)    0.0113 (  0.1%)      (A) circt::hw::InnerSymbolTableCollection
    0.1836 (  0.6%)    0.1836 (  1.6%)    MemToRegOfVec
    0.2574 (  0.9%)    0.2574 (  2.2%)    InferResets
    0.0115 (  0.0%)    0.0115 (  0.1%)      (A) circt::firrtl::InstanceGraph
    0.1995 (  0.7%)    0.1995 (  1.7%)    DropConst
    0.0027 (  0.0%)    0.0027 (  0.0%)    HoistPassthrough
    0.3544 (  1.2%)    0.3544 (  3.1%)    Dedup
    0.0002 (  0.0%)    0.0002 (  0.0%)      (A) circt::firrtl::NLATable
    0.0001 (  0.0%)    0.0001 (  0.0%)      (A) SymbolTable
    0.5900 (  2.0%)    0.0700 (  0.6%)    'firrtl.module' Pipeline
    0.5860 (  2.0%)    0.0698 (  0.6%)      FlattenMemory
    0.3391 (  1.1%)    0.3391 (  2.9%)    LowerFIRRTLTypes
    0.0001 (  0.0%)    0.0001 (  0.0%)      (A) SymbolTable
    1.0387 (  3.5%)    0.1075 (  0.9%)    'any' Pipeline
    1.0343 (  3.4%)    0.1073 (  0.9%)      ExpandWhens
    1.9184 (  6.4%)    0.2199 (  1.9%)    'firrtl.module' Pipeline
    0.6187 (  2.1%)    0.0873 (  0.8%)      SFCCompat
    0.6659 (  2.2%)    0.0735 (  0.6%)      LayerMerge
    0.6252 (  2.1%)    0.0688 (  0.6%)      LayerSink
    0.0023 (  0.0%)    0.0006 (  0.0%)        (A) DominanceInfo
    0.3576 (  1.2%)    0.3576 (  3.1%)    LowerLayers
    0.4276 (  1.4%)    0.4276 (  3.7%)    Inliner
    0.0000 (  0.0%)    0.0000 (  0.0%)      (A) SymbolTable
    0.8344 (  2.8%)    0.0862 (  0.7%)    'firrtl.module' Pipeline
    0.8307 (  2.8%)    0.0860 (  0.7%)      RandomizeRegisterInit
    0.2946 (  1.0%)    0.2946 (  2.5%)    CheckCombLoops
    0.0110 (  0.0%)    0.0110 (  0.1%)      (A) circt::firrtl::InstanceGraph
    3.6445 ( 12.1%)    0.3695 (  3.2%)    'firrtl.module' Pipeline
    3.2934 ( 11.0%)    0.3349 (  2.9%)      Canonicalizer
    0.3461 (  1.2%)    0.0365 (  0.3%)      InferReadWrite
    0.1878 (  0.6%)    0.1878 (  1.6%)    LowerMemory
    0.0073 (  0.0%)    0.0073 (  0.1%)      (A) circt::firrtl::InstanceGraph
    0.0001 (  0.0%)    0.0001 (  0.0%)      (A) SymbolTable
    0.1073 (  0.4%)    0.1073 (  0.9%)    PrefixModules
    0.0075 (  0.0%)    0.0075 (  0.1%)      (A) circt::firrtl::InstanceGraph
    0.0002 (  0.0%)    0.0002 (  0.0%)      (A) circt::firrtl::NLATable
    0.6112 (  2.0%)    0.6112 (  5.3%)    IMConstProp
    0.0094 (  0.0%)    0.0094 (  0.1%)    HoistPassthrough
    0.0069 (  0.0%)    0.0069 (  0.1%)      (A) circt::firrtl::InstanceGraph
    0.4355 (  1.5%)    0.4355 (  3.7%)  IMDeadCodeElim
    0.0075 (  0.0%)    0.0075 (  0.1%)    (A) circt::firrtl::InstanceGraph
    0.0001 (  0.0%)    0.0001 (  0.0%)    (A) SymbolTable
    0.0073 (  0.0%)    0.0073 (  0.1%)    (A) circt::hw::InnerSymbolTableCollection
    0.0055 (  0.0%)    0.0055 (  0.0%)  'firrtl.circuit' Pipeline
    0.0055 (  0.0%)    0.0055 (  0.0%)    AddSeqMemPorts
    0.0052 (  0.0%)    0.0052 (  0.0%)      (A) circt::firrtl::InstanceGraph
    0.1033 (  0.3%)    0.1033 (  0.9%)  CreateSiFiveMetadata
    0.0056 (  0.0%)    0.0056 (  0.0%)    (A) circt::firrtl::InstanceGraph
    0.3462 (  1.2%)    0.3462 (  3.0%)  'firrtl.circuit' Pipeline
    0.0430 (  0.1%)    0.0430 (  0.4%)    ExtractInstances
    0.0056 (  0.0%)    0.0056 (  0.0%)      (A) circt::firrtl::InstanceGraph
    0.0002 (  0.0%)    0.0002 (  0.0%)      (A) circt::firrtl::NLATable
    0.0000 (  0.0%)    0.0000 (  0.0%)    GrandCentral
    0.0891 (  0.3%)    0.0891 (  0.8%)    BlackBoxReader
    0.2141 (  0.7%)    0.2141 (  1.8%)    SymbolDCE
    0.1650 (  0.6%)    0.1650 (  1.4%)  InnerSymbolDCE
    1.3838 (  4.6%)    0.5575 (  4.8%)  'firrtl.circuit' Pipeline
    0.8262 (  2.8%)    0.0963 (  0.8%)    'firrtl.module' Pipeline
    0.6465 (  2.2%)    0.0744 (  0.6%)      Canonicalizer
    0.1703 (  0.6%)    0.0205 (  0.2%)      RegisterOptimizer
    0.4062 (  1.4%)    0.4062 (  3.5%)    IMConstProp
    0.0052 (  0.0%)    0.0052 (  0.0%)      (A) circt::firrtl::InstanceGraph
    0.3617 (  1.2%)    0.3617 (  3.1%)  IMDeadCodeElim
    0.0054 (  0.0%)    0.0054 (  0.0%)    (A) circt::firrtl::InstanceGraph
    0.0001 (  0.0%)    0.0001 (  0.0%)    (A) SymbolTable
    0.0053 (  0.0%)    0.0053 (  0.0%)    (A) circt::hw::InnerSymbolTableCollection
    1.1324 (  3.8%)    0.5453 (  4.7%)  'firrtl.circuit' Pipeline
    0.0000 (  0.0%)    0.0000 (  0.0%)    EmitOMIR
    0.5328 (  1.8%)    0.0630 (  0.5%)    'firrtl.module' Pipeline
    0.0636 (  0.2%)    0.0087 (  0.1%)      MergeConnections
    0.4634 (  1.5%)    0.0542 (  0.5%)      Vectorization
    0.0131 (  0.0%)    0.0131 (  0.1%)    ResolveTraces
    0.0000 (  0.0%)    0.0000 (  0.0%)      (A) circt::firrtl::NLATable
    0.0053 (  0.0%)    0.0053 (  0.0%)      (A) circt::hw::InnerSymbolTableCollection
    0.1339 (  0.4%)    0.1339 (  1.2%)    LowerXMR
    0.0052 (  0.0%)    0.0052 (  0.0%)      (A) circt::firrtl::InstanceGraph
    0.2297 (  0.8%)    0.2297 (  2.0%)    LowerClasses
    0.0055 (  0.0%)    0.0055 (  0.0%)      (A) circt::firrtl::InstanceGraph
    0.0001 (  0.0%)    0.0001 (  0.0%)      (A) SymbolTable
    0.0001 (  0.0%)    0.0001 (  0.0%)    VerifyObjectFields
    0.0000 (  0.0%)    0.0000 (  0.0%)      (A) SymbolTable
    0.0542 (  0.2%)    0.0046 (  0.0%)    'firrtl.module' Pipeline
    0.0456 (  0.2%)    0.0042 (  0.0%)      Lint
    0.2975 (  1.0%)    0.2975 (  2.6%)  LowerFIRRTLToHW
    0.0053 (  0.0%)    0.0053 (  0.0%)    (A) circt::firrtl::InstanceGraph
    0.0001 (  0.0%)    0.0001 (  0.0%)    (A) circt::firrtl::NLATable
    1.3124 (  4.4%)    0.1298 (  1.1%)  'hw.module' Pipeline
    0.4053 (  1.4%)    0.0631 (  0.5%)    CSE
    0.0010 (  0.0%)    0.0001 (  0.0%)      (A) DominanceInfo
    0.9002 (  3.0%)    0.0665 (  0.6%)    Canonicalizer
    0.0061 (  0.0%)    0.0061 (  0.1%)  VerifyInnerRefNamespace
    0.0002 (  0.0%)    0.0002 (  0.0%)  VerifyObjectFields
    0.0001 (  0.0%)    0.0001 (  0.0%)    (A) SymbolTable
    0.0182 (  0.1%)    0.0182 (  0.2%)  ExternalizeClockGate
    0.0433 (  0.1%)    0.0433 (  0.4%)  LowerSimToSV
    0.1990 (  0.7%)    0.1990 (  1.7%)  LowerSeqToSV
    0.2166 (  0.7%)    0.0240 (  0.2%)  'hw.module' Pipeline
    0.2127 (  0.7%)    0.0237 (  0.2%)    LowerVerifToSV
    0.0615 (  0.2%)    0.0615 (  0.5%)  HWMemSimImpl
    1.0209 (  3.4%)    0.1062 (  0.9%)  'hw.module' Pipeline
    0.3640 (  1.2%)    0.0522 (  0.4%)    CSE
    0.0029 (  0.0%)    0.0005 (  0.0%)      (A) DominanceInfo
    0.3868 (  1.3%)    0.0334 (  0.3%)    Canonicalizer
    0.1517 (  0.5%)    0.0131 (  0.1%)    CSE
    0.0012 (  0.0%)    0.0002 (  0.0%)      (A) DominanceInfo
    0.1064 (  0.4%)    0.0093 (  0.1%)    HWCleanup
    0.0076 (  0.0%)    0.0076 (  0.1%)  VerifyInnerRefNamespace
    0.0002 (  0.0%)    0.0002 (  0.0%)  VerifyObjectFields
    0.0001 (  0.0%)    0.0001 (  0.0%)    (A) SymbolTable
    0.2463 (  0.8%)    0.0273 (  0.2%)  'hw.module' Pipeline
    0.0345 (  0.1%)    0.0034 (  0.0%)    HWLegalizeModules
    0.2051 (  0.7%)    0.0234 (  0.2%)    PrettifyVerilog
    0.0663 (  0.2%)    0.0663 (  0.6%)  StripDebugInfoWithPred
    0.0464 (  0.2%)    0.0464 (  0.4%)  HWExportModuleHierarchy
    0.0001 (  0.0%)    0.0001 (  0.0%)    (A) SymbolTable
    0.0096 (  0.0%)    0.0096 (  0.1%)  VerifyInnerRefNamespace
    0.0002 (  0.0%)    0.0002 (  0.0%)  VerifyObjectFields
    0.4702 (  1.6%)    0.4702 (  4.0%)  ExportSplitVerilog
    0.8579 (  2.9%)    0.2220 (  1.9%)  'builtin.module' Pipeline
    0.0900 (  0.3%)    0.0900 (  0.8%)    HWLowerInstanceChoices
    0.6360 (  2.1%)    0.0730 (  0.6%)    'hw.module' Pipeline
    0.6306 (  2.1%)    0.0729 (  0.6%)      PrepareForEmission
   -0.2045 ( -0.7%)   -0.2045 ( -1.8%)  Rest
   30.0048 (100.0%)   11.6159 (100.0%)  Total
sed -i 's/.*/& /' /home/hunter/chipyard/sims/verilator/generated-src/chipyard.harness.TestHarness.GemminiRocketConfig/chipyard.harness.TestHarness.GemminiRocketConfig.mems.conf # need trailing space for SFC macrocompiler
# If there are no BB's then the file might not be generated; ensure it exists
touch /home/hunter/chipyard/sims/verilator/generated-src/chipyard.harness.TestHarness.GemminiRocketConfig/gen-collateral/firrtl_black_box_resource_files.f
/home/hunter/chipyard/scripts/uniquify-module-names.py \
	--model-hier-json /home/hunter/chipyard/sims/verilator/generated-src/chipyard.harness.TestHarness.GemminiRocketConfig/model_module_hierarchy.json \
	--top-hier-json /home/hunter/chipyard/sims/verilator/generated-src/chipyard.harness.TestHarness.GemminiRocketConfig/top_module_hierarchy.json \
	--in-all-filelist /home/hunter/chipyard/sims/verilator/generated-src/chipyard.harness.TestHarness.GemminiRocketConfig/gen-collateral/filelist.f \
	--in-bb-filelist /home/hunter/chipyard/sims/verilator/generated-src/chipyard.harness.TestHarness.GemminiRocketConfig/gen-collateral/firrtl_black_box_resource_files.f \
	--dut ChipTop \
	--model TestHarness \
	--target-dir /home/hunter/chipyard/sims/verilator/generated-src/chipyard.harness.TestHarness.GemminiRocketConfig/gen-collateral \
	--out-dut-filelist /home/hunter/chipyard/sims/verilator/generated-src/chipyard.harness.TestHarness.GemminiRocketConfig/chipyard.harness.TestHarness.GemminiRocketConfig.top.f \
	--out-model-filelist /home/hunter/chipyard/sims/verilator/generated-src/chipyard.harness.TestHarness.GemminiRocketConfig/chipyard.harness.TestHarness.GemminiRocketConfig.model.f \
	--out-model-hier-json /home/hunter/chipyard/sims/verilator/generated-src/chipyard.harness.TestHarness.GemminiRocketConfig/model_module_hierarchy.uniquified.json \
	--gcpath /home/hunter/chipyard/sims/verilator/generated-src/chipyard.harness.TestHarness.GemminiRocketConfig/gen-collateral
sed -e 's;^;/home/hunter/chipyard/sims/verilator/generated-src/chipyard.harness.TestHarness.GemminiRocketConfig/gen-collateral/;' /home/hunter/chipyard/sims/verilator/generated-src/chipyard.harness.TestHarness.GemminiRocketConfig/gen-collateral/firrtl_black_box_resource_files.f > /home/hunter/chipyard/sims/verilator/generated-src/chipyard.harness.TestHarness.GemminiRocketConfig/chipyard.harness.TestHarness.GemminiRocketConfig.bb.f
sed -i 's/\.\///' /home/hunter/chipyard/sims/verilator/generated-src/chipyard.harness.TestHarness.GemminiRocketConfig/chipyard.harness.TestHarness.GemminiRocketConfig.top.f
sed -i 's/\.\///' /home/hunter/chipyard/sims/verilator/generated-src/chipyard.harness.TestHarness.GemminiRocketConfig/chipyard.harness.TestHarness.GemminiRocketConfig.model.f
sed -i 's/\.\///' /home/hunter/chipyard/sims/verilator/generated-src/chipyard.harness.TestHarness.GemminiRocketConfig/chipyard.harness.TestHarness.GemminiRocketConfig.bb.f
sort -u /home/hunter/chipyard/sims/verilator/generated-src/chipyard.harness.TestHarness.GemminiRocketConfig/chipyard.harness.TestHarness.GemminiRocketConfig.top.f /home/hunter/chipyard/sims/verilator/generated-src/chipyard.harness.TestHarness.GemminiRocketConfig/chipyard.harness.TestHarness.GemminiRocketConfig.model.f /home/hunter/chipyard/sims/verilator/generated-src/chipyard.harness.TestHarness.GemminiRocketConfig/chipyard.harness.TestHarness.GemminiRocketConfig.bb.f > /home/hunter/chipyard/sims/verilator/generated-src/chipyard.harness.TestHarness.GemminiRocketConfig/chipyard.harness.TestHarness.GemminiRocketConfig.all.f
cp -f /home/hunter/chipyard/generators/rocket-chip/src/main/resources/vsrc/TestDriver.v /home/hunter/chipyard/sims/verilator/generated-src/chipyard.harness.TestHarness.GemminiRocketConfig/gen-collateral
/home/hunter/chipyard/scripts/split-mems-conf.py \
	--in-smems-conf /home/hunter/chipyard/sims/verilator/generated-src/chipyard.harness.TestHarness.GemminiRocketConfig/chipyard.harness.TestHarness.GemminiRocketConfig.mems.conf \
	--in-model-hrchy-json /home/hunter/chipyard/sims/verilator/generated-src/chipyard.harness.TestHarness.GemminiRocketConfig/model_module_hierarchy.uniquified.json \
	--dut-module-name ChipTop \
	--model-module-name TestHarness \
	--out-dut-smems-conf /home/hunter/chipyard/sims/verilator/generated-src/chipyard.harness.TestHarness.GemminiRocketConfig/chipyard.harness.TestHarness.GemminiRocketConfig.top.mems.conf \
	--out-model-smems-conf /home/hunter/chipyard/sims/verilator/generated-src/chipyard.harness.TestHarness.GemminiRocketConfig/chipyard.harness.TestHarness.GemminiRocketConfig.model.mems.conf
echo "/home/hunter/chipyard/sims/verilator/generated-src/chipyard.harness.TestHarness.GemminiRocketConfig/gen-collateral/TestDriver.v" >> /home/hunter/chipyard/sims/verilator/generated-src/chipyard.harness.TestHarness.GemminiRocketConfig/sim_files.f;
[ -f /home/hunter/chipyard/sims/verilator/generated-src/chipyard.harness.TestHarness.GemminiRocketConfig/gen-collateral/custom.mems.conf ] && cat /home/hunter/chipyard/sims/verilator/generated-src/chipyard.harness.TestHarness.GemminiRocketConfig/gen-collateral/custom.mems.conf >> /home/hunter/chipyard/sims/verilator/generated-src/chipyard.harness.TestHarness.GemminiRocketConfig/chipyard.harness.TestHarness.GemminiRocketConfig.top.mems.conf
make: [/home/hunter/chipyard/common.mk:290: /home/hunter/chipyard/sims/verilator/generated-src/chipyard.harness.TestHarness.GemminiRocketConfig/chipyard.harness.TestHarness.GemminiRocketConfig.top.mems.conf] Error 1 (ignored)
cd /home/hunter/chipyard && java -cp /home/hunter/chipyard/.classpath_cache/tapeout.jar tapeout.macros.MacroCompiler -n /home/hunter/chipyard/sims/verilator/generated-src/chipyard.harness.TestHarness.GemminiRocketConfig/chipyard.harness.TestHarness.GemminiRocketConfig.top.mems.conf -v /home/hunter/chipyard/sims/verilator/generated-src/chipyard.harness.TestHarness.GemminiRocketConfig/gen-collateral/chipyard.harness.TestHarness.GemminiRocketConfig.top.mems.v -f /home/hunter/chipyard/sims/verilator/generated-src/chipyard.harness.TestHarness.GemminiRocketConfig/chipyard.harness.TestHarness.GemminiRocketConfig.top.mems.fir --mode synflops
cd /home/hunter/chipyard && java -cp /home/hunter/chipyard/.classpath_cache/tapeout.jar tapeout.macros.MacroCompiler  -n /home/hunter/chipyard/sims/verilator/generated-src/chipyard.harness.TestHarness.GemminiRocketConfig/chipyard.harness.TestHarness.GemminiRocketConfig.model.mems.conf -v /home/hunter/chipyard/sims/verilator/generated-src/chipyard.harness.TestHarness.GemminiRocketConfig/gen-collateral/chipyard.harness.TestHarness.GemminiRocketConfig.model.mems.v -f /home/hunter/chipyard/sims/verilator/generated-src/chipyard.harness.TestHarness.GemminiRocketConfig/chipyard.harness.TestHarness.GemminiRocketConfig.model.mems.fir --mode synflops
Picked up JAVA_TOOL_OPTIONS: -Xmx8G -Xss8M -Djava.io.tmpdir=/home/hunter/chipyard/.java_tmp
Picked up JAVA_TOOL_OPTIONS: -Xmx8G -Xss8M -Djava.io.tmpdir=/home/hunter/chipyard/.java_tmp
WARNING: Empty *.mems.conf file. No memories generated.
touch /home/hunter/chipyard/sims/verilator/generated-src/chipyard.harness.TestHarness.GemminiRocketConfig/gen-collateral/chipyard.harness.TestHarness.GemminiRocketConfig.model.mems.v /home/hunter/chipyard/sims/verilator/generated-src/chipyard.harness.TestHarness.GemminiRocketConfig/chipyard.harness.TestHarness.GemminiRocketConfig.model.mems.fir
touch /home/hunter/chipyard/sims/verilator/generated-src/chipyard.harness.TestHarness.GemminiRocketConfig/gen-collateral/chipyard.harness.TestHarness.GemminiRocketConfig.top.mems.v /home/hunter/chipyard/sims/verilator/generated-src/chipyard.harness.TestHarness.GemminiRocketConfig/chipyard.harness.TestHarness.GemminiRocketConfig.top.mems.fir
rm -f /home/hunter/chipyard/sims/verilator/generated-src/chipyard.harness.TestHarness.GemminiRocketConfig/sim_files.common.f
sort -u /home/hunter/chipyard/sims/verilator/generated-src/chipyard.harness.TestHarness.GemminiRocketConfig/sim_files.f /home/hunter/chipyard/sims/verilator/generated-src/chipyard.harness.TestHarness.GemminiRocketConfig/chipyard.harness.TestHarness.GemminiRocketConfig.all.f | grep -v '.*\.\(svh\|h\|conf\)$' >> /home/hunter/chipyard/sims/verilator/generated-src/chipyard.harness.TestHarness.GemminiRocketConfig/sim_files.common.f
echo "/home/hunter/chipyard/sims/verilator/generated-src/chipyard.harness.TestHarness.GemminiRocketConfig/gen-collateral/chipyard.harness.TestHarness.GemminiRocketConfig.top.mems.v" >> /home/hunter/chipyard/sims/verilator/generated-src/chipyard.harness.TestHarness.GemminiRocketConfig/sim_files.common.f
echo "/home/hunter/chipyard/sims/verilator/generated-src/chipyard.harness.TestHarness.GemminiRocketConfig/gen-collateral/chipyard.harness.TestHarness.GemminiRocketConfig.model.mems.v" >> /home/hunter/chipyard/sims/verilator/generated-src/chipyard.harness.TestHarness.GemminiRocketConfig/sim_files.common.f
rm -rf /home/hunter/chipyard/sims/verilator/generated-src/chipyard.harness.TestHarness.GemminiRocketConfig/chipyard.harness.TestHarness.GemminiRocketConfig
mkdir -p /home/hunter/chipyard/sims/verilator/generated-src/chipyard.harness.TestHarness.GemminiRocketConfig/chipyard.harness.TestHarness.GemminiRocketConfig
verilator --main --timing --cc --exe -CFLAGS " -O3 -std=c++17 -I/home/hunter/chipyard/.conda-env/riscv-tools/include -I/home/hunter/chipyard/tools/DRAMSim2 -I/home/hunter/chipyard/sims/verilator/generated-src/chipyard.harness.TestHarness.GemminiRocketConfig/gen-collateral   -DVERILATOR" -LDFLAGS " -L/home/hunter/chipyard/.conda-env/riscv-tools/lib -Wl,-rpath,/home/hunter/chipyard/.conda-env/riscv-tools/lib -L/home/hunter/chipyard/sims/verilator -L/home/hunter/chipyard/tools/DRAMSim2 -lriscv -lfesvr -ldramsim "   --threads 1 --threads-dpi all -O3 --x-assign fast --x-initial fast --output-split 10000 --output-split-cfuncs 100 --assert -Wno-fatal --timescale 1ns/1ps --max-num-width 1048576 +define+CLOCK_PERIOD=1.0 +define+RESET_DELAY=777.7 +define+PRINTF_COND=TestDriver.printf_cond +define+STOP_COND=!TestDriver.reset +define+MODEL=TestHarness +define+RANDOMIZE_MEM_INIT +define+RANDOMIZE_REG_INIT +define+RANDOMIZE_GARBAGE_ASSIGN +define+RANDOMIZE_INVALID_ASSIGN +define+SIMULATION +define+GPR_RESET +define+GPR_DUPLICATED +define+DBG_TRACE_CORE_PIPELINE_VCS +define+PERF_ENABLE +define+ICACHE_DISABLE +define+DCACHE_DISABLE +define+GBAR_ENABLE +define+GBAR_CLUSTER_ENABLE +define+FPU_FPNEW /home/hunter/chipyard/generators/radiance/src/main/resources/vsrc/vortex/third_party/fpnew/src/fpnew_pkg.sv /home/hunter/chipyard/generators/radiance/src/main/resources/vsrc/vortex/third_party/fpnew/src/fpu_div_sqrt_mvp/hdl/defs_div_sqrt_mvp.sv  +define+VERILATOR --top-module TestDriver --vpi +incdir+/home/hunter/chipyard/generators/radiance/src/main/resources/vsrc/vortex/third_party/fpnew/src/common_cells/include +incdir+/home/hunter/chipyard/generators/radiance/src/main/resources/vsrc/vortex/third_party/fpnew/src/common_cells/include/common_cells +incdir+/home/hunter/chipyard/sims/verilator/generated-src/chipyard.harness.TestHarness.GemminiRocketConfig/gen-collateral -f /home/hunter/chipyard/sims/verilator/generated-src/chipyard.harness.TestHarness.GemminiRocketConfig/sim_files.common.f  -o /home/hunter/chipyard/sims/verilator/simulator-chipyard.harness-GemminiRocketConfig -Mdir /home/hunter/chipyard/sims/verilator/generated-src/chipyard.harness.TestHarness.GemminiRocketConfig/chipyard.harness.TestHarness.GemminiRocketConfig
%Warning-REDEFMACRO: Redefining existing define: 'VERILATOR', with different value: ''
                     ... Location of previous definition, with value: '1'
                     ... For warning description see https://verilator.org/warn/REDEFMACRO?v=5.022
                     ... Use "/* verilator lint_off REDEFMACRO */" and lint_on around source to disable this message.
%Warning-ASCRANGE: /home/hunter/chipyard/generators/radiance/src/main/resources/vsrc/vortex/third_party/fpnew/src/fpnew_pkg.sv:52:28: Ascending bit range vector: left < right of bit range: [0:4]
                                                                                                                                    : ... note: In instance 'TestDriver'
   52 |   localparam fp_encoding_t [0:NUM_FP_FORMATS-1] FP_ENCODINGS  = '{
      |                            ^
%Warning-ASCRANGE: /home/hunter/chipyard/generators/radiance/src/main/resources/vsrc/vortex/third_party/fpnew/src/fpnew_pkg.sv:61:17: Ascending bit range vector: left < right of bit range: [0:4]
                                                                                                                                    : ... note: In instance 'TestDriver'
   61 |   typedef logic [0:NUM_FP_FORMATS-1]       fmt_logic_t;     
      |                 ^
%Warning-ASCRANGE: /home/hunter/chipyard/generators/radiance/src/main/resources/vsrc/vortex/third_party/fpnew/src/fpnew_pkg.sv:107:17: Ascending bit range vector: left < right of bit range: [0:3]
                                                                                                                                     : ... note: In instance 'TestDriver'
  107 |   typedef logic [0:NUM_INT_FORMATS-1] ifmt_logic_t;  
      |                 ^
%Warning-ASCRANGE: /home/hunter/chipyard/generators/radiance/src/main/resources/vsrc/vortex/third_party/fpnew/src/fpnew_pkg.sv:62:17: Ascending bit range vector: left < right of bit range: [0:4]
                                                                                                                                    : ... note: In instance 'TestDriver'
   62 |   typedef logic [0:NUM_FP_FORMATS-1][31:0] fmt_unsigned_t;  
      |                 ^
%Warning-ASCRANGE: /home/hunter/chipyard/generators/radiance/src/main/resources/vsrc/vortex/third_party/fpnew/src/fpnew_pkg.sv:201:26: Ascending bit range vector: left < right of bit range: [0:3]
                                                                                                                                     : ... note: In instance 'TestDriver'
  201 |   typedef fmt_unsigned_t [0:NUM_OPGROUPS-1] opgrp_fmt_unsigned_t;
      |                          ^
%Warning-ASCRANGE: /home/hunter/chipyard/generators/radiance/src/main/resources/vsrc/vortex/third_party/fpnew/src/fpnew_pkg.sv:196:23: Ascending bit range vector: left < right of bit range: [0:4]
                                                                                                                                     : ... note: In instance 'TestDriver'
  196 |   typedef unit_type_t [0:NUM_FP_FORMATS-1] fmt_unit_types_t;
      |                       ^
%Warning-ASCRANGE: /home/hunter/chipyard/generators/radiance/src/main/resources/vsrc/vortex/third_party/fpnew/src/fpnew_pkg.sv:199:28: Ascending bit range vector: left < right of bit range: [0:3]
                                                                                                                                     : ... note: In instance 'TestDriver'
  199 |   typedef fmt_unit_types_t [0:NUM_OPGROUPS-1] opgrp_fmt_unit_types_t;
      |                            ^
%Warning-WIDTHTRUNC: /home/hunter/chipyard/sims/verilator/generated-src/chipyard.harness.TestHarness.GemminiRocketConfig/gen-collateral/ram_data_3x128.sv:26:24: Bit extraction of var[127:0] requires 7 bit index, not 8 bits.
                                                                                                                                                               : ... note: In instance 'TestDriver.testHarness.chiptop0.system.coh_wrapper.l2.inclusive_cache_bank_sched.sourceD.queue.ram_data_ext'
   26 |             _RANDOM_MEM[j +: 32] = $random;  
      |                        ^
%Warning-WIDTHTRUNC: /home/hunter/chipyard/sims/verilator/generated-src/chipyard.harness.TestHarness.GemminiRocketConfig/gen-collateral/ram_8x246.sv:26:24: Bit extraction of var[255:0] requires 8 bit index, not 9 bits.
                                                                                                                                                          : ... note: In instance 'TestDriver.testHarness.chiptop0.system.tile_prci_domain.element_reset_domain_rockettile.gemmini.load_controller.cmd_q.ram_ext'
   26 |             _RANDOM_MEM[j +: 32] = $random;  
      |                        ^
%Warning-WIDTHTRUNC: /home/hunter/chipyard/sims/verilator/generated-src/chipyard.harness.TestHarness.GemminiRocketConfig/gen-collateral/ram_2x118.sv:26:24: Bit extraction of var[127:0] requires 7 bit index, not 8 bits.
                                                                                                                                                          : ... note: In instance 'TestDriver.testHarness.chiptop0.system.coh_wrapper.l2.inclusive_cache_bank_sched.sourceA.io_a_q.ram_ext'
   26 |             _RANDOM_MEM[j +: 32] = $random;  
      |                        ^
%Warning-WIDTHTRUNC: /home/hunter/chipyard/sims/verilator/generated-src/chipyard.harness.TestHarness.GemminiRocketConfig/gen-collateral/ram_12x110.sv:26:24: Bit extraction of var[127:0] requires 7 bit index, not 8 bits.
                                                                                                                                                           : ... note: In instance 'TestDriver.testHarness.chiptop0.system.coh_wrapper.l2.inclusive_cache_bank_sched.sourceC.queue.ram_ext'
   26 |             _RANDOM_MEM[j +: 32] = $random;  
      |                        ^
%Warning-WIDTHTRUNC: /home/hunter/chipyard/sims/verilator/generated-src/chipyard.harness.TestHarness.GemminiRocketConfig/gen-collateral/ram_2x119.sv:26:24: Bit extraction of var[127:0] requires 7 bit index, not 8 bits.
                                                                                                                                                          : ... note: In instance 'TestDriver.testHarness.chiptop0.system.fbus.coupler_from_port_named_serial_tl_0_in.buffer.nodeOut_a_q.ram_ext'
   26 |             _RANDOM_MEM[j +: 32] = $random;  
      |                        ^
%Warning-WIDTHTRUNC: /home/hunter/chipyard/sims/verilator/generated-src/chipyard.harness.TestHarness.GemminiRocketConfig/gen-collateral/ram_2x111.sv:26:24: Bit extraction of var[127:0] requires 7 bit index, not 8 bits.
                                                                                                                                                          : ... note: In instance 'TestDriver.testHarness.chiptop0.system.cbus.coupler_to_prci_ctrl.buffer.nodeOut_a_q.ram_ext'
   26 |             _RANDOM_MEM[j +: 32] = $random;  
      |                        ^
%Warning-WIDTHTRUNC: /home/hunter/chipyard/sims/verilator/generated-src/chipyard.harness.TestHarness.GemminiRocketConfig/gen-collateral/ram_2x105.sv:26:24: Bit extraction of var[127:0] requires 7 bit index, not 8 bits.
                                                                                                                                                          : ... note: In instance 'TestDriver.testHarness.chiptop0.system.cbus.wrapped_error_device.buffer.nodeOut_a_q.ram_ext'
   26 |             _RANDOM_MEM[j +: 32] = $random;  
      |                        ^
%Warning-WIDTHTRUNC: /home/hunter/chipyard/sims/verilator/generated-src/chipyard.harness.TestHarness.GemminiRocketConfig/gen-collateral/data_28x46.sv:26:24: Bit extraction of var[63:0] requires 6 bit index, not 7 bits.
                                                                                                                                                           : ... note: In instance 'TestDriver.testHarness.chiptop0.system.coh_wrapper.l2.inclusive_cache_bank_sched.requests.data_ext'
   26 |             _RANDOM_MEM[j +: 32] = $random;  
      |                        ^
%Warning-WIDTHEXPAND: /home/hunter/chipyard/sims/verilator/generated-src/chipyard.harness.TestHarness.GemminiRocketConfig/gen-collateral/Atomics.sv:163:47: Operator COND expects 32 or 4 bits on the Conditional True, but Conditional True's VARREF 'select' generates 2 bits.
                                                                                                                                                          : ... note: In instance 'TestDriver.testHarness.chiptop0.system.coh_wrapper.l2.inclusive_cache_bank_sched.sourceD.atomics'
%Warning-WIDTHEXPAND: /home/hunter/chipyard/sims/verilator/generated-src/chipyard.harness.TestHarness.GemminiRocketConfig/gen-collateral/Atomics.sv:163:47: Operator COND expects 32 or 4 bits on the Conditional False, but Conditional False's CONST '2'h0' generates 2 bits.
                                                                                                                                                          : ... note: In instance 'TestDriver.testHarness.chiptop0.system.coh_wrapper.l2.inclusive_cache_bank_sched.sourceD.atomics'
%Warning-WIDTHEXPAND: /home/hunter/chipyard/sims/verilator/generated-src/chipyard.harness.TestHarness.GemminiRocketConfig/gen-collateral/Atomics.sv:163:87: Operator COND expects 32 or 4 bits on the Conditional True, but Conditional True's VARREF 'select' generates 2 bits.
                                                                                                                                                          : ... note: In instance 'TestDriver.testHarness.chiptop0.system.coh_wrapper.l2.inclusive_cache_bank_sched.sourceD.atomics'
%Warning-WIDTHEXPAND: /home/hunter/chipyard/sims/verilator/generated-src/chipyard.harness.TestHarness.GemminiRocketConfig/gen-collateral/Atomics.sv:163:87: Operator COND expects 32 or 4 bits on the Conditional False, but Conditional False's CONST '2'h0' generates 2 bits.
                                                                                                                                                          : ... note: In instance 'TestDriver.testHarness.chiptop0.system.coh_wrapper.l2.inclusive_cache_bank_sched.sourceD.atomics'
%Warning-WIDTHEXPAND: /home/hunter/chipyard/sims/verilator/generated-src/chipyard.harness.TestHarness.GemminiRocketConfig/gen-collateral/Atomics.sv:163:127: Operator COND expects 32 or 4 bits on the Conditional True, but Conditional True's VARREF 'select' generates 2 bits.
                                                                                                                                                           : ... note: In instance 'TestDriver.testHarness.chiptop0.system.coh_wrapper.l2.inclusive_cache_bank_sched.sourceD.atomics'
%Warning-WIDTHEXPAND: /home/hunter/chipyard/sims/verilator/generated-src/chipyard.harness.TestHarness.GemminiRocketConfig/gen-collateral/Atomics.sv:163:127: Operator COND expects 32 or 4 bits on the Conditional False, but Conditional False's CONST '2'h0' generates 2 bits.
                                                                                                                                                           : ... note: In instance 'TestDriver.testHarness.chiptop0.system.coh_wrapper.l2.inclusive_cache_bank_sched.sourceD.atomics'
%Warning-WIDTHEXPAND: /home/hunter/chipyard/sims/verilator/generated-src/chipyard.harness.TestHarness.GemminiRocketConfig/gen-collateral/Atomics.sv:163:167: Operator COND expects 32 or 4 bits on the Conditional True, but Conditional True's VARREF 'select' generates 2 bits.
                                                                                                                                                           : ... note: In instance 'TestDriver.testHarness.chiptop0.system.coh_wrapper.l2.inclusive_cache_bank_sched.sourceD.atomics'
%Warning-WIDTHEXPAND: /home/hunter/chipyard/sims/verilator/generated-src/chipyard.harness.TestHarness.GemminiRocketConfig/gen-collateral/Atomics.sv:163:167: Operator COND expects 32 or 4 bits on the Conditional False, but Conditional False's CONST '2'h0' generates 2 bits.
                                                                                                                                                           : ... note: In instance 'TestDriver.testHarness.chiptop0.system.coh_wrapper.l2.inclusive_cache_bank_sched.sourceD.atomics'
%Warning-WIDTHEXPAND: /home/hunter/chipyard/sims/verilator/generated-src/chipyard.harness.TestHarness.GemminiRocketConfig/gen-collateral/Atomics.sv:163:207: Operator COND expects 32 or 4 bits on the Conditional True, but Conditional True's VARREF 'select' generates 2 bits.
                                                                                                                                                           : ... note: In instance 'TestDriver.testHarness.chiptop0.system.coh_wrapper.l2.inclusive_cache_bank_sched.sourceD.atomics'
%Warning-WIDTHEXPAND: /home/hunter/chipyard/sims/verilator/generated-src/chipyard.harness.TestHarness.GemminiRocketConfig/gen-collateral/Atomics.sv:163:207: Operator COND expects 32 or 4 bits on the Conditional False, but Conditional False's CONST '2'h0' generates 2 bits.
                                                                                                                                                           : ... note: In instance 'TestDriver.testHarness.chiptop0.system.coh_wrapper.l2.inclusive_cache_bank_sched.sourceD.atomics'
%Warning-WIDTHEXPAND: /home/hunter/chipyard/sims/verilator/generated-src/chipyard.harness.TestHarness.GemminiRocketConfig/gen-collateral/Atomics.sv:163:247: Operator COND expects 32 or 4 bits on the Conditional True, but Conditional True's VARREF 'select' generates 2 bits.
                                                                                                                                                           : ... note: In instance 'TestDriver.testHarness.chiptop0.system.coh_wrapper.l2.inclusive_cache_bank_sched.sourceD.atomics'
%Warning-WIDTHEXPAND: /home/hunter/chipyard/sims/verilator/generated-src/chipyard.harness.TestHarness.GemminiRocketConfig/gen-collateral/Atomics.sv:163:247: Operator COND expects 32 or 4 bits on the Conditional False, but Conditional False's CONST '2'h0' generates 2 bits.
                                                                                                                                                           : ... note: In instance 'TestDriver.testHarness.chiptop0.system.coh_wrapper.l2.inclusive_cache_bank_sched.sourceD.atomics'
%Warning-WIDTHEXPAND: /home/hunter/chipyard/sims/verilator/generated-src/chipyard.harness.TestHarness.GemminiRocketConfig/gen-collateral/Atomics.sv:163:286: Operator COND expects 32 or 4 bits on the Conditional True, but Conditional True's VARREF 'select' generates 2 bits.
                                                                                                                                                           : ... note: In instance 'TestDriver.testHarness.chiptop0.system.coh_wrapper.l2.inclusive_cache_bank_sched.sourceD.atomics'
%Warning-WIDTHEXPAND: /home/hunter/chipyard/sims/verilator/generated-src/chipyard.harness.TestHarness.GemminiRocketConfig/gen-collateral/Atomics.sv:163:286: Operator COND expects 32 or 4 bits on the Conditional False, but Conditional False's CONST '2'h0' generates 2 bits.
                                                                                                                                                           : ... note: In instance 'TestDriver.testHarness.chiptop0.system.coh_wrapper.l2.inclusive_cache_bank_sched.sourceD.atomics'
%Warning-WIDTHEXPAND: /home/hunter/chipyard/sims/verilator/generated-src/chipyard.harness.TestHarness.GemminiRocketConfig/gen-collateral/Atomics.sv:163:325: Operator COND expects 32 or 4 bits on the Conditional True, but Conditional True's VARREF 'select' generates 2 bits.
                                                                                                                                                           : ... note: In instance 'TestDriver.testHarness.chiptop0.system.coh_wrapper.l2.inclusive_cache_bank_sched.sourceD.atomics'
%Warning-WIDTHEXPAND: /home/hunter/chipyard/sims/verilator/generated-src/chipyard.harness.TestHarness.GemminiRocketConfig/gen-collateral/Atomics.sv:163:325: Operator COND expects 32 or 4 bits on the Conditional False, but Conditional False's CONST '2'h0' generates 2 bits.
                                                                                                                                                           : ... note: In instance 'TestDriver.testHarness.chiptop0.system.coh_wrapper.l2.inclusive_cache_bank_sched.sourceD.atomics'
%Warning-WIDTHEXPAND: /home/hunter/chipyard/sims/verilator/generated-src/chipyard.harness.TestHarness.GemminiRocketConfig/gen-collateral/Atomics.sv:163:363: Operator COND expects 32 or 4 bits on the Conditional True, but Conditional True's VARREF 'select' generates 2 bits.
                                                                                                                                                           : ... note: In instance 'TestDriver.testHarness.chiptop0.system.coh_wrapper.l2.inclusive_cache_bank_sched.sourceD.atomics'
%Warning-WIDTHEXPAND: /home/hunter/chipyard/sims/verilator/generated-src/chipyard.harness.TestHarness.GemminiRocketConfig/gen-collateral/Atomics.sv:163:363: Operator COND expects 32 or 4 bits on the Conditional False, but Conditional False's CONST '2'h0' generates 2 bits.
                                                                                                                                                           : ... note: In instance 'TestDriver.testHarness.chiptop0.system.coh_wrapper.l2.inclusive_cache_bank_sched.sourceD.atomics'
%Warning-WIDTHEXPAND: /home/hunter/chipyard/sims/verilator/generated-src/chipyard.harness.TestHarness.GemminiRocketConfig/gen-collateral/Atomics.sv:163:401: Operator COND expects 32 or 4 bits on the Conditional True, but Conditional True's VARREF 'select' generates 2 bits.
                                                                                                                                                           : ... note: In instance 'TestDriver.testHarness.chiptop0.system.coh_wrapper.l2.inclusive_cache_bank_sched.sourceD.atomics'
%Warning-WIDTHEXPAND: /home/hunter/chipyard/sims/verilator/generated-src/chipyard.harness.TestHarness.GemminiRocketConfig/gen-collateral/Atomics.sv:163:401: Operator COND expects 32 or 4 bits on the Conditional False, but Conditional False's CONST '2'h0' generates 2 bits.
                                                                                                                                                           : ... note: In instance 'TestDriver.testHarness.chiptop0.system.coh_wrapper.l2.inclusive_cache_bank_sched.sourceD.atomics'
%Warning-WIDTHEXPAND: /home/hunter/chipyard/sims/verilator/generated-src/chipyard.harness.TestHarness.GemminiRocketConfig/gen-collateral/Atomics.sv:163:439: Operator COND expects 32 or 4 bits on the Conditional True, but Conditional True's VARREF 'select' generates 2 bits.
                                                                                                                                                           : ... note: In instance 'TestDriver.testHarness.chiptop0.system.coh_wrapper.l2.inclusive_cache_bank_sched.sourceD.atomics'
%Warning-WIDTHEXPAND: /home/hunter/chipyard/sims/verilator/generated-src/chipyard.harness.TestHarness.GemminiRocketConfig/gen-collateral/Atomics.sv:163:439: Operator COND expects 32 or 4 bits on the Conditional False, but Conditional False's CONST '2'h0' generates 2 bits.
                                                                                                                                                           : ... note: In instance 'TestDriver.testHarness.chiptop0.system.coh_wrapper.l2.inclusive_cache_bank_sched.sourceD.atomics'
%Warning-WIDTHEXPAND: /home/hunter/chipyard/sims/verilator/generated-src/chipyard.harness.TestHarness.GemminiRocketConfig/gen-collateral/Atomics.sv:163:477: Operator COND expects 32 or 4 bits on the Conditional True, but Conditional True's VARREF 'select' generates 2 bits.
                                                                                                                                                           : ... note: In instance 'TestDriver.testHarness.chiptop0.system.coh_wrapper.l2.inclusive_cache_bank_sched.sourceD.atomics'
%Warning-WIDTHEXPAND: /home/hunter/chipyard/sims/verilator/generated-src/chipyard.harness.TestHarness.GemminiRocketConfig/gen-collateral/Atomics.sv:163:477: Operator COND expects 32 or 4 bits on the Conditional False, but Conditional False's CONST '2'h0' generates 2 bits.
                                                                                                                                                           : ... note: In instance 'TestDriver.testHarness.chiptop0.system.coh_wrapper.l2.inclusive_cache_bank_sched.sourceD.atomics'
%Warning-WIDTHEXPAND: /home/hunter/chipyard/sims/verilator/generated-src/chipyard.harness.TestHarness.GemminiRocketConfig/gen-collateral/Atomics.sv:163:515: Operator COND expects 32 or 4 bits on the Conditional True, but Conditional True's VARREF 'select' generates 2 bits.
                                                                                                                                                           : ... note: In instance 'TestDriver.testHarness.chiptop0.system.coh_wrapper.l2.inclusive_cache_bank_sched.sourceD.atomics'
%Warning-WIDTHEXPAND: /home/hunter/chipyard/sims/verilator/generated-src/chipyard.harness.TestHarness.GemminiRocketConfig/gen-collateral/Atomics.sv:163:515: Operator COND expects 32 or 4 bits on the Conditional False, but Conditional False's CONST '2'h0' generates 2 bits.
                                                                                                                                                           : ... note: In instance 'TestDriver.testHarness.chiptop0.system.coh_wrapper.l2.inclusive_cache_bank_sched.sourceD.atomics'
%Warning-WIDTHEXPAND: /home/hunter/chipyard/sims/verilator/generated-src/chipyard.harness.TestHarness.GemminiRocketConfig/gen-collateral/Atomics.sv:163:553: Operator COND expects 32 or 4 bits on the Conditional True, but Conditional True's VARREF 'select' generates 2 bits.
                                                                                                                                                           : ... note: In instance 'TestDriver.testHarness.chiptop0.system.coh_wrapper.l2.inclusive_cache_bank_sched.sourceD.atomics'
%Warning-WIDTHEXPAND: /home/hunter/chipyard/sims/verilator/generated-src/chipyard.harness.TestHarness.GemminiRocketConfig/gen-collateral/Atomics.sv:163:553: Operator COND expects 32 or 4 bits on the Conditional False, but Conditional False's CONST '2'h0' generates 2 bits.
                                                                                                                                                           : ... note: In instance 'TestDriver.testHarness.chiptop0.system.coh_wrapper.l2.inclusive_cache_bank_sched.sourceD.atomics'
%Warning-WIDTHEXPAND: /home/hunter/chipyard/sims/verilator/generated-src/chipyard.harness.TestHarness.GemminiRocketConfig/gen-collateral/Atomics.sv:163:591: Operator COND expects 32 or 4 bits on the Conditional True, but Conditional True's VARREF 'select' generates 2 bits.
                                                                                                                                                           : ... note: In instance 'TestDriver.testHarness.chiptop0.system.coh_wrapper.l2.inclusive_cache_bank_sched.sourceD.atomics'
%Warning-WIDTHEXPAND: /home/hunter/chipyard/sims/verilator/generated-src/chipyard.harness.TestHarness.GemminiRocketConfig/gen-collateral/Atomics.sv:163:591: Operator COND expects 32 or 4 bits on the Conditional False, but Conditional False's CONST '2'h0' generates 2 bits.
                                                                                                                                                           : ... note: In instance 'TestDriver.testHarness.chiptop0.system.coh_wrapper.l2.inclusive_cache_bank_sched.sourceD.atomics'
%Warning-WIDTHEXPAND: /home/hunter/chipyard/sims/verilator/generated-src/chipyard.harness.TestHarness.GemminiRocketConfig/gen-collateral/Atomics.sv:163:629: Operator COND expects 32 or 4 bits on the Conditional True, but Conditional True's VARREF 'select' generates 2 bits.
                                                                                                                                                           : ... note: In instance 'TestDriver.testHarness.chiptop0.system.coh_wrapper.l2.inclusive_cache_bank_sched.sourceD.atomics'
%Warning-WIDTHEXPAND: /home/hunter/chipyard/sims/verilator/generated-src/chipyard.harness.TestHarness.GemminiRocketConfig/gen-collateral/Atomics.sv:163:629: Operator COND expects 32 or 4 bits on the Conditional False, but Conditional False's CONST '2'h0' generates 2 bits.
                                                                                                                                                           : ... note: In instance 'TestDriver.testHarness.chiptop0.system.coh_wrapper.l2.inclusive_cache_bank_sched.sourceD.atomics'
%Warning-WIDTHTRUNC: /home/hunter/chipyard/sims/verilator/generated-src/chipyard.harness.TestHarness.GemminiRocketConfig/gen-collateral/rf_31x64.sv:30:24: Bit extraction of var[63:0] requires 6 bit index, not 7 bits.
                                                                                                                                                         : ... note: In instance 'TestDriver.testHarness.chiptop0.system.tile_prci_domain.element_reset_domain_rockettile.core.rf_ext'
   30 |             _RANDOM_MEM[j +: 32] = $random;  
      |                        ^
%Warning-WIDTHTRUNC: /home/hunter/chipyard/sims/verilator/generated-src/chipyard.harness.TestHarness.GemminiRocketConfig/gen-collateral/ram_2x60.sv:26:24: Bit extraction of var[63:0] requires 6 bit index, not 7 bits.
                                                                                                                                                         : ... note: In instance 'TestDriver.testHarness.chiptop0.system.tile_prci_domain.buffer.nodeIn_b_q.ram_ext'
   26 |             _RANDOM_MEM[j +: 32] = $random;  
      |                        ^
%Warning-WIDTHTRUNC: /home/hunter/chipyard/sims/verilator/generated-src/chipyard.harness.TestHarness.GemminiRocketConfig/gen-collateral/ram_2x120.sv:26:24: Bit extraction of var[127:0] requires 7 bit index, not 8 bits.
                                                                                                                                                          : ... note: In instance 'TestDriver.testHarness.chiptop0.system.cbus.buffer.nodeOut_a_q.ram_ext'
   26 |             _RANDOM_MEM[j +: 32] = $random;  
      |                        ^
%Warning-WIDTHTRUNC: /home/hunter/chipyard/sims/verilator/generated-src/chipyard.harness.TestHarness.GemminiRocketConfig/gen-collateral/ram_2x115.sv:26:24: Bit extraction of var[127:0] requires 7 bit index, not 8 bits.
                                                                                                                                                          : ... note: In instance 'TestDriver.testHarness.chiptop0.system.bank.buffer.nodeOut_a_q.ram_ext'
   26 |             _RANDOM_MEM[j +: 32] = $random;  
      |                        ^
%Warning-WIDTHEXPAND: /home/hunter/chipyard/sims/verilator/generated-src/chipyard.harness.TestHarness.GemminiRocketConfig/gen-collateral/ExecuteController.sv:605:56: Operator COND expects 32 or 7 bits on the Conditional True, but Conditional True's CONST '2'h1' generates 2 bits.
                                                                                                                                                                    : ... note: In instance 'TestDriver.testHarness.chiptop0.system.tile_prci_domain.element_reset_domain_rockettile.gemmini.ex_controller'
  605 |   wire [63:0]       _GEN_6 = _GEN_5[_b_address_place_T ? 2'h1 : {a_should_be_fed_into_transposer, 1'h0}];  
      |                                                        ^
%Warning-WIDTHEXPAND: /home/hunter/chipyard/sims/verilator/generated-src/chipyard.harness.TestHarness.GemminiRocketConfig/gen-collateral/ExecuteController.sv:605:56: Operator COND expects 32 or 7 bits on the Conditional False, but Conditional False's REPLICATE generates 2 bits.
                                                                                                                                                                    : ... note: In instance 'TestDriver.testHarness.chiptop0.system.tile_prci_domain.element_reset_domain_rockettile.gemmini.ex_controller'
  605 |   wire [63:0]       _GEN_6 = _GEN_5[_b_address_place_T ? 2'h1 : {a_should_be_fed_into_transposer, 1'h0}];  
      |                                                        ^
%Warning-WIDTHEXPAND: /home/hunter/chipyard/sims/verilator/generated-src/chipyard.harness.TestHarness.GemminiRocketConfig/gen-collateral/ExecuteController.sv:607:56: Operator COND expects 32 or 7 bits on the Conditional True, but Conditional True's CONST '2'h1' generates 2 bits.
                                                                                                                                                                    : ... note: In instance 'TestDriver.testHarness.chiptop0.system.tile_prci_domain.element_reset_domain_rockettile.gemmini.ex_controller'
  607 |   wire [63:0]       _GEN_8 = _GEN_7[_b_address_place_T ? 2'h1 : {b_should_be_fed_into_transposer, 1'h0}];  
      |                                                        ^
%Warning-WIDTHEXPAND: /home/hunter/chipyard/sims/verilator/generated-src/chipyard.harness.TestHarness.GemminiRocketConfig/gen-collateral/ExecuteController.sv:607:56: Operator COND expects 32 or 7 bits on the Conditional False, but Conditional False's REPLICATE generates 2 bits.
                                                                                                                                                                    : ... note: In instance 'TestDriver.testHarness.chiptop0.system.tile_prci_domain.element_reset_domain_rockettile.gemmini.ex_controller'
  607 |   wire [63:0]       _GEN_8 = _GEN_7[_b_address_place_T ? 2'h1 : {b_should_be_fed_into_transposer, 1'h0}];  
      |                                                        ^
%Warning-WIDTHEXPAND: /home/hunter/chipyard/sims/verilator/generated-src/chipyard.harness.TestHarness.GemminiRocketConfig/gen-collateral/BTB.sv:987:40: Operator COND expects 32 or 5 bits on the Conditional True, but Conditional True's VARREF 'tgtPages_0' generates 3 bits.
                                                                                                                                                      : ... note: In instance 'TestDriver.testHarness.chiptop0.system.tile_prci_domain.element_reset_domain_rockettile.frontend.btb'
%Warning-WIDTHEXPAND: /home/hunter/chipyard/sims/verilator/generated-src/chipyard.harness.TestHarness.GemminiRocketConfig/gen-collateral/BTB.sv:987:40: Operator COND expects 32 or 5 bits on the Conditional False, but Conditional False's CONST '3'h0' generates 3 bits.
                                                                                                                                                      : ... note: In instance 'TestDriver.testHarness.chiptop0.system.tile_prci_domain.element_reset_domain_rockettile.frontend.btb'
%Warning-WIDTHEXPAND: /home/hunter/chipyard/sims/verilator/generated-src/chipyard.harness.TestHarness.GemminiRocketConfig/gen-collateral/BTB.sv:987:90: Operator COND expects 32 or 5 bits on the Conditional True, but Conditional True's VARREF 'tgtPages_1' generates 3 bits.
                                                                                                                                                      : ... note: In instance 'TestDriver.testHarness.chiptop0.system.tile_prci_domain.element_reset_domain_rockettile.frontend.btb'
%Warning-WIDTHEXPAND: /home/hunter/chipyard/sims/verilator/generated-src/chipyard.harness.TestHarness.GemminiRocketConfig/gen-collateral/BTB.sv:987:90: Operator COND expects 32 or 5 bits on the Conditional False, but Conditional False's CONST '3'h0' generates 3 bits.
                                                                                                                                                      : ... note: In instance 'TestDriver.testHarness.chiptop0.system.tile_prci_domain.element_reset_domain_rockettile.frontend.btb'
%Warning-WIDTHEXPAND: /home/hunter/chipyard/sims/verilator/generated-src/chipyard.harness.TestHarness.GemminiRocketConfig/gen-collateral/BTB.sv:987:140: Operator COND expects 32 or 5 bits on the Conditional True, but Conditional True's VARREF 'tgtPages_2' generates 3 bits.
                                                                                                                                                       : ... note: In instance 'TestDriver.testHarness.chiptop0.system.tile_prci_domain.element_reset_domain_rockettile.frontend.btb'
%Warning-WIDTHEXPAND: /home/hunter/chipyard/sims/verilator/generated-src/chipyard.harness.TestHarness.GemminiRocketConfig/gen-collateral/BTB.sv:987:140: Operator COND expects 32 or 5 bits on the Conditional False, but Conditional False's CONST '3'h0' generates 3 bits.
                                                                                                                                                       : ... note: In instance 'TestDriver.testHarness.chiptop0.system.tile_prci_domain.element_reset_domain_rockettile.frontend.btb'
%Warning-WIDTHEXPAND: /home/hunter/chipyard/sims/verilator/generated-src/chipyard.harness.TestHarness.GemminiRocketConfig/gen-collateral/BTB.sv:987:190: Operator COND expects 32 or 5 bits on the Conditional True, but Conditional True's VARREF 'tgtPages_3' generates 3 bits.
                                                                                                                                                       : ... note: In instance 'TestDriver.testHarness.chiptop0.system.tile_prci_domain.element_reset_domain_rockettile.frontend.btb'
%Warning-WIDTHEXPAND: /home/hunter/chipyard/sims/verilator/generated-src/chipyard.harness.TestHarness.GemminiRocketConfig/gen-collateral/BTB.sv:987:190: Operator COND expects 32 or 5 bits on the Conditional False, but Conditional False's CONST '3'h0' generates 3 bits.
                                                                                                                                                       : ... note: In instance 'TestDriver.testHarness.chiptop0.system.tile_prci_domain.element_reset_domain_rockettile.frontend.btb'
%Warning-WIDTHEXPAND: /home/hunter/chipyard/sims/verilator/generated-src/chipyard.harness.TestHarness.GemminiRocketConfig/gen-collateral/BTB.sv:987:240: Operator COND expects 32 or 5 bits on the Conditional True, but Conditional True's VARREF 'tgtPages_4' generates 3 bits.
                                                                                                                                                       : ... note: In instance 'TestDriver.testHarness.chiptop0.system.tile_prci_domain.element_reset_domain_rockettile.frontend.btb'
%Warning-WIDTHEXPAND: /home/hunter/chipyard/sims/verilator/generated-src/chipyard.harness.TestHarness.GemminiRocketConfig/gen-collateral/BTB.sv:987:240: Operator COND expects 32 or 5 bits on the Conditional False, but Conditional False's CONST '3'h0' generates 3 bits.
                                                                                                                                                       : ... note: In instance 'TestDriver.testHarness.chiptop0.system.tile_prci_domain.element_reset_domain_rockettile.frontend.btb'
%Warning-WIDTHEXPAND: /home/hunter/chipyard/sims/verilator/generated-src/chipyard.harness.TestHarness.GemminiRocketConfig/gen-collateral/BTB.sv:987:290: Operator COND expects 32 or 5 bits on the Conditional True, but Conditional True's VARREF 'tgtPages_5' generates 3 bits.
                                                                                                                                                       : ... note: In instance 'TestDriver.testHarness.chiptop0.system.tile_prci_domain.element_reset_domain_rockettile.frontend.btb'
%Warning-WIDTHEXPAND: /home/hunter/chipyard/sims/verilator/generated-src/chipyard.harness.TestHarness.GemminiRocketConfig/gen-collateral/BTB.sv:987:290: Operator COND expects 32 or 5 bits on the Conditional False, but Conditional False's CONST '3'h0' generates 3 bits.
                                                                                                                                                       : ... note: In instance 'TestDriver.testHarness.chiptop0.system.tile_prci_domain.element_reset_domain_rockettile.frontend.btb'
%Warning-WIDTHEXPAND: /home/hunter/chipyard/sims/verilator/generated-src/chipyard.harness.TestHarness.GemminiRocketConfig/gen-collateral/BTB.sv:987:340: Operator COND expects 32 or 5 bits on the Conditional True, but Conditional True's VARREF 'tgtPages_6' generates 3 bits.
                                                                                                                                                       : ... note: In instance 'TestDriver.testHarness.chiptop0.system.tile_prci_domain.element_reset_domain_rockettile.frontend.btb'
%Warning-WIDTHEXPAND: /home/hunter/chipyard/sims/verilator/generated-src/chipyard.harness.TestHarness.GemminiRocketConfig/gen-collateral/BTB.sv:987:340: Operator COND expects 32 or 5 bits on the Conditional False, but Conditional False's CONST '3'h0' generates 3 bits.
                                                                                                                                                       : ... note: In instance 'TestDriver.testHarness.chiptop0.system.tile_prci_domain.element_reset_domain_rockettile.frontend.btb'
%Warning-WIDTHEXPAND: /home/hunter/chipyard/sims/verilator/generated-src/chipyard.harness.TestHarness.GemminiRocketConfig/gen-collateral/BTB.sv:987:390: Operator COND expects 32 or 5 bits on the Conditional True, but Conditional True's VARREF 'tgtPages_7' generates 3 bits.
                                                                                                                                                       : ... note: In instance 'TestDriver.testHarness.chiptop0.system.tile_prci_domain.element_reset_domain_rockettile.frontend.btb'
%Warning-WIDTHEXPAND: /home/hunter/chipyard/sims/verilator/generated-src/chipyard.harness.TestHarness.GemminiRocketConfig/gen-collateral/BTB.sv:987:390: Operator COND expects 32 or 5 bits on the Conditional False, but Conditional False's CONST '3'h0' generates 3 bits.
                                                                                                                                                       : ... note: In instance 'TestDriver.testHarness.chiptop0.system.tile_prci_domain.element_reset_domain_rockettile.frontend.btb'
%Warning-WIDTHEXPAND: /home/hunter/chipyard/sims/verilator/generated-src/chipyard.harness.TestHarness.GemminiRocketConfig/gen-collateral/BTB.sv:987:440: Operator COND expects 32 or 5 bits on the Conditional True, but Conditional True's VARREF 'tgtPages_8' generates 3 bits.
                                                                                                                                                       : ... note: In instance 'TestDriver.testHarness.chiptop0.system.tile_prci_domain.element_reset_domain_rockettile.frontend.btb'
%Warning-WIDTHEXPAND: /home/hunter/chipyard/sims/verilator/generated-src/chipyard.harness.TestHarness.GemminiRocketConfig/gen-collateral/BTB.sv:987:440: Operator COND expects 32 or 5 bits on the Conditional False, but Conditional False's CONST '3'h0' generates 3 bits.
                                                                                                                                                       : ... note: In instance 'TestDriver.testHarness.chiptop0.system.tile_prci_domain.element_reset_domain_rockettile.frontend.btb'
%Warning-WIDTHEXPAND: /home/hunter/chipyard/sims/verilator/generated-src/chipyard.harness.TestHarness.GemminiRocketConfig/gen-collateral/BTB.sv:987:490: Operator COND expects 32 or 5 bits on the Conditional True, but Conditional True's VARREF 'tgtPages_9' generates 3 bits.
                                                                                                                                                       : ... note: In instance 'TestDriver.testHarness.chiptop0.system.tile_prci_domain.element_reset_domain_rockettile.frontend.btb'
%Warning-WIDTHEXPAND: /home/hunter/chipyard/sims/verilator/generated-src/chipyard.harness.TestHarness.GemminiRocketConfig/gen-collateral/BTB.sv:987:490: Operator COND expects 32 or 5 bits on the Conditional False, but Conditional False's CONST '3'h0' generates 3 bits.
                                                                                                                                                       : ... note: In instance 'TestDriver.testHarness.chiptop0.system.tile_prci_domain.element_reset_domain_rockettile.frontend.btb'
%Warning-WIDTHEXPAND: /home/hunter/chipyard/sims/verilator/generated-src/chipyard.harness.TestHarness.GemminiRocketConfig/gen-collateral/BTB.sv:987:541: Operator COND expects 32 or 5 bits on the Conditional True, but Conditional True's VARREF 'tgtPages_10' generates 3 bits.
                                                                                                                                                       : ... note: In instance 'TestDriver.testHarness.chiptop0.system.tile_prci_domain.element_reset_domain_rockettile.frontend.btb'
%Warning-WIDTHEXPAND: /home/hunter/chipyard/sims/verilator/generated-src/chipyard.harness.TestHarness.GemminiRocketConfig/gen-collateral/BTB.sv:987:541: Operator COND expects 32 or 5 bits on the Conditional False, but Conditional False's CONST '3'h0' generates 3 bits.
                                                                                                                                                       : ... note: In instance 'TestDriver.testHarness.chiptop0.system.tile_prci_domain.element_reset_domain_rockettile.frontend.btb'
%Warning-WIDTHEXPAND: /home/hunter/chipyard/sims/verilator/generated-src/chipyard.harness.TestHarness.GemminiRocketConfig/gen-collateral/BTB.sv:987:593: Operator COND expects 32 or 5 bits on the Conditional True, but Conditional True's VARREF 'tgtPages_11' generates 3 bits.
                                                                                                                                                       : ... note: In instance 'TestDriver.testHarness.chiptop0.system.tile_prci_domain.element_reset_domain_rockettile.frontend.btb'
%Warning-WIDTHEXPAND: /home/hunter/chipyard/sims/verilator/generated-src/chipyard.harness.TestHarness.GemminiRocketConfig/gen-collateral/BTB.sv:987:593: Operator COND expects 32 or 5 bits on the Conditional False, but Conditional False's CONST '3'h0' generates 3 bits.
                                                                                                                                                       : ... note: In instance 'TestDriver.testHarness.chiptop0.system.tile_prci_domain.element_reset_domain_rockettile.frontend.btb'
%Warning-WIDTHEXPAND: /home/hunter/chipyard/sims/verilator/generated-src/chipyard.harness.TestHarness.GemminiRocketConfig/gen-collateral/BTB.sv:987:645: Operator COND expects 32 or 5 bits on the Conditional True, but Conditional True's VARREF 'tgtPages_12' generates 3 bits.
                                                                                                                                                       : ... note: In instance 'TestDriver.testHarness.chiptop0.system.tile_prci_domain.element_reset_domain_rockettile.frontend.btb'
%Warning-WIDTHEXPAND: /home/hunter/chipyard/sims/verilator/generated-src/chipyard.harness.TestHarness.GemminiRocketConfig/gen-collateral/BTB.sv:987:645: Operator COND expects 32 or 5 bits on the Conditional False, but Conditional False's CONST '3'h0' generates 3 bits.
                                                                                                                                                       : ... note: In instance 'TestDriver.testHarness.chiptop0.system.tile_prci_domain.element_reset_domain_rockettile.frontend.btb'
%Warning-WIDTHEXPAND: /home/hunter/chipyard/sims/verilator/generated-src/chipyard.harness.TestHarness.GemminiRocketConfig/gen-collateral/BTB.sv:987:697: Operator COND expects 32 or 5 bits on the Conditional True, but Conditional True's VARREF 'tgtPages_13' generates 3 bits.
                                                                                                                                                       : ... note: In instance 'TestDriver.testHarness.chiptop0.system.tile_prci_domain.element_reset_domain_rockettile.frontend.btb'
%Warning-WIDTHEXPAND: /home/hunter/chipyard/sims/verilator/generated-src/chipyard.harness.TestHarness.GemminiRocketConfig/gen-collateral/BTB.sv:987:697: Operator COND expects 32 or 5 bits on the Conditional False, but Conditional False's CONST '3'h0' generates 3 bits.
                                                                                                                                                       : ... note: In instance 'TestDriver.testHarness.chiptop0.system.tile_prci_domain.element_reset_domain_rockettile.frontend.btb'
%Warning-WIDTHEXPAND: /home/hunter/chipyard/sims/verilator/generated-src/chipyard.harness.TestHarness.GemminiRocketConfig/gen-collateral/BTB.sv:987:749: Operator COND expects 32 or 5 bits on the Conditional True, but Conditional True's VARREF 'tgtPages_14' generates 3 bits.
                                                                                                                                                       : ... note: In instance 'TestDriver.testHarness.chiptop0.system.tile_prci_domain.element_reset_domain_rockettile.frontend.btb'
%Warning-WIDTHEXPAND: /home/hunter/chipyard/sims/verilator/generated-src/chipyard.harness.TestHarness.GemminiRocketConfig/gen-collateral/BTB.sv:987:749: Operator COND expects 32 or 5 bits on the Conditional False, but Conditional False's CONST '3'h0' generates 3 bits.
                                                                                                                                                       : ... note: In instance 'TestDriver.testHarness.chiptop0.system.tile_prci_domain.element_reset_domain_rockettile.frontend.btb'
%Warning-WIDTHEXPAND: /home/hunter/chipyard/sims/verilator/generated-src/chipyard.harness.TestHarness.GemminiRocketConfig/gen-collateral/BTB.sv:987:801: Operator COND expects 32 or 5 bits on the Conditional True, but Conditional True's VARREF 'tgtPages_15' generates 3 bits.
                                                                                                                                                       : ... note: In instance 'TestDriver.testHarness.chiptop0.system.tile_prci_domain.element_reset_domain_rockettile.frontend.btb'
%Warning-WIDTHEXPAND: /home/hunter/chipyard/sims/verilator/generated-src/chipyard.harness.TestHarness.GemminiRocketConfig/gen-collateral/BTB.sv:987:801: Operator COND expects 32 or 5 bits on the Conditional False, but Conditional False's CONST '3'h0' generates 3 bits.
                                                                                                                                                       : ... note: In instance 'TestDriver.testHarness.chiptop0.system.tile_prci_domain.element_reset_domain_rockettile.frontend.btb'
%Warning-WIDTHEXPAND: /home/hunter/chipyard/sims/verilator/generated-src/chipyard.harness.TestHarness.GemminiRocketConfig/gen-collateral/BTB.sv:987:853: Operator COND expects 32 or 5 bits on the Conditional True, but Conditional True's VARREF 'tgtPages_16' generates 3 bits.
                                                                                                                                                       : ... note: In instance 'TestDriver.testHarness.chiptop0.system.tile_prci_domain.element_reset_domain_rockettile.frontend.btb'
%Warning-WIDTHEXPAND: /home/hunter/chipyard/sims/verilator/generated-src/chipyard.harness.TestHarness.GemminiRocketConfig/gen-collateral/BTB.sv:987:853: Operator COND expects 32 or 5 bits on the Conditional False, but Conditional False's CONST '3'h0' generates 3 bits.
                                                                                                                                                       : ... note: In instance 'TestDriver.testHarness.chiptop0.system.tile_prci_domain.element_reset_domain_rockettile.frontend.btb'
%Warning-WIDTHEXPAND: /home/hunter/chipyard/sims/verilator/generated-src/chipyard.harness.TestHarness.GemminiRocketConfig/gen-collateral/BTB.sv:987:905: Operator COND expects 32 or 5 bits on the Conditional True, but Conditional True's VARREF 'tgtPages_17' generates 3 bits.
                                                                                                                                                       : ... note: In instance 'TestDriver.testHarness.chiptop0.system.tile_prci_domain.element_reset_domain_rockettile.frontend.btb'
%Warning-WIDTHEXPAND: /home/hunter/chipyard/sims/verilator/generated-src/chipyard.harness.TestHarness.GemminiRocketConfig/gen-collateral/BTB.sv:987:905: Operator COND expects 32 or 5 bits on the Conditional False, but Conditional False's CONST '3'h0' generates 3 bits.
                                                                                                                                                       : ... note: In instance 'TestDriver.testHarness.chiptop0.system.tile_prci_domain.element_reset_domain_rockettile.frontend.btb'
%Warning-WIDTHEXPAND: /home/hunter/chipyard/sims/verilator/generated-src/chipyard.harness.TestHarness.GemminiRocketConfig/gen-collateral/BTB.sv:987:957: Operator COND expects 32 or 5 bits on the Conditional True, but Conditional True's VARREF 'tgtPages_18' generates 3 bits.
                                                                                                                                                       : ... note: In instance 'TestDriver.testHarness.chiptop0.system.tile_prci_domain.element_reset_domain_rockettile.frontend.btb'
%Warning-WIDTHEXPAND: /home/hunter/chipyard/sims/verilator/generated-src/chipyard.harness.TestHarness.GemminiRocketConfig/gen-collateral/BTB.sv:987:957: Operator COND expects 32 or 5 bits on the Conditional False, but Conditional False's CONST '3'h0' generates 3 bits.
                                                                                                                                                       : ... note: In instance 'TestDriver.testHarness.chiptop0.system.tile_prci_domain.element_reset_domain_rockettile.frontend.btb'
%Warning-WIDTHEXPAND: /home/hunter/chipyard/sims/verilator/generated-src/chipyard.harness.TestHarness.GemminiRocketConfig/gen-collateral/BTB.sv:987:1009: Operator COND expects 32 or 5 bits on the Conditional True, but Conditional True's VARREF 'tgtPages_19' generates 3 bits.
                                                                                                                                                        : ... note: In instance 'TestDriver.testHarness.chiptop0.system.tile_prci_domain.element_reset_domain_rockettile.frontend.btb'
%Warning-WIDTHEXPAND: /home/hunter/chipyard/sims/verilator/generated-src/chipyard.harness.TestHarness.GemminiRocketConfig/gen-collateral/BTB.sv:987:1009: Operator COND expects 32 or 5 bits on the Conditional False, but Conditional False's CONST '3'h0' generates 3 bits.
                                                                                                                                                        : ... note: In instance 'TestDriver.testHarness.chiptop0.system.tile_prci_domain.element_reset_domain_rockettile.frontend.btb'
%Warning-WIDTHEXPAND: /home/hunter/chipyard/sims/verilator/generated-src/chipyard.harness.TestHarness.GemminiRocketConfig/gen-collateral/BTB.sv:987:1061: Operator COND expects 32 or 5 bits on the Conditional True, but Conditional True's VARREF 'tgtPages_20' generates 3 bits.
                                                                                                                                                        : ... note: In instance 'TestDriver.testHarness.chiptop0.system.tile_prci_domain.element_reset_domain_rockettile.frontend.btb'
%Warning-WIDTHEXPAND: /home/hunter/chipyard/sims/verilator/generated-src/chipyard.harness.TestHarness.GemminiRocketConfig/gen-collateral/BTB.sv:987:1061: Operator COND expects 32 or 5 bits on the Conditional False, but Conditional False's CONST '3'h0' generates 3 bits.
                                                                                                                                                        : ... note: In instance 'TestDriver.testHarness.chiptop0.system.tile_prci_domain.element_reset_domain_rockettile.frontend.btb'
%Warning-WIDTHEXPAND: /home/hunter/chipyard/sims/verilator/generated-src/chipyard.harness.TestHarness.GemminiRocketConfig/gen-collateral/BTB.sv:987:1113: Operator COND expects 32 or 5 bits on the Conditional True, but Conditional True's VARREF 'tgtPages_21' generates 3 bits.
                                                                                                                                                        : ... note: In instance 'TestDriver.testHarness.chiptop0.system.tile_prci_domain.element_reset_domain_rockettile.frontend.btb'
%Warning-WIDTHEXPAND: /home/hunter/chipyard/sims/verilator/generated-src/chipyard.harness.TestHarness.GemminiRocketConfig/gen-collateral/BTB.sv:987:1113: Operator COND expects 32 or 5 bits on the Conditional False, but Conditional False's CONST '3'h0' generates 3 bits.
                                                                                                                                                        : ... note: In instance 'TestDriver.testHarness.chiptop0.system.tile_prci_domain.element_reset_domain_rockettile.frontend.btb'
%Warning-WIDTHEXPAND: /home/hunter/chipyard/sims/verilator/generated-src/chipyard.harness.TestHarness.GemminiRocketConfig/gen-collateral/BTB.sv:987:1165: Operator COND expects 32 or 5 bits on the Conditional True, but Conditional True's VARREF 'tgtPages_22' generates 3 bits.
                                                                                                                                                        : ... note: In instance 'TestDriver.testHarness.chiptop0.system.tile_prci_domain.element_reset_domain_rockettile.frontend.btb'
%Warning-WIDTHEXPAND: /home/hunter/chipyard/sims/verilator/generated-src/chipyard.harness.TestHarness.GemminiRocketConfig/gen-collateral/BTB.sv:987:1165: Operator COND expects 32 or 5 bits on the Conditional False, but Conditional False's CONST '3'h0' generates 3 bits.
                                                                                                                                                        : ... note: In instance 'TestDriver.testHarness.chiptop0.system.tile_prci_domain.element_reset_domain_rockettile.frontend.btb'
%Warning-WIDTHEXPAND: /home/hunter/chipyard/sims/verilator/generated-src/chipyard.harness.TestHarness.GemminiRocketConfig/gen-collateral/BTB.sv:987:1217: Operator COND expects 32 or 5 bits on the Conditional True, but Conditional True's VARREF 'tgtPages_23' generates 3 bits.
                                                                                                                                                        : ... note: In instance 'TestDriver.testHarness.chiptop0.system.tile_prci_domain.element_reset_domain_rockettile.frontend.btb'
%Warning-WIDTHEXPAND: /home/hunter/chipyard/sims/verilator/generated-src/chipyard.harness.TestHarness.GemminiRocketConfig/gen-collateral/BTB.sv:987:1217: Operator COND expects 32 or 5 bits on the Conditional False, but Conditional False's CONST '3'h0' generates 3 bits.
                                                                                                                                                        : ... note: In instance 'TestDriver.testHarness.chiptop0.system.tile_prci_domain.element_reset_domain_rockettile.frontend.btb'
%Warning-WIDTHEXPAND: /home/hunter/chipyard/sims/verilator/generated-src/chipyard.harness.TestHarness.GemminiRocketConfig/gen-collateral/BTB.sv:987:1269: Operator COND expects 32 or 5 bits on the Conditional True, but Conditional True's VARREF 'tgtPages_24' generates 3 bits.
                                                                                                                                                        : ... note: In instance 'TestDriver.testHarness.chiptop0.system.tile_prci_domain.element_reset_domain_rockettile.frontend.btb'
%Warning-WIDTHEXPAND: /home/hunter/chipyard/sims/verilator/generated-src/chipyard.harness.TestHarness.GemminiRocketConfig/gen-collateral/BTB.sv:987:1269: Operator COND expects 32 or 5 bits on the Conditional False, but Conditional False's CONST '3'h0' generates 3 bits.
                                                                                                                                                        : ... note: In instance 'TestDriver.testHarness.chiptop0.system.tile_prci_domain.element_reset_domain_rockettile.frontend.btb'
%Warning-WIDTHEXPAND: /home/hunter/chipyard/sims/verilator/generated-src/chipyard.harness.TestHarness.GemminiRocketConfig/gen-collateral/BTB.sv:987:1321: Operator COND expects 32 or 5 bits on the Conditional True, but Conditional True's VARREF 'tgtPages_25' generates 3 bits.
                                                                                                                                                        : ... note: In instance 'TestDriver.testHarness.chiptop0.system.tile_prci_domain.element_reset_domain_rockettile.frontend.btb'
%Warning-WIDTHEXPAND: /home/hunter/chipyard/sims/verilator/generated-src/chipyard.harness.TestHarness.GemminiRocketConfig/gen-collateral/BTB.sv:987:1321: Operator COND expects 32 or 5 bits on the Conditional False, but Conditional False's CONST '3'h0' generates 3 bits.
                                                                                                                                                        : ... note: In instance 'TestDriver.testHarness.chiptop0.system.tile_prci_domain.element_reset_domain_rockettile.frontend.btb'
%Warning-WIDTHEXPAND: /home/hunter/chipyard/sims/verilator/generated-src/chipyard.harness.TestHarness.GemminiRocketConfig/gen-collateral/BTB.sv:987:1373: Operator COND expects 32 or 5 bits on the Conditional True, but Conditional True's VARREF 'tgtPages_26' generates 3 bits.
                                                                                                                                                        : ... note: In instance 'TestDriver.testHarness.chiptop0.system.tile_prci_domain.element_reset_domain_rockettile.frontend.btb'
%Warning-WIDTHEXPAND: /home/hunter/chipyard/sims/verilator/generated-src/chipyard.harness.TestHarness.GemminiRocketConfig/gen-collateral/BTB.sv:987:1373: Operator COND expects 32 or 5 bits on the Conditional False, but Conditional False's CONST '3'h0' generates 3 bits.
                                                                                                                                                        : ... note: In instance 'TestDriver.testHarness.chiptop0.system.tile_prci_domain.element_reset_domain_rockettile.frontend.btb'
%Warning-WIDTHEXPAND: /home/hunter/chipyard/sims/verilator/generated-src/chipyard.harness.TestHarness.GemminiRocketConfig/gen-collateral/BTB.sv:987:1425: Operator COND expects 32 or 5 bits on the Conditional True, but Conditional True's VARREF 'tgtPages_27' generates 3 bits.
                                                                                                                                                        : ... note: In instance 'TestDriver.testHarness.chiptop0.system.tile_prci_domain.element_reset_domain_rockettile.frontend.btb'
%Warning-WIDTHEXPAND: /home/hunter/chipyard/sims/verilator/generated-src/chipyard.harness.TestHarness.GemminiRocketConfig/gen-collateral/BTB.sv:987:1425: Operator COND expects 32 or 5 bits on the Conditional False, but Conditional False's CONST '3'h0' generates 3 bits.
                                                                                                                                                        : ... note: In instance 'TestDriver.testHarness.chiptop0.system.tile_prci_domain.element_reset_domain_rockettile.frontend.btb'
%Warning-WIDTHEXPAND: /home/hunter/chipyard/sims/verilator/generated-src/chipyard.harness.TestHarness.GemminiRocketConfig/gen-collateral/AsyncQueueSink_Phit.sv:127:27: Operator XOR expects 32 or 6 bits on the LHS, but LHS's VARREF '_index_T' generates 3 bits.
                                                                                                                                                                      : ... note: In instance 'TestDriver.testHarness.chiptop0.system.serial_tl_domain.phy.in_phits_in_async_4.sink'
  127 |     .io_d  (_GEN[_index_T ^ {ridx_incremented[3], 2'h0}]),  
      |                           ^
%Warning-WIDTHEXPAND: /home/hunter/chipyard/sims/verilator/generated-src/chipyard.harness.TestHarness.GemminiRocketConfig/gen-collateral/AsyncQueueSink_Phit.sv:127:27: Operator XOR expects 32 or 6 bits on the RHS, but RHS's REPLICATE generates 3 bits.
                                                                                                                                                                      : ... note: In instance 'TestDriver.testHarness.chiptop0.system.serial_tl_domain.phy.in_phits_in_async_4.sink'
  127 |     .io_d  (_GEN[_index_T ^ {ridx_incremented[3], 2'h0}]),  
      |                           ^
%Warning-WIDTHEXPAND: /home/hunter/chipyard/sims/verilator/generated-src/chipyard.harness.TestHarness.GemminiRocketConfig/gen-collateral/TLWidthWidget1.sv:241:56: Operator COND expects 32 or 4 bits on the Conditional True, but Conditional True's VARREF 'repeat_sel_sel_sources_0' generates 3 bits.
                                                                                                                                                                 : ... note: In instance 'TestDriver.testHarness.chiptop0.system.fbus.coupler_from_debug_sb.widget'
  241 |   assign auto_anon_in_d_bits_data = _GEN[(repeat_first ? repeat_sel_sel_sources_0 : repeat_sel_hold_r) & _repeat_limit_T[2:0] | repeat_count];  
      |                                                        ^
%Warning-WIDTHEXPAND: /home/hunter/chipyard/sims/verilator/generated-src/chipyard.harness.TestHarness.GemminiRocketConfig/gen-collateral/TLWidthWidget1.sv:241:56: Operator COND expects 32 or 4 bits on the Conditional False, but Conditional False's VARREF 'repeat_sel_hold_r' generates 3 bits.
                                                                                                                                                                 : ... note: In instance 'TestDriver.testHarness.chiptop0.system.fbus.coupler_from_debug_sb.widget'
  241 |   assign auto_anon_in_d_bits_data = _GEN[(repeat_first ? repeat_sel_sel_sources_0 : repeat_sel_hold_r) & _repeat_limit_T[2:0] | repeat_count];  
      |                                                        ^
%Warning-WIDTHEXPAND: /home/hunter/chipyard/sims/verilator/generated-src/chipyard.harness.TestHarness.GemminiRocketConfig/gen-collateral/TLWidthWidget1.sv:241:104: Operator AND expects 32 or 4 bits on the RHS, but RHS's SEL generates 3 bits.
                                                                                                                                                                  : ... note: In instance 'TestDriver.testHarness.chiptop0.system.fbus.coupler_from_debug_sb.widget'
  241 |   assign auto_anon_in_d_bits_data = _GEN[(repeat_first ? repeat_sel_sel_sources_0 : repeat_sel_hold_r) & _repeat_limit_T[2:0] | repeat_count];  
      |                                                                                                        ^
%Warning-WIDTHEXPAND: /home/hunter/chipyard/sims/verilator/generated-src/chipyard.harness.TestHarness.GemminiRocketConfig/gen-collateral/TLWidthWidget1.sv:241:127: Operator OR expects 32 or 4 bits on the RHS, but RHS's VARREF 'repeat_count' generates 3 bits.
                                                                                                                                                                  : ... note: In instance 'TestDriver.testHarness.chiptop0.system.fbus.coupler_from_debug_sb.widget'
  241 |   assign auto_anon_in_d_bits_data = _GEN[(repeat_first ? repeat_sel_sel_sources_0 : repeat_sel_hold_r) & _repeat_limit_T[2:0] | repeat_count];  
      |                                                                                                                               ^
%Warning-WIDTHEXPAND: /home/hunter/chipyard/sims/verilator/generated-src/chipyard.harness.TestHarness.GemminiRocketConfig/gen-collateral/Rocket.sv:1322:43: Operator COND expects 32 or 7 bits on the Conditional True, but Conditional True's CONST '2'h3' generates 2 bits.
                                                                                                                                                          : ... note: In instance 'TestDriver.testHarness.chiptop0.system.tile_prci_domain.element_reset_domain_rockettile.core'
 1322 |       mem_reg_rs2 <= _GEN_15[ex_ctrl_rocc ? 2'h3 : ex_reg_mem_size];  
      |                                           ^
%Warning-WIDTHEXPAND: /home/hunter/chipyard/sims/verilator/generated-src/chipyard.harness.TestHarness.GemminiRocketConfig/gen-collateral/Rocket.sv:1322:43: Operator COND expects 32 or 7 bits on the Conditional False, but Conditional False's VARREF 'ex_reg_mem_size' generates 2 bits.
                                                                                                                                                          : ... note: In instance 'TestDriver.testHarness.chiptop0.system.tile_prci_domain.element_reset_domain_rockettile.core'
 1322 |       mem_reg_rs2 <= _GEN_15[ex_ctrl_rocc ? 2'h3 : ex_reg_mem_size];  
      |                                           ^
%Warning-WIDTHTRUNC: /home/hunter/chipyard/sims/verilator/generated-src/chipyard.harness.TestHarness.GemminiRocketConfig/gen-collateral/ram_2x116.sv:26:24: Bit extraction of var[127:0] requires 7 bit index, not 8 bits.
                                                                                                                                                          : ... note: In instance 'TestDriver.testHarness.ram.buffer.nodeOut_a_q.ram_ext'
   26 |             _RANDOM_MEM[j +: 32] = $random;  
      |                        ^
%Warning-WIDTHEXPAND: /home/hunter/chipyard/sims/verilator/generated-src/chipyard.harness.TestHarness.GemminiRocketConfig/gen-collateral/AsyncQueueSink_Phit_TestHarness_UNIQUIFIED.sv:127:27: Operator XOR expects 32 or 6 bits on the LHS, but LHS's VARREF '_index_T' generates 3 bits.
                                                                                                                                                                                             : ... note: In instance 'TestDriver.testHarness.ram.phy.in_phits_in_async_4.sink'
  127 |     .io_d  (_GEN[_index_T ^ {ridx_incremented[3], 2'h0}]),  
      |                           ^
%Warning-WIDTHEXPAND: /home/hunter/chipyard/sims/verilator/generated-src/chipyard.harness.TestHarness.GemminiRocketConfig/gen-collateral/AsyncQueueSink_Phit_TestHarness_UNIQUIFIED.sv:127:27: Operator XOR expects 32 or 6 bits on the RHS, but RHS's REPLICATE generates 3 bits.
                                                                                                                                                                                             : ... note: In instance 'TestDriver.testHarness.ram.phy.in_phits_in_async_4.sink'
  127 |     .io_d  (_GEN[_index_T ^ {ridx_incremented[3], 2'h0}]),  
      |                           ^
%Warning-WIDTHEXPAND: /home/hunter/chipyard/sims/verilator/generated-src/chipyard.harness.TestHarness.GemminiRocketConfig/gen-collateral/SimDRAM.v:166:19: Operator FUNCREF 'memory_init' expects 64 bits on the Function Argument, but Function Argument's VARREF 'MEM_BASE' generates 40 bits.
                                                                                                                                                         : ... note: In instance 'TestDriver.testHarness.simdram'
  166 |         channel = memory_init(CHIP_ID, MEM_SIZE, WORD_SIZE, LINE_SIZE, ID_BITS, CLOCK_HZ, MEM_BASE, ADDR_BITS);
      |                   ^~~~~~~~~~~
%Warning-WIDTHEXPAND: /home/hunter/chipyard/generators/radiance/src/main/resources/vsrc/vortex/third_party/fpnew/src/fpnew_pkg.sv:102:9: Operator ASSIGN expects 32 bits on the Assign RHS, but Assign RHS's ENUMITEMREF 'INT8' generates 2 bits.
                                                                                                                                       : ... note: In instance 'TestDriver'
  102 |         return INT8;
      |         ^~~~~~
%Warning-WIDTHEXPAND: /home/hunter/chipyard/generators/radiance/src/main/resources/vsrc/vortex/third_party/fpnew/src/fpnew_pkg.sv:307:25: Operator SUB expects 32 or 7 bits on the RHS, but RHS's VARREF 'fmt' generates 3 bits.
                                                                                                                                        : ... note: In instance 'TestDriver'
  307 |     return FP_ENCODINGS[fmt].exp_bits + FP_ENCODINGS[fmt].man_bits + 1;
      |                         ^~~
%Warning-WIDTHEXPAND: /home/hunter/chipyard/generators/radiance/src/main/resources/vsrc/vortex/third_party/fpnew/src/fpnew_pkg.sv:307:54: Operator SUB expects 32 or 7 bits on the RHS, but RHS's VARREF 'fmt' generates 3 bits.
                                                                                                                                        : ... note: In instance 'TestDriver'
  307 |     return FP_ENCODINGS[fmt].exp_bits + FP_ENCODINGS[fmt].man_bits + 1;
      |                                                      ^~~
%Warning-WIDTHEXPAND: /home/hunter/chipyard/generators/radiance/src/main/resources/vsrc/vortex/third_party/fpnew/src/fpnew_pkg.sv:330:25: Operator SUB expects 32 or 7 bits on the RHS, but RHS's VARREF 'fmt' generates 3 bits.
                                                                                                                                        : ... note: In instance 'TestDriver'
  330 |     return FP_ENCODINGS[fmt].exp_bits;
      |                         ^~~
%Warning-WIDTHEXPAND: /home/hunter/chipyard/generators/radiance/src/main/resources/vsrc/vortex/third_party/fpnew/src/fpnew_pkg.sv:335:25: Operator SUB expects 32 or 7 bits on the RHS, but RHS's VARREF 'fmt' generates 3 bits.
                                                                                                                                        : ... note: In instance 'TestDriver'
  335 |     return FP_ENCODINGS[fmt].man_bits;
      |                         ^~~
%Warning-WIDTHEXPAND: /home/hunter/chipyard/generators/radiance/src/main/resources/vsrc/vortex/third_party/fpnew/src/fpnew_pkg.sv:340:39: Operator SUB expects 32 or 7 bits on the RHS, but RHS's VARREF 'fmt' generates 3 bits.
                                                                                                                                        : ... note: In instance 'TestDriver'
  340 |     return unsigned'(2**(FP_ENCODINGS[fmt].exp_bits-1)-1);  
      |                                       ^~~
%Warning-LATCH: /home/hunter/chipyard/sims/verilator/generated-src/chipyard.harness.TestHarness.GemminiRocketConfig/gen-collateral/EICG_wrapper.v:12:3: Latch inferred for signal 'TestDriver.testHarness.chiptop0.gated_clock_debug_clock_gate.en_latched' (not all control paths of combinational always assign a value)
                                                                                                                                                      : ... Suggest use of always_latch for intentional latches
   12 |   always @(*) begin
      |   ^~~~~~
touch /home/hunter/chipyard/sims/verilator/generated-src/chipyard.harness.TestHarness.GemminiRocketConfig/chipyard.harness.TestHarness.GemminiRocketConfig/VTestDriver.mk
make VM_PARALLEL_BUILDS=1 -C /home/hunter/chipyard/sims/verilator/generated-src/chipyard.harness.TestHarness.GemminiRocketConfig/chipyard.harness.TestHarness.GemminiRocketConfig -f VTestDriver.mk
make[1]: Entering directory '/home/hunter/chipyard/sims/verilator/generated-src/chipyard.harness.TestHarness.GemminiRocketConfig/chipyard.harness.TestHarness.GemminiRocketConfig'
/home/hunter/chipyard/.conda-env/bin/x86_64-conda-linux-gnu-c++  -I.  -MMD -I/home/hunter/chipyard/.conda-env/share/verilator/include -I/home/hunter/chipyard/.conda-env/share/verilator/include/vltstd -DVM_COVERAGE=0 -DVM_SC=0 -DVM_TRACE=0 -DVM_TRACE_FST=0 -DVM_TRACE_VCD=0 -faligned-new -fcf-protection=none -Wno-bool-operation -Wno-shadow -Wno-sign-compare -Wno-tautological-compare -Wno-uninitialized -Wno-unused-but-set-parameter -Wno-unused-but-set-variable -Wno-unused-parameter -Wno-unused-variable    -O3 -std=c++17 -I/home/hunter/chipyard/.conda-env/riscv-tools/include -I/home/hunter/chipyard/tools/DRAMSim2 -I/home/hunter/chipyard/sims/verilator/generated-src/chipyard.harness.TestHarness.GemminiRocketConfig/gen-collateral   -DVERILATOR -DVL_TIME_CONTEXT   -fcoroutines -Os -c -o SimDRAM.o /home/hunter/chipyard/sims/verilator/generated-src/chipyard.harness.TestHarness.GemminiRocketConfig/gen-collateral/SimDRAM.cc
/home/hunter/chipyard/.conda-env/bin/x86_64-conda-linux-gnu-c++  -I.  -MMD -I/home/hunter/chipyard/.conda-env/share/verilator/include -I/home/hunter/chipyard/.conda-env/share/verilator/include/vltstd -DVM_COVERAGE=0 -DVM_SC=0 -DVM_TRACE=0 -DVM_TRACE_FST=0 -DVM_TRACE_VCD=0 -faligned-new -fcf-protection=none -Wno-bool-operation -Wno-shadow -Wno-sign-compare -Wno-tautological-compare -Wno-uninitialized -Wno-unused-but-set-parameter -Wno-unused-but-set-variable -Wno-unused-parameter -Wno-unused-variable    -O3 -std=c++17 -I/home/hunter/chipyard/.conda-env/riscv-tools/include -I/home/hunter/chipyard/tools/DRAMSim2 -I/home/hunter/chipyard/sims/verilator/generated-src/chipyard.harness.TestHarness.GemminiRocketConfig/gen-collateral   -DVERILATOR -DVL_TIME_CONTEXT   -fcoroutines -Os -c -o SimJTAG.o /home/hunter/chipyard/sims/verilator/generated-src/chipyard.harness.TestHarness.GemminiRocketConfig/gen-collateral/SimJTAG.cc
/home/hunter/chipyard/.conda-env/bin/x86_64-conda-linux-gnu-c++  -I.  -MMD -I/home/hunter/chipyard/.conda-env/share/verilator/include -I/home/hunter/chipyard/.conda-env/share/verilator/include/vltstd -DVM_COVERAGE=0 -DVM_SC=0 -DVM_TRACE=0 -DVM_TRACE_FST=0 -DVM_TRACE_VCD=0 -faligned-new -fcf-protection=none -Wno-bool-operation -Wno-shadow -Wno-sign-compare -Wno-tautological-compare -Wno-uninitialized -Wno-unused-but-set-parameter -Wno-unused-but-set-variable -Wno-unused-parameter -Wno-unused-variable    -O3 -std=c++17 -I/home/hunter/chipyard/.conda-env/riscv-tools/include -I/home/hunter/chipyard/tools/DRAMSim2 -I/home/hunter/chipyard/sims/verilator/generated-src/chipyard.harness.TestHarness.GemminiRocketConfig/gen-collateral   -DVERILATOR -DVL_TIME_CONTEXT   -fcoroutines -Os -c -o SimTSI.o /home/hunter/chipyard/sims/verilator/generated-src/chipyard.harness.TestHarness.GemminiRocketConfig/gen-collateral/SimTSI.cc
/home/hunter/chipyard/.conda-env/bin/x86_64-conda-linux-gnu-c++  -I.  -MMD -I/home/hunter/chipyard/.conda-env/share/verilator/include -I/home/hunter/chipyard/.conda-env/share/verilator/include/vltstd -DVM_COVERAGE=0 -DVM_SC=0 -DVM_TRACE=0 -DVM_TRACE_FST=0 -DVM_TRACE_VCD=0 -faligned-new -fcf-protection=none -Wno-bool-operation -Wno-shadow -Wno-sign-compare -Wno-tautological-compare -Wno-uninitialized -Wno-unused-but-set-parameter -Wno-unused-but-set-variable -Wno-unused-parameter -Wno-unused-variable    -O3 -std=c++17 -I/home/hunter/chipyard/.conda-env/riscv-tools/include -I/home/hunter/chipyard/tools/DRAMSim2 -I/home/hunter/chipyard/sims/verilator/generated-src/chipyard.harness.TestHarness.GemminiRocketConfig/gen-collateral   -DVERILATOR -DVL_TIME_CONTEXT   -fcoroutines -Os -c -o SimUART.o /home/hunter/chipyard/sims/verilator/generated-src/chipyard.harness.TestHarness.GemminiRocketConfig/gen-collateral/SimUART.cc
/home/hunter/chipyard/.conda-env/bin/x86_64-conda-linux-gnu-c++  -I.  -MMD -I/home/hunter/chipyard/.conda-env/share/verilator/include -I/home/hunter/chipyard/.conda-env/share/verilator/include/vltstd -DVM_COVERAGE=0 -DVM_SC=0 -DVM_TRACE=0 -DVM_TRACE_FST=0 -DVM_TRACE_VCD=0 -faligned-new -fcf-protection=none -Wno-bool-operation -Wno-shadow -Wno-sign-compare -Wno-tautological-compare -Wno-uninitialized -Wno-unused-but-set-parameter -Wno-unused-but-set-variable -Wno-unused-parameter -Wno-unused-variable    -O3 -std=c++17 -I/home/hunter/chipyard/.conda-env/riscv-tools/include -I/home/hunter/chipyard/tools/DRAMSim2 -I/home/hunter/chipyard/sims/verilator/generated-src/chipyard.harness.TestHarness.GemminiRocketConfig/gen-collateral   -DVERILATOR -DVL_TIME_CONTEXT   -fcoroutines -Os -c -o mm.o /home/hunter/chipyard/sims/verilator/generated-src/chipyard.harness.TestHarness.GemminiRocketConfig/gen-collateral/mm.cc
/home/hunter/chipyard/.conda-env/bin/x86_64-conda-linux-gnu-c++  -I.  -MMD -I/home/hunter/chipyard/.conda-env/share/verilator/include -I/home/hunter/chipyard/.conda-env/share/verilator/include/vltstd -DVM_COVERAGE=0 -DVM_SC=0 -DVM_TRACE=0 -DVM_TRACE_FST=0 -DVM_TRACE_VCD=0 -faligned-new -fcf-protection=none -Wno-bool-operation -Wno-shadow -Wno-sign-compare -Wno-tautological-compare -Wno-uninitialized -Wno-unused-but-set-parameter -Wno-unused-but-set-variable -Wno-unused-parameter -Wno-unused-variable    -O3 -std=c++17 -I/home/hunter/chipyard/.conda-env/riscv-tools/include -I/home/hunter/chipyard/tools/DRAMSim2 -I/home/hunter/chipyard/sims/verilator/generated-src/chipyard.harness.TestHarness.GemminiRocketConfig/gen-collateral   -DVERILATOR -DVL_TIME_CONTEXT   -fcoroutines -Os -c -o mm_dramsim2.o /home/hunter/chipyard/sims/verilator/generated-src/chipyard.harness.TestHarness.GemminiRocketConfig/gen-collateral/mm_dramsim2.cc
/home/hunter/chipyard/sims/verilator/generated-src/chipyard.harness.TestHarness.GemminiRocketConfig/gen-collateral/SimDRAM.cc: In function 'void* memory_init(int, long long int, long long int, long long int, long long int, long long int, long long int, int)':
/home/hunter/chipyard/sims/verilator/generated-src/chipyard.harness.TestHarness.GemminiRocketConfig/gen-collateral/SimDRAM.cc:87:52: warning: narrowing conversion of 'mem_size' from 'long long int' to 'size_t' {aka 'long unsigned int'} [-Wnarrowing]
   87 |       backing_mem_data[chip_id][mem_base] = {data, mem_size};
      |                                                    ^~~~~~~~
/home/hunter/chipyard/.conda-env/bin/x86_64-conda-linux-gnu-c++  -I.  -MMD -I/home/hunter/chipyard/.conda-env/share/verilator/include -I/home/hunter/chipyard/.conda-env/share/verilator/include/vltstd -DVM_COVERAGE=0 -DVM_SC=0 -DVM_TRACE=0 -DVM_TRACE_FST=0 -DVM_TRACE_VCD=0 -faligned-new -fcf-protection=none -Wno-bool-operation -Wno-shadow -Wno-sign-compare -Wno-tautological-compare -Wno-uninitialized -Wno-unused-but-set-parameter -Wno-unused-but-set-variable -Wno-unused-parameter -Wno-unused-variable    -O3 -std=c++17 -I/home/hunter/chipyard/.conda-env/riscv-tools/include -I/home/hunter/chipyard/tools/DRAMSim2 -I/home/hunter/chipyard/sims/verilator/generated-src/chipyard.harness.TestHarness.GemminiRocketConfig/gen-collateral   -DVERILATOR -DVL_TIME_CONTEXT   -fcoroutines -Os -c -o remote_bitbang.o /home/hunter/chipyard/sims/verilator/generated-src/chipyard.harness.TestHarness.GemminiRocketConfig/gen-collateral/remote_bitbang.cc
/home/hunter/chipyard/.conda-env/bin/x86_64-conda-linux-gnu-c++  -I.  -MMD -I/home/hunter/chipyard/.conda-env/share/verilator/include -I/home/hunter/chipyard/.conda-env/share/verilator/include/vltstd -DVM_COVERAGE=0 -DVM_SC=0 -DVM_TRACE=0 -DVM_TRACE_FST=0 -DVM_TRACE_VCD=0 -faligned-new -fcf-protection=none -Wno-bool-operation -Wno-shadow -Wno-sign-compare -Wno-tautological-compare -Wno-uninitialized -Wno-unused-but-set-parameter -Wno-unused-but-set-variable -Wno-unused-parameter -Wno-unused-variable    -O3 -std=c++17 -I/home/hunter/chipyard/.conda-env/riscv-tools/include -I/home/hunter/chipyard/tools/DRAMSim2 -I/home/hunter/chipyard/sims/verilator/generated-src/chipyard.harness.TestHarness.GemminiRocketConfig/gen-collateral   -DVERILATOR -DVL_TIME_CONTEXT   -fcoroutines -Os -c -o testchip_htif.o /home/hunter/chipyard/sims/verilator/generated-src/chipyard.harness.TestHarness.GemminiRocketConfig/gen-collateral/testchip_htif.cc
/home/hunter/chipyard/.conda-env/bin/x86_64-conda-linux-gnu-c++  -I.  -MMD -I/home/hunter/chipyard/.conda-env/share/verilator/include -I/home/hunter/chipyard/.conda-env/share/verilator/include/vltstd -DVM_COVERAGE=0 -DVM_SC=0 -DVM_TRACE=0 -DVM_TRACE_FST=0 -DVM_TRACE_VCD=0 -faligned-new -fcf-protection=none -Wno-bool-operation -Wno-shadow -Wno-sign-compare -Wno-tautological-compare -Wno-uninitialized -Wno-unused-but-set-parameter -Wno-unused-but-set-variable -Wno-unused-parameter -Wno-unused-variable    -O3 -std=c++17 -I/home/hunter/chipyard/.conda-env/riscv-tools/include -I/home/hunter/chipyard/tools/DRAMSim2 -I/home/hunter/chipyard/sims/verilator/generated-src/chipyard.harness.TestHarness.GemminiRocketConfig/gen-collateral   -DVERILATOR -DVL_TIME_CONTEXT   -fcoroutines -Os -c -o testchip_tsi.o /home/hunter/chipyard/sims/verilator/generated-src/chipyard.harness.TestHarness.GemminiRocketConfig/gen-collateral/testchip_tsi.cc
/home/hunter/chipyard/.conda-env/bin/x86_64-conda-linux-gnu-c++  -I.  -MMD -I/home/hunter/chipyard/.conda-env/share/verilator/include -I/home/hunter/chipyard/.conda-env/share/verilator/include/vltstd -DVM_COVERAGE=0 -DVM_SC=0 -DVM_TRACE=0 -DVM_TRACE_FST=0 -DVM_TRACE_VCD=0 -faligned-new -fcf-protection=none -Wno-bool-operation -Wno-shadow -Wno-sign-compare -Wno-tautological-compare -Wno-uninitialized -Wno-unused-but-set-parameter -Wno-unused-but-set-variable -Wno-unused-parameter -Wno-unused-variable    -O3 -std=c++17 -I/home/hunter/chipyard/.conda-env/riscv-tools/include -I/home/hunter/chipyard/tools/DRAMSim2 -I/home/hunter/chipyard/sims/verilator/generated-src/chipyard.harness.TestHarness.GemminiRocketConfig/gen-collateral   -DVERILATOR -DVL_TIME_CONTEXT   -fcoroutines -Os -c -o uart.o /home/hunter/chipyard/sims/verilator/generated-src/chipyard.harness.TestHarness.GemminiRocketConfig/gen-collateral/uart.cc
/home/hunter/chipyard/sims/verilator/generated-src/chipyard.harness.TestHarness.GemminiRocketConfig/gen-collateral/uart.cc:7:9: warning: '_XOPEN_SOURCE' redefined
    7 | #define _XOPEN_SOURCE
      |         ^~~~~~~~~~~~~
In file included from /home/hunter/chipyard/.conda-env/x86_64-conda-linux-gnu/sysroot/usr/include/signal.h:25,
                 from /home/hunter/chipyard/sims/verilator/generated-src/chipyard.harness.TestHarness.GemminiRocketConfig/gen-collateral/uart.h:4,
                 from /home/hunter/chipyard/sims/verilator/generated-src/chipyard.harness.TestHarness.GemminiRocketConfig/gen-collateral/uart.cc:3:
/home/hunter/chipyard/.conda-env/x86_64-conda-linux-gnu/sysroot/usr/include/features.h:214:10: note: this is the location of the previous definition
  214 | # define _XOPEN_SOURCE  700
      |          ^~~~~~~~~~~~~
/home/hunter/chipyard/.conda-env/bin/x86_64-conda-linux-gnu-c++ -Os  -I.  -MMD -I/home/hunter/chipyard/.conda-env/share/verilator/include -I/home/hunter/chipyard/.conda-env/share/verilator/include/vltstd -DVM_COVERAGE=0 -DVM_SC=0 -DVM_TRACE=0 -DVM_TRACE_FST=0 -DVM_TRACE_VCD=0 -faligned-new -fcf-protection=none -Wno-bool-operation -Wno-shadow -Wno-sign-compare -Wno-tautological-compare -Wno-uninitialized -Wno-unused-but-set-parameter -Wno-unused-but-set-variable -Wno-unused-parameter -Wno-unused-variable    -O3 -std=c++17 -I/home/hunter/chipyard/.conda-env/riscv-tools/include -I/home/hunter/chipyard/tools/DRAMSim2 -I/home/hunter/chipyard/sims/verilator/generated-src/chipyard.harness.TestHarness.GemminiRocketConfig/gen-collateral   -DVERILATOR -DVL_TIME_CONTEXT   -fcoroutines -c -o verilated.o /home/hunter/chipyard/.conda-env/share/verilator/include/verilated.cpp
/home/hunter/chipyard/.conda-env/bin/x86_64-conda-linux-gnu-c++ -Os  -I.  -MMD -I/home/hunter/chipyard/.conda-env/share/verilator/include -I/home/hunter/chipyard/.conda-env/share/verilator/include/vltstd -DVM_COVERAGE=0 -DVM_SC=0 -DVM_TRACE=0 -DVM_TRACE_FST=0 -DVM_TRACE_VCD=0 -faligned-new -fcf-protection=none -Wno-bool-operation -Wno-shadow -Wno-sign-compare -Wno-tautological-compare -Wno-uninitialized -Wno-unused-but-set-parameter -Wno-unused-but-set-variable -Wno-unused-parameter -Wno-unused-variable    -O3 -std=c++17 -I/home/hunter/chipyard/.conda-env/riscv-tools/include -I/home/hunter/chipyard/tools/DRAMSim2 -I/home/hunter/chipyard/sims/verilator/generated-src/chipyard.harness.TestHarness.GemminiRocketConfig/gen-collateral   -DVERILATOR -DVL_TIME_CONTEXT   -fcoroutines -c -o verilated_dpi.o /home/hunter/chipyard/.conda-env/share/verilator/include/verilated_dpi.cpp
/home/hunter/chipyard/.conda-env/bin/x86_64-conda-linux-gnu-c++ -Os  -I.  -MMD -I/home/hunter/chipyard/.conda-env/share/verilator/include -I/home/hunter/chipyard/.conda-env/share/verilator/include/vltstd -DVM_COVERAGE=0 -DVM_SC=0 -DVM_TRACE=0 -DVM_TRACE_FST=0 -DVM_TRACE_VCD=0 -faligned-new -fcf-protection=none -Wno-bool-operation -Wno-shadow -Wno-sign-compare -Wno-tautological-compare -Wno-uninitialized -Wno-unused-but-set-parameter -Wno-unused-but-set-variable -Wno-unused-parameter -Wno-unused-variable    -O3 -std=c++17 -I/home/hunter/chipyard/.conda-env/riscv-tools/include -I/home/hunter/chipyard/tools/DRAMSim2 -I/home/hunter/chipyard/sims/verilator/generated-src/chipyard.harness.TestHarness.GemminiRocketConfig/gen-collateral   -DVERILATOR -DVL_TIME_CONTEXT   -fcoroutines -c -o verilated_vpi.o /home/hunter/chipyard/.conda-env/share/verilator/include/verilated_vpi.cpp
/home/hunter/chipyard/.conda-env/bin/x86_64-conda-linux-gnu-c++ -Os  -I.  -MMD -I/home/hunter/chipyard/.conda-env/share/verilator/include -I/home/hunter/chipyard/.conda-env/share/verilator/include/vltstd -DVM_COVERAGE=0 -DVM_SC=0 -DVM_TRACE=0 -DVM_TRACE_FST=0 -DVM_TRACE_VCD=0 -faligned-new -fcf-protection=none -Wno-bool-operation -Wno-shadow -Wno-sign-compare -Wno-tautological-compare -Wno-uninitialized -Wno-unused-but-set-parameter -Wno-unused-but-set-variable -Wno-unused-parameter -Wno-unused-variable    -O3 -std=c++17 -I/home/hunter/chipyard/.conda-env/riscv-tools/include -I/home/hunter/chipyard/tools/DRAMSim2 -I/home/hunter/chipyard/sims/verilator/generated-src/chipyard.harness.TestHarness.GemminiRocketConfig/gen-collateral   -DVERILATOR -DVL_TIME_CONTEXT   -fcoroutines -c -o verilated_timing.o /home/hunter/chipyard/.conda-env/share/verilator/include/verilated_timing.cpp
/home/hunter/chipyard/.conda-env/bin/x86_64-conda-linux-gnu-c++ -Os  -I.  -MMD -I/home/hunter/chipyard/.conda-env/share/verilator/include -I/home/hunter/chipyard/.conda-env/share/verilator/include/vltstd -DVM_COVERAGE=0 -DVM_SC=0 -DVM_TRACE=0 -DVM_TRACE_FST=0 -DVM_TRACE_VCD=0 -faligned-new -fcf-protection=none -Wno-bool-operation -Wno-shadow -Wno-sign-compare -Wno-tautological-compare -Wno-uninitialized -Wno-unused-but-set-parameter -Wno-unused-but-set-variable -Wno-unused-parameter -Wno-unused-variable    -O3 -std=c++17 -I/home/hunter/chipyard/.conda-env/riscv-tools/include -I/home/hunter/chipyard/tools/DRAMSim2 -I/home/hunter/chipyard/sims/verilator/generated-src/chipyard.harness.TestHarness.GemminiRocketConfig/gen-collateral   -DVERILATOR -DVL_TIME_CONTEXT   -fcoroutines -c -o verilated_threads.o /home/hunter/chipyard/.conda-env/share/verilator/include/verilated_threads.cpp
/home/hunter/chipyard/.conda-env/bin/x86_64-conda-linux-gnu-c++ -Os  -I.  -MMD -I/home/hunter/chipyard/.conda-env/share/verilator/include -I/home/hunter/chipyard/.conda-env/share/verilator/include/vltstd -DVM_COVERAGE=0 -DVM_SC=0 -DVM_TRACE=0 -DVM_TRACE_FST=0 -DVM_TRACE_VCD=0 -faligned-new -fcf-protection=none -Wno-bool-operation -Wno-shadow -Wno-sign-compare -Wno-tautological-compare -Wno-uninitialized -Wno-unused-but-set-parameter -Wno-unused-but-set-variable -Wno-unused-parameter -Wno-unused-variable    -O3 -std=c++17 -I/home/hunter/chipyard/.conda-env/riscv-tools/include -I/home/hunter/chipyard/tools/DRAMSim2 -I/home/hunter/chipyard/sims/verilator/generated-src/chipyard.harness.TestHarness.GemminiRocketConfig/gen-collateral   -DVERILATOR -DVL_TIME_CONTEXT   -fcoroutines -x c++-header VTestDriver__pch.h -o VTestDriver__pch.h.fast.gch
/home/hunter/chipyard/.conda-env/bin/x86_64-conda-linux-gnu-c++   -I.  -MMD -I/home/hunter/chipyard/.conda-env/share/verilator/include -I/home/hunter/chipyard/.conda-env/share/verilator/include/vltstd -DVM_COVERAGE=0 -DVM_SC=0 -DVM_TRACE=0 -DVM_TRACE_FST=0 -DVM_TRACE_VCD=0 -faligned-new -fcf-protection=none -Wno-bool-operation -Wno-shadow -Wno-sign-compare -Wno-tautological-compare -Wno-uninitialized -Wno-unused-but-set-parameter -Wno-unused-but-set-variable -Wno-unused-parameter -Wno-unused-variable    -O3 -std=c++17 -I/home/hunter/chipyard/.conda-env/riscv-tools/include -I/home/hunter/chipyard/tools/DRAMSim2 -I/home/hunter/chipyard/sims/verilator/generated-src/chipyard.harness.TestHarness.GemminiRocketConfig/gen-collateral   -DVERILATOR -DVL_TIME_CONTEXT   -fcoroutines -x c++-header VTestDriver__pch.h -o VTestDriver__pch.h.slow.gch
echo "" > VTestDriver__ALL.verilator_deplist.tmp
/home/hunter/chipyard/.conda-env/bin/x86_64-conda-linux-gnu-c++ -Os  -I.  -MMD -I/home/hunter/chipyard/.conda-env/share/verilator/include -I/home/hunter/chipyard/.conda-env/share/verilator/include/vltstd -DVM_COVERAGE=0 -DVM_SC=0 -DVM_TRACE=0 -DVM_TRACE_FST=0 -DVM_TRACE_VCD=0 -faligned-new -fcf-protection=none -Wno-bool-operation -Wno-shadow -Wno-sign-compare -Wno-tautological-compare -Wno-uninitialized -Wno-unused-but-set-parameter -Wno-unused-but-set-variable -Wno-unused-parameter -Wno-unused-variable    -O3 -std=c++17 -I/home/hunter/chipyard/.conda-env/riscv-tools/include -I/home/hunter/chipyard/tools/DRAMSim2 -I/home/hunter/chipyard/sims/verilator/generated-src/chipyard.harness.TestHarness.GemminiRocketConfig/gen-collateral   -DVERILATOR -DVL_TIME_CONTEXT   -fcoroutines -include VTestDriver__pch.h.fast -c -o VTestDriver.o VTestDriver.cpp
/home/hunter/chipyard/.conda-env/bin/x86_64-conda-linux-gnu-c++ -Os  -I.  -MMD -I/home/hunter/chipyard/.conda-env/share/verilator/include -I/home/hunter/chipyard/.conda-env/share/verilator/include/vltstd -DVM_COVERAGE=0 -DVM_SC=0 -DVM_TRACE=0 -DVM_TRACE_FST=0 -DVM_TRACE_VCD=0 -faligned-new -fcf-protection=none -Wno-bool-operation -Wno-shadow -Wno-sign-compare -Wno-tautological-compare -Wno-uninitialized -Wno-unused-but-set-parameter -Wno-unused-but-set-variable -Wno-unused-parameter -Wno-unused-variable    -O3 -std=c++17 -I/home/hunter/chipyard/.conda-env/riscv-tools/include -I/home/hunter/chipyard/tools/DRAMSim2 -I/home/hunter/chipyard/sims/verilator/generated-src/chipyard.harness.TestHarness.GemminiRocketConfig/gen-collateral   -DVERILATOR -DVL_TIME_CONTEXT   -fcoroutines -include VTestDriver__pch.h.fast -c -o VTestDriver___024root__DepSet_h662e1026__0.o VTestDriver___024root__DepSet_h662e1026__0.cpp
/home/hunter/chipyard/.conda-env/bin/x86_64-conda-linux-gnu-c++ -Os  -I.  -MMD -I/home/hunter/chipyard/.conda-env/share/verilator/include -I/home/hunter/chipyard/.conda-env/share/verilator/include/vltstd -DVM_COVERAGE=0 -DVM_SC=0 -DVM_TRACE=0 -DVM_TRACE_FST=0 -DVM_TRACE_VCD=0 -faligned-new -fcf-protection=none -Wno-bool-operation -Wno-shadow -Wno-sign-compare -Wno-tautological-compare -Wno-uninitialized -Wno-unused-but-set-parameter -Wno-unused-but-set-variable -Wno-unused-parameter -Wno-unused-variable    -O3 -std=c++17 -I/home/hunter/chipyard/.conda-env/riscv-tools/include -I/home/hunter/chipyard/tools/DRAMSim2 -I/home/hunter/chipyard/sims/verilator/generated-src/chipyard.harness.TestHarness.GemminiRocketConfig/gen-collateral   -DVERILATOR -DVL_TIME_CONTEXT   -fcoroutines -include VTestDriver__pch.h.fast -c -o VTestDriver___024root__DepSet_h662e1026__1.o VTestDriver___024root__DepSet_h662e1026__1.cpp
/home/hunter/chipyard/.conda-env/bin/x86_64-conda-linux-gnu-c++ -Os  -I.  -MMD -I/home/hunter/chipyard/.conda-env/share/verilator/include -I/home/hunter/chipyard/.conda-env/share/verilator/include/vltstd -DVM_COVERAGE=0 -DVM_SC=0 -DVM_TRACE=0 -DVM_TRACE_FST=0 -DVM_TRACE_VCD=0 -faligned-new -fcf-protection=none -Wno-bool-operation -Wno-shadow -Wno-sign-compare -Wno-tautological-compare -Wno-uninitialized -Wno-unused-but-set-parameter -Wno-unused-but-set-variable -Wno-unused-parameter -Wno-unused-variable    -O3 -std=c++17 -I/home/hunter/chipyard/.conda-env/riscv-tools/include -I/home/hunter/chipyard/tools/DRAMSim2 -I/home/hunter/chipyard/sims/verilator/generated-src/chipyard.harness.TestHarness.GemminiRocketConfig/gen-collateral   -DVERILATOR -DVL_TIME_CONTEXT   -fcoroutines -include VTestDriver__pch.h.fast -c -o VTestDriver___024root__DepSet_h662e1026__2.o VTestDriver___024root__DepSet_h662e1026__2.cpp
/home/hunter/chipyard/.conda-env/bin/x86_64-conda-linux-gnu-c++ -Os  -I.  -MMD -I/home/hunter/chipyard/.conda-env/share/verilator/include -I/home/hunter/chipyard/.conda-env/share/verilator/include/vltstd -DVM_COVERAGE=0 -DVM_SC=0 -DVM_TRACE=0 -DVM_TRACE_FST=0 -DVM_TRACE_VCD=0 -faligned-new -fcf-protection=none -Wno-bool-operation -Wno-shadow -Wno-sign-compare -Wno-tautological-compare -Wno-uninitialized -Wno-unused-but-set-parameter -Wno-unused-but-set-variable -Wno-unused-parameter -Wno-unused-variable    -O3 -std=c++17 -I/home/hunter/chipyard/.conda-env/riscv-tools/include -I/home/hunter/chipyard/tools/DRAMSim2 -I/home/hunter/chipyard/sims/verilator/generated-src/chipyard.harness.TestHarness.GemminiRocketConfig/gen-collateral   -DVERILATOR -DVL_TIME_CONTEXT   -fcoroutines -include VTestDriver__pch.h.fast -c -o VTestDriver___024root__DepSet_h662e1026__3.o VTestDriver___024root__DepSet_h662e1026__3.cpp
/home/hunter/chipyard/.conda-env/bin/x86_64-conda-linux-gnu-c++ -Os  -I.  -MMD -I/home/hunter/chipyard/.conda-env/share/verilator/include -I/home/hunter/chipyard/.conda-env/share/verilator/include/vltstd -DVM_COVERAGE=0 -DVM_SC=0 -DVM_TRACE=0 -DVM_TRACE_FST=0 -DVM_TRACE_VCD=0 -faligned-new -fcf-protection=none -Wno-bool-operation -Wno-shadow -Wno-sign-compare -Wno-tautological-compare -Wno-uninitialized -Wno-unused-but-set-parameter -Wno-unused-but-set-variable -Wno-unused-parameter -Wno-unused-variable    -O3 -std=c++17 -I/home/hunter/chipyard/.conda-env/riscv-tools/include -I/home/hunter/chipyard/tools/DRAMSim2 -I/home/hunter/chipyard/sims/verilator/generated-src/chipyard.harness.TestHarness.GemminiRocketConfig/gen-collateral   -DVERILATOR -DVL_TIME_CONTEXT   -fcoroutines -include VTestDriver__pch.h.fast -c -o VTestDriver___024root__DepSet_h662e1026__4.o VTestDriver___024root__DepSet_h662e1026__4.cpp
/home/hunter/chipyard/.conda-env/bin/x86_64-conda-linux-gnu-c++ -Os  -I.  -MMD -I/home/hunter/chipyard/.conda-env/share/verilator/include -I/home/hunter/chipyard/.conda-env/share/verilator/include/vltstd -DVM_COVERAGE=0 -DVM_SC=0 -DVM_TRACE=0 -DVM_TRACE_FST=0 -DVM_TRACE_VCD=0 -faligned-new -fcf-protection=none -Wno-bool-operation -Wno-shadow -Wno-sign-compare -Wno-tautological-compare -Wno-uninitialized -Wno-unused-but-set-parameter -Wno-unused-but-set-variable -Wno-unused-parameter -Wno-unused-variable    -O3 -std=c++17 -I/home/hunter/chipyard/.conda-env/riscv-tools/include -I/home/hunter/chipyard/tools/DRAMSim2 -I/home/hunter/chipyard/sims/verilator/generated-src/chipyard.harness.TestHarness.GemminiRocketConfig/gen-collateral   -DVERILATOR -DVL_TIME_CONTEXT   -fcoroutines -include VTestDriver__pch.h.fast -c -o VTestDriver___024root__DepSet_h662e1026__5.o VTestDriver___024root__DepSet_h662e1026__5.cpp
/home/hunter/chipyard/.conda-env/bin/x86_64-conda-linux-gnu-c++ -Os  -I.  -MMD -I/home/hunter/chipyard/.conda-env/share/verilator/include -I/home/hunter/chipyard/.conda-env/share/verilator/include/vltstd -DVM_COVERAGE=0 -DVM_SC=0 -DVM_TRACE=0 -DVM_TRACE_FST=0 -DVM_TRACE_VCD=0 -faligned-new -fcf-protection=none -Wno-bool-operation -Wno-shadow -Wno-sign-compare -Wno-tautological-compare -Wno-uninitialized -Wno-unused-but-set-parameter -Wno-unused-but-set-variable -Wno-unused-parameter -Wno-unused-variable    -O3 -std=c++17 -I/home/hunter/chipyard/.conda-env/riscv-tools/include -I/home/hunter/chipyard/tools/DRAMSim2 -I/home/hunter/chipyard/sims/verilator/generated-src/chipyard.harness.TestHarness.GemminiRocketConfig/gen-collateral   -DVERILATOR -DVL_TIME_CONTEXT   -fcoroutines -include VTestDriver__pch.h.fast -c -o VTestDriver___024root__DepSet_h662e1026__6.o VTestDriver___024root__DepSet_h662e1026__6.cpp
/home/hunter/chipyard/.conda-env/bin/x86_64-conda-linux-gnu-c++ -Os  -I.  -MMD -I/home/hunter/chipyard/.conda-env/share/verilator/include -I/home/hunter/chipyard/.conda-env/share/verilator/include/vltstd -DVM_COVERAGE=0 -DVM_SC=0 -DVM_TRACE=0 -DVM_TRACE_FST=0 -DVM_TRACE_VCD=0 -faligned-new -fcf-protection=none -Wno-bool-operation -Wno-shadow -Wno-sign-compare -Wno-tautological-compare -Wno-uninitialized -Wno-unused-but-set-parameter -Wno-unused-but-set-variable -Wno-unused-parameter -Wno-unused-variable    -O3 -std=c++17 -I/home/hunter/chipyard/.conda-env/riscv-tools/include -I/home/hunter/chipyard/tools/DRAMSim2 -I/home/hunter/chipyard/sims/verilator/generated-src/chipyard.harness.TestHarness.GemminiRocketConfig/gen-collateral   -DVERILATOR -DVL_TIME_CONTEXT   -fcoroutines -include VTestDriver__pch.h.fast -c -o VTestDriver___024root__DepSet_h662e1026__7.o VTestDriver___024root__DepSet_h662e1026__7.cpp
/home/hunter/chipyard/.conda-env/bin/x86_64-conda-linux-gnu-c++ -Os  -I.  -MMD -I/home/hunter/chipyard/.conda-env/share/verilator/include -I/home/hunter/chipyard/.conda-env/share/verilator/include/vltstd -DVM_COVERAGE=0 -DVM_SC=0 -DVM_TRACE=0 -DVM_TRACE_FST=0 -DVM_TRACE_VCD=0 -faligned-new -fcf-protection=none -Wno-bool-operation -Wno-shadow -Wno-sign-compare -Wno-tautological-compare -Wno-uninitialized -Wno-unused-but-set-parameter -Wno-unused-but-set-variable -Wno-unused-parameter -Wno-unused-variable    -O3 -std=c++17 -I/home/hunter/chipyard/.conda-env/riscv-tools/include -I/home/hunter/chipyard/tools/DRAMSim2 -I/home/hunter/chipyard/sims/verilator/generated-src/chipyard.harness.TestHarness.GemminiRocketConfig/gen-collateral   -DVERILATOR -DVL_TIME_CONTEXT   -fcoroutines -include VTestDriver__pch.h.fast -c -o VTestDriver___024root__DepSet_h662e1026__8.o VTestDriver___024root__DepSet_h662e1026__8.cpp
/home/hunter/chipyard/.conda-env/bin/x86_64-conda-linux-gnu-c++ -Os  -I.  -MMD -I/home/hunter/chipyard/.conda-env/share/verilator/include -I/home/hunter/chipyard/.conda-env/share/verilator/include/vltstd -DVM_COVERAGE=0 -DVM_SC=0 -DVM_TRACE=0 -DVM_TRACE_FST=0 -DVM_TRACE_VCD=0 -faligned-new -fcf-protection=none -Wno-bool-operation -Wno-shadow -Wno-sign-compare -Wno-tautological-compare -Wno-uninitialized -Wno-unused-but-set-parameter -Wno-unused-but-set-variable -Wno-unused-parameter -Wno-unused-variable    -O3 -std=c++17 -I/home/hunter/chipyard/.conda-env/riscv-tools/include -I/home/hunter/chipyard/tools/DRAMSim2 -I/home/hunter/chipyard/sims/verilator/generated-src/chipyard.harness.TestHarness.GemminiRocketConfig/gen-collateral   -DVERILATOR -DVL_TIME_CONTEXT   -fcoroutines -include VTestDriver__pch.h.fast -c -o VTestDriver___024root__DepSet_h662e1026__9.o VTestDriver___024root__DepSet_h662e1026__9.cpp
/home/hunter/chipyard/.conda-env/bin/x86_64-conda-linux-gnu-c++ -Os  -I.  -MMD -I/home/hunter/chipyard/.conda-env/share/verilator/include -I/home/hunter/chipyard/.conda-env/share/verilator/include/vltstd -DVM_COVERAGE=0 -DVM_SC=0 -DVM_TRACE=0 -DVM_TRACE_FST=0 -DVM_TRACE_VCD=0 -faligned-new -fcf-protection=none -Wno-bool-operation -Wno-shadow -Wno-sign-compare -Wno-tautological-compare -Wno-uninitialized -Wno-unused-but-set-parameter -Wno-unused-but-set-variable -Wno-unused-parameter -Wno-unused-variable    -O3 -std=c++17 -I/home/hunter/chipyard/.conda-env/riscv-tools/include -I/home/hunter/chipyard/tools/DRAMSim2 -I/home/hunter/chipyard/sims/verilator/generated-src/chipyard.harness.TestHarness.GemminiRocketConfig/gen-collateral   -DVERILATOR -DVL_TIME_CONTEXT   -fcoroutines -include VTestDriver__pch.h.fast -c -o VTestDriver___024root__DepSet_h662e1026__10.o VTestDriver___024root__DepSet_h662e1026__10.cpp
/home/hunter/chipyard/.conda-env/bin/x86_64-conda-linux-gnu-c++ -Os  -I.  -MMD -I/home/hunter/chipyard/.conda-env/share/verilator/include -I/home/hunter/chipyard/.conda-env/share/verilator/include/vltstd -DVM_COVERAGE=0 -DVM_SC=0 -DVM_TRACE=0 -DVM_TRACE_FST=0 -DVM_TRACE_VCD=0 -faligned-new -fcf-protection=none -Wno-bool-operation -Wno-shadow -Wno-sign-compare -Wno-tautological-compare -Wno-uninitialized -Wno-unused-but-set-parameter -Wno-unused-but-set-variable -Wno-unused-parameter -Wno-unused-variable    -O3 -std=c++17 -I/home/hunter/chipyard/.conda-env/riscv-tools/include -I/home/hunter/chipyard/tools/DRAMSim2 -I/home/hunter/chipyard/sims/verilator/generated-src/chipyard.harness.TestHarness.GemminiRocketConfig/gen-collateral   -DVERILATOR -DVL_TIME_CONTEXT   -fcoroutines -include VTestDriver__pch.h.fast -c -o VTestDriver___024root__DepSet_h662e1026__11.o VTestDriver___024root__DepSet_h662e1026__11.cpp
/home/hunter/chipyard/.conda-env/bin/x86_64-conda-linux-gnu-c++ -Os  -I.  -MMD -I/home/hunter/chipyard/.conda-env/share/verilator/include -I/home/hunter/chipyard/.conda-env/share/verilator/include/vltstd -DVM_COVERAGE=0 -DVM_SC=0 -DVM_TRACE=0 -DVM_TRACE_FST=0 -DVM_TRACE_VCD=0 -faligned-new -fcf-protection=none -Wno-bool-operation -Wno-shadow -Wno-sign-compare -Wno-tautological-compare -Wno-uninitialized -Wno-unused-but-set-parameter -Wno-unused-but-set-variable -Wno-unused-parameter -Wno-unused-variable    -O3 -std=c++17 -I/home/hunter/chipyard/.conda-env/riscv-tools/include -I/home/hunter/chipyard/tools/DRAMSim2 -I/home/hunter/chipyard/sims/verilator/generated-src/chipyard.harness.TestHarness.GemminiRocketConfig/gen-collateral   -DVERILATOR -DVL_TIME_CONTEXT   -fcoroutines -include VTestDriver__pch.h.fast -c -o VTestDriver___024root__DepSet_h662e1026__12.o VTestDriver___024root__DepSet_h662e1026__12.cpp
/home/hunter/chipyard/.conda-env/bin/x86_64-conda-linux-gnu-c++ -Os  -I.  -MMD -I/home/hunter/chipyard/.conda-env/share/verilator/include -I/home/hunter/chipyard/.conda-env/share/verilator/include/vltstd -DVM_COVERAGE=0 -DVM_SC=0 -DVM_TRACE=0 -DVM_TRACE_FST=0 -DVM_TRACE_VCD=0 -faligned-new -fcf-protection=none -Wno-bool-operation -Wno-shadow -Wno-sign-compare -Wno-tautological-compare -Wno-uninitialized -Wno-unused-but-set-parameter -Wno-unused-but-set-variable -Wno-unused-parameter -Wno-unused-variable    -O3 -std=c++17 -I/home/hunter/chipyard/.conda-env/riscv-tools/include -I/home/hunter/chipyard/tools/DRAMSim2 -I/home/hunter/chipyard/sims/verilator/generated-src/chipyard.harness.TestHarness.GemminiRocketConfig/gen-collateral   -DVERILATOR -DVL_TIME_CONTEXT   -fcoroutines -include VTestDriver__pch.h.fast -c -o VTestDriver___024root__DepSet_h662e1026__13.o VTestDriver___024root__DepSet_h662e1026__13.cpp
/home/hunter/chipyard/.conda-env/bin/x86_64-conda-linux-gnu-c++ -Os  -I.  -MMD -I/home/hunter/chipyard/.conda-env/share/verilator/include -I/home/hunter/chipyard/.conda-env/share/verilator/include/vltstd -DVM_COVERAGE=0 -DVM_SC=0 -DVM_TRACE=0 -DVM_TRACE_FST=0 -DVM_TRACE_VCD=0 -faligned-new -fcf-protection=none -Wno-bool-operation -Wno-shadow -Wno-sign-compare -Wno-tautological-compare -Wno-uninitialized -Wno-unused-but-set-parameter -Wno-unused-but-set-variable -Wno-unused-parameter -Wno-unused-variable    -O3 -std=c++17 -I/home/hunter/chipyard/.conda-env/riscv-tools/include -I/home/hunter/chipyard/tools/DRAMSim2 -I/home/hunter/chipyard/sims/verilator/generated-src/chipyard.harness.TestHarness.GemminiRocketConfig/gen-collateral   -DVERILATOR -DVL_TIME_CONTEXT   -fcoroutines -include VTestDriver__pch.h.fast -c -o VTestDriver___024root__DepSet_h662e1026__14.o VTestDriver___024root__DepSet_h662e1026__14.cpp
/home/hunter/chipyard/.conda-env/bin/x86_64-conda-linux-gnu-c++ -Os  -I.  -MMD -I/home/hunter/chipyard/.conda-env/share/verilator/include -I/home/hunter/chipyard/.conda-env/share/verilator/include/vltstd -DVM_COVERAGE=0 -DVM_SC=0 -DVM_TRACE=0 -DVM_TRACE_FST=0 -DVM_TRACE_VCD=0 -faligned-new -fcf-protection=none -Wno-bool-operation -Wno-shadow -Wno-sign-compare -Wno-tautological-compare -Wno-uninitialized -Wno-unused-but-set-parameter -Wno-unused-but-set-variable -Wno-unused-parameter -Wno-unused-variable    -O3 -std=c++17 -I/home/hunter/chipyard/.conda-env/riscv-tools/include -I/home/hunter/chipyard/tools/DRAMSim2 -I/home/hunter/chipyard/sims/verilator/generated-src/chipyard.harness.TestHarness.GemminiRocketConfig/gen-collateral   -DVERILATOR -DVL_TIME_CONTEXT   -fcoroutines -include VTestDriver__pch.h.fast -c -o VTestDriver___024root__DepSet_h662e1026__15.o VTestDriver___024root__DepSet_h662e1026__15.cpp
/home/hunter/chipyard/.conda-env/bin/x86_64-conda-linux-gnu-c++ -Os  -I.  -MMD -I/home/hunter/chipyard/.conda-env/share/verilator/include -I/home/hunter/chipyard/.conda-env/share/verilator/include/vltstd -DVM_COVERAGE=0 -DVM_SC=0 -DVM_TRACE=0 -DVM_TRACE_FST=0 -DVM_TRACE_VCD=0 -faligned-new -fcf-protection=none -Wno-bool-operation -Wno-shadow -Wno-sign-compare -Wno-tautological-compare -Wno-uninitialized -Wno-unused-but-set-parameter -Wno-unused-but-set-variable -Wno-unused-parameter -Wno-unused-variable    -O3 -std=c++17 -I/home/hunter/chipyard/.conda-env/riscv-tools/include -I/home/hunter/chipyard/tools/DRAMSim2 -I/home/hunter/chipyard/sims/verilator/generated-src/chipyard.harness.TestHarness.GemminiRocketConfig/gen-collateral   -DVERILATOR -DVL_TIME_CONTEXT   -fcoroutines -include VTestDriver__pch.h.fast -c -o VTestDriver___024root__DepSet_h662e1026__16.o VTestDriver___024root__DepSet_h662e1026__16.cpp
/home/hunter/chipyard/.conda-env/bin/x86_64-conda-linux-gnu-c++ -Os  -I.  -MMD -I/home/hunter/chipyard/.conda-env/share/verilator/include -I/home/hunter/chipyard/.conda-env/share/verilator/include/vltstd -DVM_COVERAGE=0 -DVM_SC=0 -DVM_TRACE=0 -DVM_TRACE_FST=0 -DVM_TRACE_VCD=0 -faligned-new -fcf-protection=none -Wno-bool-operation -Wno-shadow -Wno-sign-compare -Wno-tautological-compare -Wno-uninitialized -Wno-unused-but-set-parameter -Wno-unused-but-set-variable -Wno-unused-parameter -Wno-unused-variable    -O3 -std=c++17 -I/home/hunter/chipyard/.conda-env/riscv-tools/include -I/home/hunter/chipyard/tools/DRAMSim2 -I/home/hunter/chipyard/sims/verilator/generated-src/chipyard.harness.TestHarness.GemminiRocketConfig/gen-collateral   -DVERILATOR -DVL_TIME_CONTEXT   -fcoroutines -include VTestDriver__pch.h.fast -c -o VTestDriver___024root__DepSet_h662e1026__17.o VTestDriver___024root__DepSet_h662e1026__17.cpp
/home/hunter/chipyard/.conda-env/bin/x86_64-conda-linux-gnu-c++ -Os  -I.  -MMD -I/home/hunter/chipyard/.conda-env/share/verilator/include -I/home/hunter/chipyard/.conda-env/share/verilator/include/vltstd -DVM_COVERAGE=0 -DVM_SC=0 -DVM_TRACE=0 -DVM_TRACE_FST=0 -DVM_TRACE_VCD=0 -faligned-new -fcf-protection=none -Wno-bool-operation -Wno-shadow -Wno-sign-compare -Wno-tautological-compare -Wno-uninitialized -Wno-unused-but-set-parameter -Wno-unused-but-set-variable -Wno-unused-parameter -Wno-unused-variable    -O3 -std=c++17 -I/home/hunter/chipyard/.conda-env/riscv-tools/include -I/home/hunter/chipyard/tools/DRAMSim2 -I/home/hunter/chipyard/sims/verilator/generated-src/chipyard.harness.TestHarness.GemminiRocketConfig/gen-collateral   -DVERILATOR -DVL_TIME_CONTEXT   -fcoroutines -include VTestDriver__pch.h.fast -c -o VTestDriver___024root__DepSet_h662e1026__18.o VTestDriver___024root__DepSet_h662e1026__18.cpp
/home/hunter/chipyard/.conda-env/bin/x86_64-conda-linux-gnu-c++ -Os  -I.  -MMD -I/home/hunter/chipyard/.conda-env/share/verilator/include -I/home/hunter/chipyard/.conda-env/share/verilator/include/vltstd -DVM_COVERAGE=0 -DVM_SC=0 -DVM_TRACE=0 -DVM_TRACE_FST=0 -DVM_TRACE_VCD=0 -faligned-new -fcf-protection=none -Wno-bool-operation -Wno-shadow -Wno-sign-compare -Wno-tautological-compare -Wno-uninitialized -Wno-unused-but-set-parameter -Wno-unused-but-set-variable -Wno-unused-parameter -Wno-unused-variable    -O3 -std=c++17 -I/home/hunter/chipyard/.conda-env/riscv-tools/include -I/home/hunter/chipyard/tools/DRAMSim2 -I/home/hunter/chipyard/sims/verilator/generated-src/chipyard.harness.TestHarness.GemminiRocketConfig/gen-collateral   -DVERILATOR -DVL_TIME_CONTEXT   -fcoroutines -include VTestDriver__pch.h.fast -c -o VTestDriver___024root__DepSet_h662e1026__19.o VTestDriver___024root__DepSet_h662e1026__19.cpp
/home/hunter/chipyard/.conda-env/bin/x86_64-conda-linux-gnu-c++ -Os  -I.  -MMD -I/home/hunter/chipyard/.conda-env/share/verilator/include -I/home/hunter/chipyard/.conda-env/share/verilator/include/vltstd -DVM_COVERAGE=0 -DVM_SC=0 -DVM_TRACE=0 -DVM_TRACE_FST=0 -DVM_TRACE_VCD=0 -faligned-new -fcf-protection=none -Wno-bool-operation -Wno-shadow -Wno-sign-compare -Wno-tautological-compare -Wno-uninitialized -Wno-unused-but-set-parameter -Wno-unused-but-set-variable -Wno-unused-parameter -Wno-unused-variable    -O3 -std=c++17 -I/home/hunter/chipyard/.conda-env/riscv-tools/include -I/home/hunter/chipyard/tools/DRAMSim2 -I/home/hunter/chipyard/sims/verilator/generated-src/chipyard.harness.TestHarness.GemminiRocketConfig/gen-collateral   -DVERILATOR -DVL_TIME_CONTEXT   -fcoroutines -include VTestDriver__pch.h.fast -c -o VTestDriver___024root__DepSet_h662e1026__20.o VTestDriver___024root__DepSet_h662e1026__20.cpp
/home/hunter/chipyard/.conda-env/bin/x86_64-conda-linux-gnu-c++ -Os  -I.  -MMD -I/home/hunter/chipyard/.conda-env/share/verilator/include -I/home/hunter/chipyard/.conda-env/share/verilator/include/vltstd -DVM_COVERAGE=0 -DVM_SC=0 -DVM_TRACE=0 -DVM_TRACE_FST=0 -DVM_TRACE_VCD=0 -faligned-new -fcf-protection=none -Wno-bool-operation -Wno-shadow -Wno-sign-compare -Wno-tautological-compare -Wno-uninitialized -Wno-unused-but-set-parameter -Wno-unused-but-set-variable -Wno-unused-parameter -Wno-unused-variable    -O3 -std=c++17 -I/home/hunter/chipyard/.conda-env/riscv-tools/include -I/home/hunter/chipyard/tools/DRAMSim2 -I/home/hunter/chipyard/sims/verilator/generated-src/chipyard.harness.TestHarness.GemminiRocketConfig/gen-collateral   -DVERILATOR -DVL_TIME_CONTEXT   -fcoroutines -include VTestDriver__pch.h.fast -c -o VTestDriver___024root__DepSet_h662e1026__21.o VTestDriver___024root__DepSet_h662e1026__21.cpp
/home/hunter/chipyard/.conda-env/bin/x86_64-conda-linux-gnu-c++ -Os  -I.  -MMD -I/home/hunter/chipyard/.conda-env/share/verilator/include -I/home/hunter/chipyard/.conda-env/share/verilator/include/vltstd -DVM_COVERAGE=0 -DVM_SC=0 -DVM_TRACE=0 -DVM_TRACE_FST=0 -DVM_TRACE_VCD=0 -faligned-new -fcf-protection=none -Wno-bool-operation -Wno-shadow -Wno-sign-compare -Wno-tautological-compare -Wno-uninitialized -Wno-unused-but-set-parameter -Wno-unused-but-set-variable -Wno-unused-parameter -Wno-unused-variable    -O3 -std=c++17 -I/home/hunter/chipyard/.conda-env/riscv-tools/include -I/home/hunter/chipyard/tools/DRAMSim2 -I/home/hunter/chipyard/sims/verilator/generated-src/chipyard.harness.TestHarness.GemminiRocketConfig/gen-collateral   -DVERILATOR -DVL_TIME_CONTEXT   -fcoroutines -include VTestDriver__pch.h.fast -c -o VTestDriver___024root__DepSet_h662e1026__22.o VTestDriver___024root__DepSet_h662e1026__22.cpp
/home/hunter/chipyard/.conda-env/bin/x86_64-conda-linux-gnu-c++ -Os  -I.  -MMD -I/home/hunter/chipyard/.conda-env/share/verilator/include -I/home/hunter/chipyard/.conda-env/share/verilator/include/vltstd -DVM_COVERAGE=0 -DVM_SC=0 -DVM_TRACE=0 -DVM_TRACE_FST=0 -DVM_TRACE_VCD=0 -faligned-new -fcf-protection=none -Wno-bool-operation -Wno-shadow -Wno-sign-compare -Wno-tautological-compare -Wno-uninitialized -Wno-unused-but-set-parameter -Wno-unused-but-set-variable -Wno-unused-parameter -Wno-unused-variable    -O3 -std=c++17 -I/home/hunter/chipyard/.conda-env/riscv-tools/include -I/home/hunter/chipyard/tools/DRAMSim2 -I/home/hunter/chipyard/sims/verilator/generated-src/chipyard.harness.TestHarness.GemminiRocketConfig/gen-collateral   -DVERILATOR -DVL_TIME_CONTEXT   -fcoroutines -include VTestDriver__pch.h.fast -c -o VTestDriver___024root__DepSet_h662e1026__23.o VTestDriver___024root__DepSet_h662e1026__23.cpp
/home/hunter/chipyard/.conda-env/bin/x86_64-conda-linux-gnu-c++ -Os  -I.  -MMD -I/home/hunter/chipyard/.conda-env/share/verilator/include -I/home/hunter/chipyard/.conda-env/share/verilator/include/vltstd -DVM_COVERAGE=0 -DVM_SC=0 -DVM_TRACE=0 -DVM_TRACE_FST=0 -DVM_TRACE_VCD=0 -faligned-new -fcf-protection=none -Wno-bool-operation -Wno-shadow -Wno-sign-compare -Wno-tautological-compare -Wno-uninitialized -Wno-unused-but-set-parameter -Wno-unused-but-set-variable -Wno-unused-parameter -Wno-unused-variable    -O3 -std=c++17 -I/home/hunter/chipyard/.conda-env/riscv-tools/include -I/home/hunter/chipyard/tools/DRAMSim2 -I/home/hunter/chipyard/sims/verilator/generated-src/chipyard.harness.TestHarness.GemminiRocketConfig/gen-collateral   -DVERILATOR -DVL_TIME_CONTEXT   -fcoroutines -include VTestDriver__pch.h.fast -c -o VTestDriver___024root__DepSet_h662e1026__24.o VTestDriver___024root__DepSet_h662e1026__24.cpp
/home/hunter/chipyard/.conda-env/bin/x86_64-conda-linux-gnu-c++ -Os  -I.  -MMD -I/home/hunter/chipyard/.conda-env/share/verilator/include -I/home/hunter/chipyard/.conda-env/share/verilator/include/vltstd -DVM_COVERAGE=0 -DVM_SC=0 -DVM_TRACE=0 -DVM_TRACE_FST=0 -DVM_TRACE_VCD=0 -faligned-new -fcf-protection=none -Wno-bool-operation -Wno-shadow -Wno-sign-compare -Wno-tautological-compare -Wno-uninitialized -Wno-unused-but-set-parameter -Wno-unused-but-set-variable -Wno-unused-parameter -Wno-unused-variable    -O3 -std=c++17 -I/home/hunter/chipyard/.conda-env/riscv-tools/include -I/home/hunter/chipyard/tools/DRAMSim2 -I/home/hunter/chipyard/sims/verilator/generated-src/chipyard.harness.TestHarness.GemminiRocketConfig/gen-collateral   -DVERILATOR -DVL_TIME_CONTEXT   -fcoroutines -include VTestDriver__pch.h.fast -c -o VTestDriver___024root__DepSet_h662e1026__25.o VTestDriver___024root__DepSet_h662e1026__25.cpp
/home/hunter/chipyard/.conda-env/bin/x86_64-conda-linux-gnu-c++ -Os  -I.  -MMD -I/home/hunter/chipyard/.conda-env/share/verilator/include -I/home/hunter/chipyard/.conda-env/share/verilator/include/vltstd -DVM_COVERAGE=0 -DVM_SC=0 -DVM_TRACE=0 -DVM_TRACE_FST=0 -DVM_TRACE_VCD=0 -faligned-new -fcf-protection=none -Wno-bool-operation -Wno-shadow -Wno-sign-compare -Wno-tautological-compare -Wno-uninitialized -Wno-unused-but-set-parameter -Wno-unused-but-set-variable -Wno-unused-parameter -Wno-unused-variable    -O3 -std=c++17 -I/home/hunter/chipyard/.conda-env/riscv-tools/include -I/home/hunter/chipyard/tools/DRAMSim2 -I/home/hunter/chipyard/sims/verilator/generated-src/chipyard.harness.TestHarness.GemminiRocketConfig/gen-collateral   -DVERILATOR -DVL_TIME_CONTEXT   -fcoroutines -include VTestDriver__pch.h.fast -c -o VTestDriver___024root__DepSet_h662e1026__26.o VTestDriver___024root__DepSet_h662e1026__26.cpp
/home/hunter/chipyard/.conda-env/bin/x86_64-conda-linux-gnu-c++ -Os  -I.  -MMD -I/home/hunter/chipyard/.conda-env/share/verilator/include -I/home/hunter/chipyard/.conda-env/share/verilator/include/vltstd -DVM_COVERAGE=0 -DVM_SC=0 -DVM_TRACE=0 -DVM_TRACE_FST=0 -DVM_TRACE_VCD=0 -faligned-new -fcf-protection=none -Wno-bool-operation -Wno-shadow -Wno-sign-compare -Wno-tautological-compare -Wno-uninitialized -Wno-unused-but-set-parameter -Wno-unused-but-set-variable -Wno-unused-parameter -Wno-unused-variable    -O3 -std=c++17 -I/home/hunter/chipyard/.conda-env/riscv-tools/include -I/home/hunter/chipyard/tools/DRAMSim2 -I/home/hunter/chipyard/sims/verilator/generated-src/chipyard.harness.TestHarness.GemminiRocketConfig/gen-collateral   -DVERILATOR -DVL_TIME_CONTEXT   -fcoroutines -include VTestDriver__pch.h.fast -c -o VTestDriver___024root__DepSet_h662e1026__27.o VTestDriver___024root__DepSet_h662e1026__27.cpp
/home/hunter/chipyard/.conda-env/bin/x86_64-conda-linux-gnu-c++ -Os  -I.  -MMD -I/home/hunter/chipyard/.conda-env/share/verilator/include -I/home/hunter/chipyard/.conda-env/share/verilator/include/vltstd -DVM_COVERAGE=0 -DVM_SC=0 -DVM_TRACE=0 -DVM_TRACE_FST=0 -DVM_TRACE_VCD=0 -faligned-new -fcf-protection=none -Wno-bool-operation -Wno-shadow -Wno-sign-compare -Wno-tautological-compare -Wno-uninitialized -Wno-unused-but-set-parameter -Wno-unused-but-set-variable -Wno-unused-parameter -Wno-unused-variable    -O3 -std=c++17 -I/home/hunter/chipyard/.conda-env/riscv-tools/include -I/home/hunter/chipyard/tools/DRAMSim2 -I/home/hunter/chipyard/sims/verilator/generated-src/chipyard.harness.TestHarness.GemminiRocketConfig/gen-collateral   -DVERILATOR -DVL_TIME_CONTEXT   -fcoroutines -include VTestDriver__pch.h.fast -c -o VTestDriver___024root__DepSet_h662e1026__28.o VTestDriver___024root__DepSet_h662e1026__28.cpp
/home/hunter/chipyard/.conda-env/bin/x86_64-conda-linux-gnu-c++ -Os  -I.  -MMD -I/home/hunter/chipyard/.conda-env/share/verilator/include -I/home/hunter/chipyard/.conda-env/share/verilator/include/vltstd -DVM_COVERAGE=0 -DVM_SC=0 -DVM_TRACE=0 -DVM_TRACE_FST=0 -DVM_TRACE_VCD=0 -faligned-new -fcf-protection=none -Wno-bool-operation -Wno-shadow -Wno-sign-compare -Wno-tautological-compare -Wno-uninitialized -Wno-unused-but-set-parameter -Wno-unused-but-set-variable -Wno-unused-parameter -Wno-unused-variable    -O3 -std=c++17 -I/home/hunter/chipyard/.conda-env/riscv-tools/include -I/home/hunter/chipyard/tools/DRAMSim2 -I/home/hunter/chipyard/sims/verilator/generated-src/chipyard.harness.TestHarness.GemminiRocketConfig/gen-collateral   -DVERILATOR -DVL_TIME_CONTEXT   -fcoroutines -include VTestDriver__pch.h.fast -c -o VTestDriver___024root__DepSet_h662e1026__29.o VTestDriver___024root__DepSet_h662e1026__29.cpp
/home/hunter/chipyard/.conda-env/bin/x86_64-conda-linux-gnu-c++ -Os  -I.  -MMD -I/home/hunter/chipyard/.conda-env/share/verilator/include -I/home/hunter/chipyard/.conda-env/share/verilator/include/vltstd -DVM_COVERAGE=0 -DVM_SC=0 -DVM_TRACE=0 -DVM_TRACE_FST=0 -DVM_TRACE_VCD=0 -faligned-new -fcf-protection=none -Wno-bool-operation -Wno-shadow -Wno-sign-compare -Wno-tautological-compare -Wno-uninitialized -Wno-unused-but-set-parameter -Wno-unused-but-set-variable -Wno-unused-parameter -Wno-unused-variable    -O3 -std=c++17 -I/home/hunter/chipyard/.conda-env/riscv-tools/include -I/home/hunter/chipyard/tools/DRAMSim2 -I/home/hunter/chipyard/sims/verilator/generated-src/chipyard.harness.TestHarness.GemminiRocketConfig/gen-collateral   -DVERILATOR -DVL_TIME_CONTEXT   -fcoroutines -include VTestDriver__pch.h.fast -c -o VTestDriver___024root__DepSet_h662e1026__30.o VTestDriver___024root__DepSet_h662e1026__30.cpp
/home/hunter/chipyard/.conda-env/bin/x86_64-conda-linux-gnu-c++ -Os  -I.  -MMD -I/home/hunter/chipyard/.conda-env/share/verilator/include -I/home/hunter/chipyard/.conda-env/share/verilator/include/vltstd -DVM_COVERAGE=0 -DVM_SC=0 -DVM_TRACE=0 -DVM_TRACE_FST=0 -DVM_TRACE_VCD=0 -faligned-new -fcf-protection=none -Wno-bool-operation -Wno-shadow -Wno-sign-compare -Wno-tautological-compare -Wno-uninitialized -Wno-unused-but-set-parameter -Wno-unused-but-set-variable -Wno-unused-parameter -Wno-unused-variable    -O3 -std=c++17 -I/home/hunter/chipyard/.conda-env/riscv-tools/include -I/home/hunter/chipyard/tools/DRAMSim2 -I/home/hunter/chipyard/sims/verilator/generated-src/chipyard.harness.TestHarness.GemminiRocketConfig/gen-collateral   -DVERILATOR -DVL_TIME_CONTEXT   -fcoroutines -include VTestDriver__pch.h.fast -c -o VTestDriver___024root__DepSet_h662e1026__31.o VTestDriver___024root__DepSet_h662e1026__31.cpp
/home/hunter/chipyard/.conda-env/bin/x86_64-conda-linux-gnu-c++ -Os  -I.  -MMD -I/home/hunter/chipyard/.conda-env/share/verilator/include -I/home/hunter/chipyard/.conda-env/share/verilator/include/vltstd -DVM_COVERAGE=0 -DVM_SC=0 -DVM_TRACE=0 -DVM_TRACE_FST=0 -DVM_TRACE_VCD=0 -faligned-new -fcf-protection=none -Wno-bool-operation -Wno-shadow -Wno-sign-compare -Wno-tautological-compare -Wno-uninitialized -Wno-unused-but-set-parameter -Wno-unused-but-set-variable -Wno-unused-parameter -Wno-unused-variable    -O3 -std=c++17 -I/home/hunter/chipyard/.conda-env/riscv-tools/include -I/home/hunter/chipyard/tools/DRAMSim2 -I/home/hunter/chipyard/sims/verilator/generated-src/chipyard.harness.TestHarness.GemminiRocketConfig/gen-collateral   -DVERILATOR -DVL_TIME_CONTEXT   -fcoroutines -include VTestDriver__pch.h.fast -c -o VTestDriver___024root__DepSet_h662e1026__32.o VTestDriver___024root__DepSet_h662e1026__32.cpp
/home/hunter/chipyard/.conda-env/bin/x86_64-conda-linux-gnu-c++ -Os  -I.  -MMD -I/home/hunter/chipyard/.conda-env/share/verilator/include -I/home/hunter/chipyard/.conda-env/share/verilator/include/vltstd -DVM_COVERAGE=0 -DVM_SC=0 -DVM_TRACE=0 -DVM_TRACE_FST=0 -DVM_TRACE_VCD=0 -faligned-new -fcf-protection=none -Wno-bool-operation -Wno-shadow -Wno-sign-compare -Wno-tautological-compare -Wno-uninitialized -Wno-unused-but-set-parameter -Wno-unused-but-set-variable -Wno-unused-parameter -Wno-unused-variable    -O3 -std=c++17 -I/home/hunter/chipyard/.conda-env/riscv-tools/include -I/home/hunter/chipyard/tools/DRAMSim2 -I/home/hunter/chipyard/sims/verilator/generated-src/chipyard.harness.TestHarness.GemminiRocketConfig/gen-collateral   -DVERILATOR -DVL_TIME_CONTEXT   -fcoroutines -include VTestDriver__pch.h.fast -c -o VTestDriver___024root__DepSet_h662e1026__33.o VTestDriver___024root__DepSet_h662e1026__33.cpp
/home/hunter/chipyard/.conda-env/bin/x86_64-conda-linux-gnu-c++ -Os  -I.  -MMD -I/home/hunter/chipyard/.conda-env/share/verilator/include -I/home/hunter/chipyard/.conda-env/share/verilator/include/vltstd -DVM_COVERAGE=0 -DVM_SC=0 -DVM_TRACE=0 -DVM_TRACE_FST=0 -DVM_TRACE_VCD=0 -faligned-new -fcf-protection=none -Wno-bool-operation -Wno-shadow -Wno-sign-compare -Wno-tautological-compare -Wno-uninitialized -Wno-unused-but-set-parameter -Wno-unused-but-set-variable -Wno-unused-parameter -Wno-unused-variable    -O3 -std=c++17 -I/home/hunter/chipyard/.conda-env/riscv-tools/include -I/home/hunter/chipyard/tools/DRAMSim2 -I/home/hunter/chipyard/sims/verilator/generated-src/chipyard.harness.TestHarness.GemminiRocketConfig/gen-collateral   -DVERILATOR -DVL_TIME_CONTEXT   -fcoroutines -include VTestDriver__pch.h.fast -c -o VTestDriver___024root__DepSet_h662e1026__34.o VTestDriver___024root__DepSet_h662e1026__34.cpp
/home/hunter/chipyard/.conda-env/bin/x86_64-conda-linux-gnu-c++ -Os  -I.  -MMD -I/home/hunter/chipyard/.conda-env/share/verilator/include -I/home/hunter/chipyard/.conda-env/share/verilator/include/vltstd -DVM_COVERAGE=0 -DVM_SC=0 -DVM_TRACE=0 -DVM_TRACE_FST=0 -DVM_TRACE_VCD=0 -faligned-new -fcf-protection=none -Wno-bool-operation -Wno-shadow -Wno-sign-compare -Wno-tautological-compare -Wno-uninitialized -Wno-unused-but-set-parameter -Wno-unused-but-set-variable -Wno-unused-parameter -Wno-unused-variable    -O3 -std=c++17 -I/home/hunter/chipyard/.conda-env/riscv-tools/include -I/home/hunter/chipyard/tools/DRAMSim2 -I/home/hunter/chipyard/sims/verilator/generated-src/chipyard.harness.TestHarness.GemminiRocketConfig/gen-collateral   -DVERILATOR -DVL_TIME_CONTEXT   -fcoroutines -include VTestDriver__pch.h.fast -c -o VTestDriver___024root__DepSet_h662e1026__35.o VTestDriver___024root__DepSet_h662e1026__35.cpp
/home/hunter/chipyard/.conda-env/bin/x86_64-conda-linux-gnu-c++ -Os  -I.  -MMD -I/home/hunter/chipyard/.conda-env/share/verilator/include -I/home/hunter/chipyard/.conda-env/share/verilator/include/vltstd -DVM_COVERAGE=0 -DVM_SC=0 -DVM_TRACE=0 -DVM_TRACE_FST=0 -DVM_TRACE_VCD=0 -faligned-new -fcf-protection=none -Wno-bool-operation -Wno-shadow -Wno-sign-compare -Wno-tautological-compare -Wno-uninitialized -Wno-unused-but-set-parameter -Wno-unused-but-set-variable -Wno-unused-parameter -Wno-unused-variable    -O3 -std=c++17 -I/home/hunter/chipyard/.conda-env/riscv-tools/include -I/home/hunter/chipyard/tools/DRAMSim2 -I/home/hunter/chipyard/sims/verilator/generated-src/chipyard.harness.TestHarness.GemminiRocketConfig/gen-collateral   -DVERILATOR -DVL_TIME_CONTEXT   -fcoroutines -include VTestDriver__pch.h.fast -c -o VTestDriver___024root__DepSet_h662e1026__36.o VTestDriver___024root__DepSet_h662e1026__36.cpp
/home/hunter/chipyard/.conda-env/bin/x86_64-conda-linux-gnu-c++ -Os  -I.  -MMD -I/home/hunter/chipyard/.conda-env/share/verilator/include -I/home/hunter/chipyard/.conda-env/share/verilator/include/vltstd -DVM_COVERAGE=0 -DVM_SC=0 -DVM_TRACE=0 -DVM_TRACE_FST=0 -DVM_TRACE_VCD=0 -faligned-new -fcf-protection=none -Wno-bool-operation -Wno-shadow -Wno-sign-compare -Wno-tautological-compare -Wno-uninitialized -Wno-unused-but-set-parameter -Wno-unused-but-set-variable -Wno-unused-parameter -Wno-unused-variable    -O3 -std=c++17 -I/home/hunter/chipyard/.conda-env/riscv-tools/include -I/home/hunter/chipyard/tools/DRAMSim2 -I/home/hunter/chipyard/sims/verilator/generated-src/chipyard.harness.TestHarness.GemminiRocketConfig/gen-collateral   -DVERILATOR -DVL_TIME_CONTEXT   -fcoroutines -include VTestDriver__pch.h.fast -c -o VTestDriver___024root__DepSet_h662e1026__37.o VTestDriver___024root__DepSet_h662e1026__37.cpp
/home/hunter/chipyard/.conda-env/bin/x86_64-conda-linux-gnu-c++ -Os  -I.  -MMD -I/home/hunter/chipyard/.conda-env/share/verilator/include -I/home/hunter/chipyard/.conda-env/share/verilator/include/vltstd -DVM_COVERAGE=0 -DVM_SC=0 -DVM_TRACE=0 -DVM_TRACE_FST=0 -DVM_TRACE_VCD=0 -faligned-new -fcf-protection=none -Wno-bool-operation -Wno-shadow -Wno-sign-compare -Wno-tautological-compare -Wno-uninitialized -Wno-unused-but-set-parameter -Wno-unused-but-set-variable -Wno-unused-parameter -Wno-unused-variable    -O3 -std=c++17 -I/home/hunter/chipyard/.conda-env/riscv-tools/include -I/home/hunter/chipyard/tools/DRAMSim2 -I/home/hunter/chipyard/sims/verilator/generated-src/chipyard.harness.TestHarness.GemminiRocketConfig/gen-collateral   -DVERILATOR -DVL_TIME_CONTEXT   -fcoroutines -include VTestDriver__pch.h.fast -c -o VTestDriver___024root__DepSet_h662e1026__38.o VTestDriver___024root__DepSet_h662e1026__38.cpp
/home/hunter/chipyard/.conda-env/bin/x86_64-conda-linux-gnu-c++ -Os  -I.  -MMD -I/home/hunter/chipyard/.conda-env/share/verilator/include -I/home/hunter/chipyard/.conda-env/share/verilator/include/vltstd -DVM_COVERAGE=0 -DVM_SC=0 -DVM_TRACE=0 -DVM_TRACE_FST=0 -DVM_TRACE_VCD=0 -faligned-new -fcf-protection=none -Wno-bool-operation -Wno-shadow -Wno-sign-compare -Wno-tautological-compare -Wno-uninitialized -Wno-unused-but-set-parameter -Wno-unused-but-set-variable -Wno-unused-parameter -Wno-unused-variable    -O3 -std=c++17 -I/home/hunter/chipyard/.conda-env/riscv-tools/include -I/home/hunter/chipyard/tools/DRAMSim2 -I/home/hunter/chipyard/sims/verilator/generated-src/chipyard.harness.TestHarness.GemminiRocketConfig/gen-collateral   -DVERILATOR -DVL_TIME_CONTEXT   -fcoroutines -include VTestDriver__pch.h.fast -c -o VTestDriver___024root__DepSet_h662e1026__39.o VTestDriver___024root__DepSet_h662e1026__39.cpp
/home/hunter/chipyard/.conda-env/bin/x86_64-conda-linux-gnu-c++ -Os  -I.  -MMD -I/home/hunter/chipyard/.conda-env/share/verilator/include -I/home/hunter/chipyard/.conda-env/share/verilator/include/vltstd -DVM_COVERAGE=0 -DVM_SC=0 -DVM_TRACE=0 -DVM_TRACE_FST=0 -DVM_TRACE_VCD=0 -faligned-new -fcf-protection=none -Wno-bool-operation -Wno-shadow -Wno-sign-compare -Wno-tautological-compare -Wno-uninitialized -Wno-unused-but-set-parameter -Wno-unused-but-set-variable -Wno-unused-parameter -Wno-unused-variable    -O3 -std=c++17 -I/home/hunter/chipyard/.conda-env/riscv-tools/include -I/home/hunter/chipyard/tools/DRAMSim2 -I/home/hunter/chipyard/sims/verilator/generated-src/chipyard.harness.TestHarness.GemminiRocketConfig/gen-collateral   -DVERILATOR -DVL_TIME_CONTEXT   -fcoroutines -include VTestDriver__pch.h.fast -c -o VTestDriver___024root__DepSet_h662e1026__40.o VTestDriver___024root__DepSet_h662e1026__40.cpp
/home/hunter/chipyard/.conda-env/bin/x86_64-conda-linux-gnu-c++ -Os  -I.  -MMD -I/home/hunter/chipyard/.conda-env/share/verilator/include -I/home/hunter/chipyard/.conda-env/share/verilator/include/vltstd -DVM_COVERAGE=0 -DVM_SC=0 -DVM_TRACE=0 -DVM_TRACE_FST=0 -DVM_TRACE_VCD=0 -faligned-new -fcf-protection=none -Wno-bool-operation -Wno-shadow -Wno-sign-compare -Wno-tautological-compare -Wno-uninitialized -Wno-unused-but-set-parameter -Wno-unused-but-set-variable -Wno-unused-parameter -Wno-unused-variable    -O3 -std=c++17 -I/home/hunter/chipyard/.conda-env/riscv-tools/include -I/home/hunter/chipyard/tools/DRAMSim2 -I/home/hunter/chipyard/sims/verilator/generated-src/chipyard.harness.TestHarness.GemminiRocketConfig/gen-collateral   -DVERILATOR -DVL_TIME_CONTEXT   -fcoroutines -include VTestDriver__pch.h.fast -c -o VTestDriver___024root__DepSet_h662e1026__41.o VTestDriver___024root__DepSet_h662e1026__41.cpp
/home/hunter/chipyard/.conda-env/bin/x86_64-conda-linux-gnu-c++ -Os  -I.  -MMD -I/home/hunter/chipyard/.conda-env/share/verilator/include -I/home/hunter/chipyard/.conda-env/share/verilator/include/vltstd -DVM_COVERAGE=0 -DVM_SC=0 -DVM_TRACE=0 -DVM_TRACE_FST=0 -DVM_TRACE_VCD=0 -faligned-new -fcf-protection=none -Wno-bool-operation -Wno-shadow -Wno-sign-compare -Wno-tautological-compare -Wno-uninitialized -Wno-unused-but-set-parameter -Wno-unused-but-set-variable -Wno-unused-parameter -Wno-unused-variable    -O3 -std=c++17 -I/home/hunter/chipyard/.conda-env/riscv-tools/include -I/home/hunter/chipyard/tools/DRAMSim2 -I/home/hunter/chipyard/sims/verilator/generated-src/chipyard.harness.TestHarness.GemminiRocketConfig/gen-collateral   -DVERILATOR -DVL_TIME_CONTEXT   -fcoroutines -include VTestDriver__pch.h.fast -c -o VTestDriver___024root__DepSet_h662e1026__42.o VTestDriver___024root__DepSet_h662e1026__42.cpp
/home/hunter/chipyard/.conda-env/bin/x86_64-conda-linux-gnu-c++ -Os  -I.  -MMD -I/home/hunter/chipyard/.conda-env/share/verilator/include -I/home/hunter/chipyard/.conda-env/share/verilator/include/vltstd -DVM_COVERAGE=0 -DVM_SC=0 -DVM_TRACE=0 -DVM_TRACE_FST=0 -DVM_TRACE_VCD=0 -faligned-new -fcf-protection=none -Wno-bool-operation -Wno-shadow -Wno-sign-compare -Wno-tautological-compare -Wno-uninitialized -Wno-unused-but-set-parameter -Wno-unused-but-set-variable -Wno-unused-parameter -Wno-unused-variable    -O3 -std=c++17 -I/home/hunter/chipyard/.conda-env/riscv-tools/include -I/home/hunter/chipyard/tools/DRAMSim2 -I/home/hunter/chipyard/sims/verilator/generated-src/chipyard.harness.TestHarness.GemminiRocketConfig/gen-collateral   -DVERILATOR -DVL_TIME_CONTEXT   -fcoroutines -include VTestDriver__pch.h.fast -c -o VTestDriver___024root__DepSet_h662e1026__43.o VTestDriver___024root__DepSet_h662e1026__43.cpp
/home/hunter/chipyard/.conda-env/bin/x86_64-conda-linux-gnu-c++ -Os  -I.  -MMD -I/home/hunter/chipyard/.conda-env/share/verilator/include -I/home/hunter/chipyard/.conda-env/share/verilator/include/vltstd -DVM_COVERAGE=0 -DVM_SC=0 -DVM_TRACE=0 -DVM_TRACE_FST=0 -DVM_TRACE_VCD=0 -faligned-new -fcf-protection=none -Wno-bool-operation -Wno-shadow -Wno-sign-compare -Wno-tautological-compare -Wno-uninitialized -Wno-unused-but-set-parameter -Wno-unused-but-set-variable -Wno-unused-parameter -Wno-unused-variable    -O3 -std=c++17 -I/home/hunter/chipyard/.conda-env/riscv-tools/include -I/home/hunter/chipyard/tools/DRAMSim2 -I/home/hunter/chipyard/sims/verilator/generated-src/chipyard.harness.TestHarness.GemminiRocketConfig/gen-collateral   -DVERILATOR -DVL_TIME_CONTEXT   -fcoroutines -include VTestDriver__pch.h.fast -c -o VTestDriver___024root__DepSet_h662e1026__44.o VTestDriver___024root__DepSet_h662e1026__44.cpp
/home/hunter/chipyard/.conda-env/bin/x86_64-conda-linux-gnu-c++ -Os  -I.  -MMD -I/home/hunter/chipyard/.conda-env/share/verilator/include -I/home/hunter/chipyard/.conda-env/share/verilator/include/vltstd -DVM_COVERAGE=0 -DVM_SC=0 -DVM_TRACE=0 -DVM_TRACE_FST=0 -DVM_TRACE_VCD=0 -faligned-new -fcf-protection=none -Wno-bool-operation -Wno-shadow -Wno-sign-compare -Wno-tautological-compare -Wno-uninitialized -Wno-unused-but-set-parameter -Wno-unused-but-set-variable -Wno-unused-parameter -Wno-unused-variable    -O3 -std=c++17 -I/home/hunter/chipyard/.conda-env/riscv-tools/include -I/home/hunter/chipyard/tools/DRAMSim2 -I/home/hunter/chipyard/sims/verilator/generated-src/chipyard.harness.TestHarness.GemminiRocketConfig/gen-collateral   -DVERILATOR -DVL_TIME_CONTEXT   -fcoroutines -include VTestDriver__pch.h.fast -c -o VTestDriver___024root__DepSet_h662e1026__45.o VTestDriver___024root__DepSet_h662e1026__45.cpp
/home/hunter/chipyard/.conda-env/bin/x86_64-conda-linux-gnu-c++ -Os  -I.  -MMD -I/home/hunter/chipyard/.conda-env/share/verilator/include -I/home/hunter/chipyard/.conda-env/share/verilator/include/vltstd -DVM_COVERAGE=0 -DVM_SC=0 -DVM_TRACE=0 -DVM_TRACE_FST=0 -DVM_TRACE_VCD=0 -faligned-new -fcf-protection=none -Wno-bool-operation -Wno-shadow -Wno-sign-compare -Wno-tautological-compare -Wno-uninitialized -Wno-unused-but-set-parameter -Wno-unused-but-set-variable -Wno-unused-parameter -Wno-unused-variable    -O3 -std=c++17 -I/home/hunter/chipyard/.conda-env/riscv-tools/include -I/home/hunter/chipyard/tools/DRAMSim2 -I/home/hunter/chipyard/sims/verilator/generated-src/chipyard.harness.TestHarness.GemminiRocketConfig/gen-collateral   -DVERILATOR -DVL_TIME_CONTEXT   -fcoroutines -include VTestDriver__pch.h.fast -c -o VTestDriver___024root__DepSet_h662e1026__46.o VTestDriver___024root__DepSet_h662e1026__46.cpp
/home/hunter/chipyard/.conda-env/bin/x86_64-conda-linux-gnu-c++ -Os  -I.  -MMD -I/home/hunter/chipyard/.conda-env/share/verilator/include -I/home/hunter/chipyard/.conda-env/share/verilator/include/vltstd -DVM_COVERAGE=0 -DVM_SC=0 -DVM_TRACE=0 -DVM_TRACE_FST=0 -DVM_TRACE_VCD=0 -faligned-new -fcf-protection=none -Wno-bool-operation -Wno-shadow -Wno-sign-compare -Wno-tautological-compare -Wno-uninitialized -Wno-unused-but-set-parameter -Wno-unused-but-set-variable -Wno-unused-parameter -Wno-unused-variable    -O3 -std=c++17 -I/home/hunter/chipyard/.conda-env/riscv-tools/include -I/home/hunter/chipyard/tools/DRAMSim2 -I/home/hunter/chipyard/sims/verilator/generated-src/chipyard.harness.TestHarness.GemminiRocketConfig/gen-collateral   -DVERILATOR -DVL_TIME_CONTEXT   -fcoroutines -include VTestDriver__pch.h.fast -c -o VTestDriver___024root__DepSet_h662e1026__47.o VTestDriver___024root__DepSet_h662e1026__47.cpp
/home/hunter/chipyard/.conda-env/bin/x86_64-conda-linux-gnu-c++ -Os  -I.  -MMD -I/home/hunter/chipyard/.conda-env/share/verilator/include -I/home/hunter/chipyard/.conda-env/share/verilator/include/vltstd -DVM_COVERAGE=0 -DVM_SC=0 -DVM_TRACE=0 -DVM_TRACE_FST=0 -DVM_TRACE_VCD=0 -faligned-new -fcf-protection=none -Wno-bool-operation -Wno-shadow -Wno-sign-compare -Wno-tautological-compare -Wno-uninitialized -Wno-unused-but-set-parameter -Wno-unused-but-set-variable -Wno-unused-parameter -Wno-unused-variable    -O3 -std=c++17 -I/home/hunter/chipyard/.conda-env/riscv-tools/include -I/home/hunter/chipyard/tools/DRAMSim2 -I/home/hunter/chipyard/sims/verilator/generated-src/chipyard.harness.TestHarness.GemminiRocketConfig/gen-collateral   -DVERILATOR -DVL_TIME_CONTEXT   -fcoroutines -include VTestDriver__pch.h.fast -c -o VTestDriver___024root__DepSet_h662e1026__48.o VTestDriver___024root__DepSet_h662e1026__48.cpp
/home/hunter/chipyard/.conda-env/bin/x86_64-conda-linux-gnu-c++ -Os  -I.  -MMD -I/home/hunter/chipyard/.conda-env/share/verilator/include -I/home/hunter/chipyard/.conda-env/share/verilator/include/vltstd -DVM_COVERAGE=0 -DVM_SC=0 -DVM_TRACE=0 -DVM_TRACE_FST=0 -DVM_TRACE_VCD=0 -faligned-new -fcf-protection=none -Wno-bool-operation -Wno-shadow -Wno-sign-compare -Wno-tautological-compare -Wno-uninitialized -Wno-unused-but-set-parameter -Wno-unused-but-set-variable -Wno-unused-parameter -Wno-unused-variable    -O3 -std=c++17 -I/home/hunter/chipyard/.conda-env/riscv-tools/include -I/home/hunter/chipyard/tools/DRAMSim2 -I/home/hunter/chipyard/sims/verilator/generated-src/chipyard.harness.TestHarness.GemminiRocketConfig/gen-collateral   -DVERILATOR -DVL_TIME_CONTEXT   -fcoroutines -include VTestDriver__pch.h.fast -c -o VTestDriver___024root__DepSet_h662e1026__49.o VTestDriver___024root__DepSet_h662e1026__49.cpp
/home/hunter/chipyard/.conda-env/bin/x86_64-conda-linux-gnu-c++ -Os  -I.  -MMD -I/home/hunter/chipyard/.conda-env/share/verilator/include -I/home/hunter/chipyard/.conda-env/share/verilator/include/vltstd -DVM_COVERAGE=0 -DVM_SC=0 -DVM_TRACE=0 -DVM_TRACE_FST=0 -DVM_TRACE_VCD=0 -faligned-new -fcf-protection=none -Wno-bool-operation -Wno-shadow -Wno-sign-compare -Wno-tautological-compare -Wno-uninitialized -Wno-unused-but-set-parameter -Wno-unused-but-set-variable -Wno-unused-parameter -Wno-unused-variable    -O3 -std=c++17 -I/home/hunter/chipyard/.conda-env/riscv-tools/include -I/home/hunter/chipyard/tools/DRAMSim2 -I/home/hunter/chipyard/sims/verilator/generated-src/chipyard.harness.TestHarness.GemminiRocketConfig/gen-collateral   -DVERILATOR -DVL_TIME_CONTEXT   -fcoroutines -include VTestDriver__pch.h.fast -c -o VTestDriver___024root__DepSet_h662e1026__50.o VTestDriver___024root__DepSet_h662e1026__50.cpp
/home/hunter/chipyard/.conda-env/bin/x86_64-conda-linux-gnu-c++ -Os  -I.  -MMD -I/home/hunter/chipyard/.conda-env/share/verilator/include -I/home/hunter/chipyard/.conda-env/share/verilator/include/vltstd -DVM_COVERAGE=0 -DVM_SC=0 -DVM_TRACE=0 -DVM_TRACE_FST=0 -DVM_TRACE_VCD=0 -faligned-new -fcf-protection=none -Wno-bool-operation -Wno-shadow -Wno-sign-compare -Wno-tautological-compare -Wno-uninitialized -Wno-unused-but-set-parameter -Wno-unused-but-set-variable -Wno-unused-parameter -Wno-unused-variable    -O3 -std=c++17 -I/home/hunter/chipyard/.conda-env/riscv-tools/include -I/home/hunter/chipyard/tools/DRAMSim2 -I/home/hunter/chipyard/sims/verilator/generated-src/chipyard.harness.TestHarness.GemminiRocketConfig/gen-collateral   -DVERILATOR -DVL_TIME_CONTEXT   -fcoroutines -include VTestDriver__pch.h.fast -c -o VTestDriver___024root__DepSet_h662e1026__51.o VTestDriver___024root__DepSet_h662e1026__51.cpp
/home/hunter/chipyard/.conda-env/bin/x86_64-conda-linux-gnu-c++ -Os  -I.  -MMD -I/home/hunter/chipyard/.conda-env/share/verilator/include -I/home/hunter/chipyard/.conda-env/share/verilator/include/vltstd -DVM_COVERAGE=0 -DVM_SC=0 -DVM_TRACE=0 -DVM_TRACE_FST=0 -DVM_TRACE_VCD=0 -faligned-new -fcf-protection=none -Wno-bool-operation -Wno-shadow -Wno-sign-compare -Wno-tautological-compare -Wno-uninitialized -Wno-unused-but-set-parameter -Wno-unused-but-set-variable -Wno-unused-parameter -Wno-unused-variable    -O3 -std=c++17 -I/home/hunter/chipyard/.conda-env/riscv-tools/include -I/home/hunter/chipyard/tools/DRAMSim2 -I/home/hunter/chipyard/sims/verilator/generated-src/chipyard.harness.TestHarness.GemminiRocketConfig/gen-collateral   -DVERILATOR -DVL_TIME_CONTEXT   -fcoroutines -include VTestDriver__pch.h.fast -c -o VTestDriver___024root__DepSet_h662e1026__52.o VTestDriver___024root__DepSet_h662e1026__52.cpp
/home/hunter/chipyard/.conda-env/bin/x86_64-conda-linux-gnu-c++ -Os  -I.  -MMD -I/home/hunter/chipyard/.conda-env/share/verilator/include -I/home/hunter/chipyard/.conda-env/share/verilator/include/vltstd -DVM_COVERAGE=0 -DVM_SC=0 -DVM_TRACE=0 -DVM_TRACE_FST=0 -DVM_TRACE_VCD=0 -faligned-new -fcf-protection=none -Wno-bool-operation -Wno-shadow -Wno-sign-compare -Wno-tautological-compare -Wno-uninitialized -Wno-unused-but-set-parameter -Wno-unused-but-set-variable -Wno-unused-parameter -Wno-unused-variable    -O3 -std=c++17 -I/home/hunter/chipyard/.conda-env/riscv-tools/include -I/home/hunter/chipyard/tools/DRAMSim2 -I/home/hunter/chipyard/sims/verilator/generated-src/chipyard.harness.TestHarness.GemminiRocketConfig/gen-collateral   -DVERILATOR -DVL_TIME_CONTEXT   -fcoroutines -include VTestDriver__pch.h.fast -c -o VTestDriver___024root__DepSet_h662e1026__53.o VTestDriver___024root__DepSet_h662e1026__53.cpp
/home/hunter/chipyard/.conda-env/bin/x86_64-conda-linux-gnu-c++ -Os  -I.  -MMD -I/home/hunter/chipyard/.conda-env/share/verilator/include -I/home/hunter/chipyard/.conda-env/share/verilator/include/vltstd -DVM_COVERAGE=0 -DVM_SC=0 -DVM_TRACE=0 -DVM_TRACE_FST=0 -DVM_TRACE_VCD=0 -faligned-new -fcf-protection=none -Wno-bool-operation -Wno-shadow -Wno-sign-compare -Wno-tautological-compare -Wno-uninitialized -Wno-unused-but-set-parameter -Wno-unused-but-set-variable -Wno-unused-parameter -Wno-unused-variable    -O3 -std=c++17 -I/home/hunter/chipyard/.conda-env/riscv-tools/include -I/home/hunter/chipyard/tools/DRAMSim2 -I/home/hunter/chipyard/sims/verilator/generated-src/chipyard.harness.TestHarness.GemminiRocketConfig/gen-collateral   -DVERILATOR -DVL_TIME_CONTEXT   -fcoroutines -include VTestDriver__pch.h.fast -c -o VTestDriver___024root__DepSet_h662e1026__54.o VTestDriver___024root__DepSet_h662e1026__54.cpp
/home/hunter/chipyard/.conda-env/bin/x86_64-conda-linux-gnu-c++ -Os  -I.  -MMD -I/home/hunter/chipyard/.conda-env/share/verilator/include -I/home/hunter/chipyard/.conda-env/share/verilator/include/vltstd -DVM_COVERAGE=0 -DVM_SC=0 -DVM_TRACE=0 -DVM_TRACE_FST=0 -DVM_TRACE_VCD=0 -faligned-new -fcf-protection=none -Wno-bool-operation -Wno-shadow -Wno-sign-compare -Wno-tautological-compare -Wno-uninitialized -Wno-unused-but-set-parameter -Wno-unused-but-set-variable -Wno-unused-parameter -Wno-unused-variable    -O3 -std=c++17 -I/home/hunter/chipyard/.conda-env/riscv-tools/include -I/home/hunter/chipyard/tools/DRAMSim2 -I/home/hunter/chipyard/sims/verilator/generated-src/chipyard.harness.TestHarness.GemminiRocketConfig/gen-collateral   -DVERILATOR -DVL_TIME_CONTEXT   -fcoroutines -include VTestDriver__pch.h.fast -c -o VTestDriver___024root__DepSet_h662e1026__55.o VTestDriver___024root__DepSet_h662e1026__55.cpp
/home/hunter/chipyard/.conda-env/bin/x86_64-conda-linux-gnu-c++ -Os  -I.  -MMD -I/home/hunter/chipyard/.conda-env/share/verilator/include -I/home/hunter/chipyard/.conda-env/share/verilator/include/vltstd -DVM_COVERAGE=0 -DVM_SC=0 -DVM_TRACE=0 -DVM_TRACE_FST=0 -DVM_TRACE_VCD=0 -faligned-new -fcf-protection=none -Wno-bool-operation -Wno-shadow -Wno-sign-compare -Wno-tautological-compare -Wno-uninitialized -Wno-unused-but-set-parameter -Wno-unused-but-set-variable -Wno-unused-parameter -Wno-unused-variable    -O3 -std=c++17 -I/home/hunter/chipyard/.conda-env/riscv-tools/include -I/home/hunter/chipyard/tools/DRAMSim2 -I/home/hunter/chipyard/sims/verilator/generated-src/chipyard.harness.TestHarness.GemminiRocketConfig/gen-collateral   -DVERILATOR -DVL_TIME_CONTEXT   -fcoroutines -include VTestDriver__pch.h.fast -c -o VTestDriver___024root__DepSet_h662e1026__56.o VTestDriver___024root__DepSet_h662e1026__56.cpp
/home/hunter/chipyard/.conda-env/bin/x86_64-conda-linux-gnu-c++ -Os  -I.  -MMD -I/home/hunter/chipyard/.conda-env/share/verilator/include -I/home/hunter/chipyard/.conda-env/share/verilator/include/vltstd -DVM_COVERAGE=0 -DVM_SC=0 -DVM_TRACE=0 -DVM_TRACE_FST=0 -DVM_TRACE_VCD=0 -faligned-new -fcf-protection=none -Wno-bool-operation -Wno-shadow -Wno-sign-compare -Wno-tautological-compare -Wno-uninitialized -Wno-unused-but-set-parameter -Wno-unused-but-set-variable -Wno-unused-parameter -Wno-unused-variable    -O3 -std=c++17 -I/home/hunter/chipyard/.conda-env/riscv-tools/include -I/home/hunter/chipyard/tools/DRAMSim2 -I/home/hunter/chipyard/sims/verilator/generated-src/chipyard.harness.TestHarness.GemminiRocketConfig/gen-collateral   -DVERILATOR -DVL_TIME_CONTEXT   -fcoroutines -include VTestDriver__pch.h.fast -c -o VTestDriver___024root__DepSet_h662e1026__57.o VTestDriver___024root__DepSet_h662e1026__57.cpp
/home/hunter/chipyard/.conda-env/bin/x86_64-conda-linux-gnu-c++ -Os  -I.  -MMD -I/home/hunter/chipyard/.conda-env/share/verilator/include -I/home/hunter/chipyard/.conda-env/share/verilator/include/vltstd -DVM_COVERAGE=0 -DVM_SC=0 -DVM_TRACE=0 -DVM_TRACE_FST=0 -DVM_TRACE_VCD=0 -faligned-new -fcf-protection=none -Wno-bool-operation -Wno-shadow -Wno-sign-compare -Wno-tautological-compare -Wno-uninitialized -Wno-unused-but-set-parameter -Wno-unused-but-set-variable -Wno-unused-parameter -Wno-unused-variable    -O3 -std=c++17 -I/home/hunter/chipyard/.conda-env/riscv-tools/include -I/home/hunter/chipyard/tools/DRAMSim2 -I/home/hunter/chipyard/sims/verilator/generated-src/chipyard.harness.TestHarness.GemminiRocketConfig/gen-collateral   -DVERILATOR -DVL_TIME_CONTEXT   -fcoroutines -include VTestDriver__pch.h.fast -c -o VTestDriver___024root__DepSet_h662e1026__58.o VTestDriver___024root__DepSet_h662e1026__58.cpp
/home/hunter/chipyard/.conda-env/bin/x86_64-conda-linux-gnu-c++ -Os  -I.  -MMD -I/home/hunter/chipyard/.conda-env/share/verilator/include -I/home/hunter/chipyard/.conda-env/share/verilator/include/vltstd -DVM_COVERAGE=0 -DVM_SC=0 -DVM_TRACE=0 -DVM_TRACE_FST=0 -DVM_TRACE_VCD=0 -faligned-new -fcf-protection=none -Wno-bool-operation -Wno-shadow -Wno-sign-compare -Wno-tautological-compare -Wno-uninitialized -Wno-unused-but-set-parameter -Wno-unused-but-set-variable -Wno-unused-parameter -Wno-unused-variable    -O3 -std=c++17 -I/home/hunter/chipyard/.conda-env/riscv-tools/include -I/home/hunter/chipyard/tools/DRAMSim2 -I/home/hunter/chipyard/sims/verilator/generated-src/chipyard.harness.TestHarness.GemminiRocketConfig/gen-collateral   -DVERILATOR -DVL_TIME_CONTEXT   -fcoroutines -include VTestDriver__pch.h.fast -c -o VTestDriver___024root__DepSet_h662e1026__59.o VTestDriver___024root__DepSet_h662e1026__59.cpp
/home/hunter/chipyard/.conda-env/bin/x86_64-conda-linux-gnu-c++ -Os  -I.  -MMD -I/home/hunter/chipyard/.conda-env/share/verilator/include -I/home/hunter/chipyard/.conda-env/share/verilator/include/vltstd -DVM_COVERAGE=0 -DVM_SC=0 -DVM_TRACE=0 -DVM_TRACE_FST=0 -DVM_TRACE_VCD=0 -faligned-new -fcf-protection=none -Wno-bool-operation -Wno-shadow -Wno-sign-compare -Wno-tautological-compare -Wno-uninitialized -Wno-unused-but-set-parameter -Wno-unused-but-set-variable -Wno-unused-parameter -Wno-unused-variable    -O3 -std=c++17 -I/home/hunter/chipyard/.conda-env/riscv-tools/include -I/home/hunter/chipyard/tools/DRAMSim2 -I/home/hunter/chipyard/sims/verilator/generated-src/chipyard.harness.TestHarness.GemminiRocketConfig/gen-collateral   -DVERILATOR -DVL_TIME_CONTEXT   -fcoroutines -include VTestDriver__pch.h.fast -c -o VTestDriver___024root__DepSet_h662e1026__60.o VTestDriver___024root__DepSet_h662e1026__60.cpp
/home/hunter/chipyard/.conda-env/bin/x86_64-conda-linux-gnu-c++ -Os  -I.  -MMD -I/home/hunter/chipyard/.conda-env/share/verilator/include -I/home/hunter/chipyard/.conda-env/share/verilator/include/vltstd -DVM_COVERAGE=0 -DVM_SC=0 -DVM_TRACE=0 -DVM_TRACE_FST=0 -DVM_TRACE_VCD=0 -faligned-new -fcf-protection=none -Wno-bool-operation -Wno-shadow -Wno-sign-compare -Wno-tautological-compare -Wno-uninitialized -Wno-unused-but-set-parameter -Wno-unused-but-set-variable -Wno-unused-parameter -Wno-unused-variable    -O3 -std=c++17 -I/home/hunter/chipyard/.conda-env/riscv-tools/include -I/home/hunter/chipyard/tools/DRAMSim2 -I/home/hunter/chipyard/sims/verilator/generated-src/chipyard.harness.TestHarness.GemminiRocketConfig/gen-collateral   -DVERILATOR -DVL_TIME_CONTEXT   -fcoroutines -include VTestDriver__pch.h.fast -c -o VTestDriver___024root__DepSet_h662e1026__61.o VTestDriver___024root__DepSet_h662e1026__61.cpp
/home/hunter/chipyard/.conda-env/bin/x86_64-conda-linux-gnu-c++ -Os  -I.  -MMD -I/home/hunter/chipyard/.conda-env/share/verilator/include -I/home/hunter/chipyard/.conda-env/share/verilator/include/vltstd -DVM_COVERAGE=0 -DVM_SC=0 -DVM_TRACE=0 -DVM_TRACE_FST=0 -DVM_TRACE_VCD=0 -faligned-new -fcf-protection=none -Wno-bool-operation -Wno-shadow -Wno-sign-compare -Wno-tautological-compare -Wno-uninitialized -Wno-unused-but-set-parameter -Wno-unused-but-set-variable -Wno-unused-parameter -Wno-unused-variable    -O3 -std=c++17 -I/home/hunter/chipyard/.conda-env/riscv-tools/include -I/home/hunter/chipyard/tools/DRAMSim2 -I/home/hunter/chipyard/sims/verilator/generated-src/chipyard.harness.TestHarness.GemminiRocketConfig/gen-collateral   -DVERILATOR -DVL_TIME_CONTEXT   -fcoroutines -include VTestDriver__pch.h.fast -c -o VTestDriver___024root__DepSet_h662e1026__62.o VTestDriver___024root__DepSet_h662e1026__62.cpp
/home/hunter/chipyard/.conda-env/bin/x86_64-conda-linux-gnu-c++ -Os  -I.  -MMD -I/home/hunter/chipyard/.conda-env/share/verilator/include -I/home/hunter/chipyard/.conda-env/share/verilator/include/vltstd -DVM_COVERAGE=0 -DVM_SC=0 -DVM_TRACE=0 -DVM_TRACE_FST=0 -DVM_TRACE_VCD=0 -faligned-new -fcf-protection=none -Wno-bool-operation -Wno-shadow -Wno-sign-compare -Wno-tautological-compare -Wno-uninitialized -Wno-unused-but-set-parameter -Wno-unused-but-set-variable -Wno-unused-parameter -Wno-unused-variable    -O3 -std=c++17 -I/home/hunter/chipyard/.conda-env/riscv-tools/include -I/home/hunter/chipyard/tools/DRAMSim2 -I/home/hunter/chipyard/sims/verilator/generated-src/chipyard.harness.TestHarness.GemminiRocketConfig/gen-collateral   -DVERILATOR -DVL_TIME_CONTEXT   -fcoroutines -include VTestDriver__pch.h.fast -c -o VTestDriver___024root__DepSet_h662e1026__63.o VTestDriver___024root__DepSet_h662e1026__63.cpp
/home/hunter/chipyard/.conda-env/bin/x86_64-conda-linux-gnu-c++ -Os  -I.  -MMD -I/home/hunter/chipyard/.conda-env/share/verilator/include -I/home/hunter/chipyard/.conda-env/share/verilator/include/vltstd -DVM_COVERAGE=0 -DVM_SC=0 -DVM_TRACE=0 -DVM_TRACE_FST=0 -DVM_TRACE_VCD=0 -faligned-new -fcf-protection=none -Wno-bool-operation -Wno-shadow -Wno-sign-compare -Wno-tautological-compare -Wno-uninitialized -Wno-unused-but-set-parameter -Wno-unused-but-set-variable -Wno-unused-parameter -Wno-unused-variable    -O3 -std=c++17 -I/home/hunter/chipyard/.conda-env/riscv-tools/include -I/home/hunter/chipyard/tools/DRAMSim2 -I/home/hunter/chipyard/sims/verilator/generated-src/chipyard.harness.TestHarness.GemminiRocketConfig/gen-collateral   -DVERILATOR -DVL_TIME_CONTEXT   -fcoroutines -include VTestDriver__pch.h.fast -c -o VTestDriver___024root__DepSet_h662e1026__64.o VTestDriver___024root__DepSet_h662e1026__64.cpp
/home/hunter/chipyard/.conda-env/bin/x86_64-conda-linux-gnu-c++ -Os  -I.  -MMD -I/home/hunter/chipyard/.conda-env/share/verilator/include -I/home/hunter/chipyard/.conda-env/share/verilator/include/vltstd -DVM_COVERAGE=0 -DVM_SC=0 -DVM_TRACE=0 -DVM_TRACE_FST=0 -DVM_TRACE_VCD=0 -faligned-new -fcf-protection=none -Wno-bool-operation -Wno-shadow -Wno-sign-compare -Wno-tautological-compare -Wno-uninitialized -Wno-unused-but-set-parameter -Wno-unused-but-set-variable -Wno-unused-parameter -Wno-unused-variable    -O3 -std=c++17 -I/home/hunter/chipyard/.conda-env/riscv-tools/include -I/home/hunter/chipyard/tools/DRAMSim2 -I/home/hunter/chipyard/sims/verilator/generated-src/chipyard.harness.TestHarness.GemminiRocketConfig/gen-collateral   -DVERILATOR -DVL_TIME_CONTEXT   -fcoroutines -include VTestDriver__pch.h.fast -c -o VTestDriver___024root__DepSet_h662e1026__65.o VTestDriver___024root__DepSet_h662e1026__65.cpp
/home/hunter/chipyard/.conda-env/bin/x86_64-conda-linux-gnu-c++ -Os  -I.  -MMD -I/home/hunter/chipyard/.conda-env/share/verilator/include -I/home/hunter/chipyard/.conda-env/share/verilator/include/vltstd -DVM_COVERAGE=0 -DVM_SC=0 -DVM_TRACE=0 -DVM_TRACE_FST=0 -DVM_TRACE_VCD=0 -faligned-new -fcf-protection=none -Wno-bool-operation -Wno-shadow -Wno-sign-compare -Wno-tautological-compare -Wno-uninitialized -Wno-unused-but-set-parameter -Wno-unused-but-set-variable -Wno-unused-parameter -Wno-unused-variable    -O3 -std=c++17 -I/home/hunter/chipyard/.conda-env/riscv-tools/include -I/home/hunter/chipyard/tools/DRAMSim2 -I/home/hunter/chipyard/sims/verilator/generated-src/chipyard.harness.TestHarness.GemminiRocketConfig/gen-collateral   -DVERILATOR -DVL_TIME_CONTEXT   -fcoroutines -include VTestDriver__pch.h.fast -c -o VTestDriver___024root__DepSet_h662e1026__66.o VTestDriver___024root__DepSet_h662e1026__66.cpp
/home/hunter/chipyard/.conda-env/bin/x86_64-conda-linux-gnu-c++ -Os  -I.  -MMD -I/home/hunter/chipyard/.conda-env/share/verilator/include -I/home/hunter/chipyard/.conda-env/share/verilator/include/vltstd -DVM_COVERAGE=0 -DVM_SC=0 -DVM_TRACE=0 -DVM_TRACE_FST=0 -DVM_TRACE_VCD=0 -faligned-new -fcf-protection=none -Wno-bool-operation -Wno-shadow -Wno-sign-compare -Wno-tautological-compare -Wno-uninitialized -Wno-unused-but-set-parameter -Wno-unused-but-set-variable -Wno-unused-parameter -Wno-unused-variable    -O3 -std=c++17 -I/home/hunter/chipyard/.conda-env/riscv-tools/include -I/home/hunter/chipyard/tools/DRAMSim2 -I/home/hunter/chipyard/sims/verilator/generated-src/chipyard.harness.TestHarness.GemminiRocketConfig/gen-collateral   -DVERILATOR -DVL_TIME_CONTEXT   -fcoroutines -include VTestDriver__pch.h.fast -c -o VTestDriver___024root__DepSet_h662e1026__67.o VTestDriver___024root__DepSet_h662e1026__67.cpp
/home/hunter/chipyard/.conda-env/bin/x86_64-conda-linux-gnu-c++ -Os  -I.  -MMD -I/home/hunter/chipyard/.conda-env/share/verilator/include -I/home/hunter/chipyard/.conda-env/share/verilator/include/vltstd -DVM_COVERAGE=0 -DVM_SC=0 -DVM_TRACE=0 -DVM_TRACE_FST=0 -DVM_TRACE_VCD=0 -faligned-new -fcf-protection=none -Wno-bool-operation -Wno-shadow -Wno-sign-compare -Wno-tautological-compare -Wno-uninitialized -Wno-unused-but-set-parameter -Wno-unused-but-set-variable -Wno-unused-parameter -Wno-unused-variable    -O3 -std=c++17 -I/home/hunter/chipyard/.conda-env/riscv-tools/include -I/home/hunter/chipyard/tools/DRAMSim2 -I/home/hunter/chipyard/sims/verilator/generated-src/chipyard.harness.TestHarness.GemminiRocketConfig/gen-collateral   -DVERILATOR -DVL_TIME_CONTEXT   -fcoroutines -include VTestDriver__pch.h.fast -c -o VTestDriver___024root__DepSet_h662e1026__68.o VTestDriver___024root__DepSet_h662e1026__68.cpp
/home/hunter/chipyard/.conda-env/bin/x86_64-conda-linux-gnu-c++ -Os  -I.  -MMD -I/home/hunter/chipyard/.conda-env/share/verilator/include -I/home/hunter/chipyard/.conda-env/share/verilator/include/vltstd -DVM_COVERAGE=0 -DVM_SC=0 -DVM_TRACE=0 -DVM_TRACE_FST=0 -DVM_TRACE_VCD=0 -faligned-new -fcf-protection=none -Wno-bool-operation -Wno-shadow -Wno-sign-compare -Wno-tautological-compare -Wno-uninitialized -Wno-unused-but-set-parameter -Wno-unused-but-set-variable -Wno-unused-parameter -Wno-unused-variable    -O3 -std=c++17 -I/home/hunter/chipyard/.conda-env/riscv-tools/include -I/home/hunter/chipyard/tools/DRAMSim2 -I/home/hunter/chipyard/sims/verilator/generated-src/chipyard.harness.TestHarness.GemminiRocketConfig/gen-collateral   -DVERILATOR -DVL_TIME_CONTEXT   -fcoroutines -include VTestDriver__pch.h.fast -c -o VTestDriver___024root__DepSet_hbb6e3b65__0.o VTestDriver___024root__DepSet_hbb6e3b65__0.cpp
/home/hunter/chipyard/.conda-env/bin/x86_64-conda-linux-gnu-c++ -Os  -I.  -MMD -I/home/hunter/chipyard/.conda-env/share/verilator/include -I/home/hunter/chipyard/.conda-env/share/verilator/include/vltstd -DVM_COVERAGE=0 -DVM_SC=0 -DVM_TRACE=0 -DVM_TRACE_FST=0 -DVM_TRACE_VCD=0 -faligned-new -fcf-protection=none -Wno-bool-operation -Wno-shadow -Wno-sign-compare -Wno-tautological-compare -Wno-uninitialized -Wno-unused-but-set-parameter -Wno-unused-but-set-variable -Wno-unused-parameter -Wno-unused-variable    -O3 -std=c++17 -I/home/hunter/chipyard/.conda-env/riscv-tools/include -I/home/hunter/chipyard/tools/DRAMSim2 -I/home/hunter/chipyard/sims/verilator/generated-src/chipyard.harness.TestHarness.GemminiRocketConfig/gen-collateral   -DVERILATOR -DVL_TIME_CONTEXT   -fcoroutines -include VTestDriver__pch.h.fast -c -o VTestDriver___024root__DepSet_hbb6e3b65__1.o VTestDriver___024root__DepSet_hbb6e3b65__1.cpp
/home/hunter/chipyard/.conda-env/bin/x86_64-conda-linux-gnu-c++ -Os  -I.  -MMD -I/home/hunter/chipyard/.conda-env/share/verilator/include -I/home/hunter/chipyard/.conda-env/share/verilator/include/vltstd -DVM_COVERAGE=0 -DVM_SC=0 -DVM_TRACE=0 -DVM_TRACE_FST=0 -DVM_TRACE_VCD=0 -faligned-new -fcf-protection=none -Wno-bool-operation -Wno-shadow -Wno-sign-compare -Wno-tautological-compare -Wno-uninitialized -Wno-unused-but-set-parameter -Wno-unused-but-set-variable -Wno-unused-parameter -Wno-unused-variable    -O3 -std=c++17 -I/home/hunter/chipyard/.conda-env/riscv-tools/include -I/home/hunter/chipyard/tools/DRAMSim2 -I/home/hunter/chipyard/sims/verilator/generated-src/chipyard.harness.TestHarness.GemminiRocketConfig/gen-collateral   -DVERILATOR -DVL_TIME_CONTEXT   -fcoroutines -include VTestDriver__pch.h.fast -c -o VTestDriver___024root__DepSet_hbb6e3b65__2.o VTestDriver___024root__DepSet_hbb6e3b65__2.cpp
/home/hunter/chipyard/.conda-env/bin/x86_64-conda-linux-gnu-c++ -Os  -I.  -MMD -I/home/hunter/chipyard/.conda-env/share/verilator/include -I/home/hunter/chipyard/.conda-env/share/verilator/include/vltstd -DVM_COVERAGE=0 -DVM_SC=0 -DVM_TRACE=0 -DVM_TRACE_FST=0 -DVM_TRACE_VCD=0 -faligned-new -fcf-protection=none -Wno-bool-operation -Wno-shadow -Wno-sign-compare -Wno-tautological-compare -Wno-uninitialized -Wno-unused-but-set-parameter -Wno-unused-but-set-variable -Wno-unused-parameter -Wno-unused-variable    -O3 -std=c++17 -I/home/hunter/chipyard/.conda-env/riscv-tools/include -I/home/hunter/chipyard/tools/DRAMSim2 -I/home/hunter/chipyard/sims/verilator/generated-src/chipyard.harness.TestHarness.GemminiRocketConfig/gen-collateral   -DVERILATOR -DVL_TIME_CONTEXT   -fcoroutines -include VTestDriver__pch.h.fast -c -o VTestDriver___024root__DepSet_hbb6e3b65__3.o VTestDriver___024root__DepSet_hbb6e3b65__3.cpp
/home/hunter/chipyard/.conda-env/bin/x86_64-conda-linux-gnu-c++ -Os  -I.  -MMD -I/home/hunter/chipyard/.conda-env/share/verilator/include -I/home/hunter/chipyard/.conda-env/share/verilator/include/vltstd -DVM_COVERAGE=0 -DVM_SC=0 -DVM_TRACE=0 -DVM_TRACE_FST=0 -DVM_TRACE_VCD=0 -faligned-new -fcf-protection=none -Wno-bool-operation -Wno-shadow -Wno-sign-compare -Wno-tautological-compare -Wno-uninitialized -Wno-unused-but-set-parameter -Wno-unused-but-set-variable -Wno-unused-parameter -Wno-unused-variable    -O3 -std=c++17 -I/home/hunter/chipyard/.conda-env/riscv-tools/include -I/home/hunter/chipyard/tools/DRAMSim2 -I/home/hunter/chipyard/sims/verilator/generated-src/chipyard.harness.TestHarness.GemminiRocketConfig/gen-collateral   -DVERILATOR -DVL_TIME_CONTEXT   -fcoroutines -include VTestDriver__pch.h.fast -c -o VTestDriver___024root__DepSet_hbb6e3b65__4.o VTestDriver___024root__DepSet_hbb6e3b65__4.cpp
/home/hunter/chipyard/.conda-env/bin/x86_64-conda-linux-gnu-c++ -Os  -I.  -MMD -I/home/hunter/chipyard/.conda-env/share/verilator/include -I/home/hunter/chipyard/.conda-env/share/verilator/include/vltstd -DVM_COVERAGE=0 -DVM_SC=0 -DVM_TRACE=0 -DVM_TRACE_FST=0 -DVM_TRACE_VCD=0 -faligned-new -fcf-protection=none -Wno-bool-operation -Wno-shadow -Wno-sign-compare -Wno-tautological-compare -Wno-uninitialized -Wno-unused-but-set-parameter -Wno-unused-but-set-variable -Wno-unused-parameter -Wno-unused-variable    -O3 -std=c++17 -I/home/hunter/chipyard/.conda-env/riscv-tools/include -I/home/hunter/chipyard/tools/DRAMSim2 -I/home/hunter/chipyard/sims/verilator/generated-src/chipyard.harness.TestHarness.GemminiRocketConfig/gen-collateral   -DVERILATOR -DVL_TIME_CONTEXT   -fcoroutines -include VTestDriver__pch.h.fast -c -o VTestDriver___024root__DepSet_hbb6e3b65__5.o VTestDriver___024root__DepSet_hbb6e3b65__5.cpp
/home/hunter/chipyard/.conda-env/bin/x86_64-conda-linux-gnu-c++ -Os  -I.  -MMD -I/home/hunter/chipyard/.conda-env/share/verilator/include -I/home/hunter/chipyard/.conda-env/share/verilator/include/vltstd -DVM_COVERAGE=0 -DVM_SC=0 -DVM_TRACE=0 -DVM_TRACE_FST=0 -DVM_TRACE_VCD=0 -faligned-new -fcf-protection=none -Wno-bool-operation -Wno-shadow -Wno-sign-compare -Wno-tautological-compare -Wno-uninitialized -Wno-unused-but-set-parameter -Wno-unused-but-set-variable -Wno-unused-parameter -Wno-unused-variable    -O3 -std=c++17 -I/home/hunter/chipyard/.conda-env/riscv-tools/include -I/home/hunter/chipyard/tools/DRAMSim2 -I/home/hunter/chipyard/sims/verilator/generated-src/chipyard.harness.TestHarness.GemminiRocketConfig/gen-collateral   -DVERILATOR -DVL_TIME_CONTEXT   -fcoroutines -include VTestDriver__pch.h.fast -c -o VTestDriver___024root__DepSet_hbb6e3b65__6.o VTestDriver___024root__DepSet_hbb6e3b65__6.cpp
/home/hunter/chipyard/.conda-env/bin/x86_64-conda-linux-gnu-c++ -Os  -I.  -MMD -I/home/hunter/chipyard/.conda-env/share/verilator/include -I/home/hunter/chipyard/.conda-env/share/verilator/include/vltstd -DVM_COVERAGE=0 -DVM_SC=0 -DVM_TRACE=0 -DVM_TRACE_FST=0 -DVM_TRACE_VCD=0 -faligned-new -fcf-protection=none -Wno-bool-operation -Wno-shadow -Wno-sign-compare -Wno-tautological-compare -Wno-uninitialized -Wno-unused-but-set-parameter -Wno-unused-but-set-variable -Wno-unused-parameter -Wno-unused-variable    -O3 -std=c++17 -I/home/hunter/chipyard/.conda-env/riscv-tools/include -I/home/hunter/chipyard/tools/DRAMSim2 -I/home/hunter/chipyard/sims/verilator/generated-src/chipyard.harness.TestHarness.GemminiRocketConfig/gen-collateral   -DVERILATOR -DVL_TIME_CONTEXT   -fcoroutines -include VTestDriver__pch.h.fast -c -o VTestDriver___024root__DepSet_hbb6e3b65__7.o VTestDriver___024root__DepSet_hbb6e3b65__7.cpp
/home/hunter/chipyard/.conda-env/bin/x86_64-conda-linux-gnu-c++ -Os  -I.  -MMD -I/home/hunter/chipyard/.conda-env/share/verilator/include -I/home/hunter/chipyard/.conda-env/share/verilator/include/vltstd -DVM_COVERAGE=0 -DVM_SC=0 -DVM_TRACE=0 -DVM_TRACE_FST=0 -DVM_TRACE_VCD=0 -faligned-new -fcf-protection=none -Wno-bool-operation -Wno-shadow -Wno-sign-compare -Wno-tautological-compare -Wno-uninitialized -Wno-unused-but-set-parameter -Wno-unused-but-set-variable -Wno-unused-parameter -Wno-unused-variable    -O3 -std=c++17 -I/home/hunter/chipyard/.conda-env/riscv-tools/include -I/home/hunter/chipyard/tools/DRAMSim2 -I/home/hunter/chipyard/sims/verilator/generated-src/chipyard.harness.TestHarness.GemminiRocketConfig/gen-collateral   -DVERILATOR -DVL_TIME_CONTEXT   -fcoroutines -include VTestDriver__pch.h.fast -c -o VTestDriver___024root__DepSet_hbb6e3b65__8.o VTestDriver___024root__DepSet_hbb6e3b65__8.cpp
/home/hunter/chipyard/.conda-env/bin/x86_64-conda-linux-gnu-c++ -Os  -I.  -MMD -I/home/hunter/chipyard/.conda-env/share/verilator/include -I/home/hunter/chipyard/.conda-env/share/verilator/include/vltstd -DVM_COVERAGE=0 -DVM_SC=0 -DVM_TRACE=0 -DVM_TRACE_FST=0 -DVM_TRACE_VCD=0 -faligned-new -fcf-protection=none -Wno-bool-operation -Wno-shadow -Wno-sign-compare -Wno-tautological-compare -Wno-uninitialized -Wno-unused-but-set-parameter -Wno-unused-but-set-variable -Wno-unused-parameter -Wno-unused-variable    -O3 -std=c++17 -I/home/hunter/chipyard/.conda-env/riscv-tools/include -I/home/hunter/chipyard/tools/DRAMSim2 -I/home/hunter/chipyard/sims/verilator/generated-src/chipyard.harness.TestHarness.GemminiRocketConfig/gen-collateral   -DVERILATOR -DVL_TIME_CONTEXT   -fcoroutines -include VTestDriver__pch.h.fast -c -o VTestDriver___024root__DepSet_hbb6e3b65__9.o VTestDriver___024root__DepSet_hbb6e3b65__9.cpp
/home/hunter/chipyard/.conda-env/bin/x86_64-conda-linux-gnu-c++ -Os  -I.  -MMD -I/home/hunter/chipyard/.conda-env/share/verilator/include -I/home/hunter/chipyard/.conda-env/share/verilator/include/vltstd -DVM_COVERAGE=0 -DVM_SC=0 -DVM_TRACE=0 -DVM_TRACE_FST=0 -DVM_TRACE_VCD=0 -faligned-new -fcf-protection=none -Wno-bool-operation -Wno-shadow -Wno-sign-compare -Wno-tautological-compare -Wno-uninitialized -Wno-unused-but-set-parameter -Wno-unused-but-set-variable -Wno-unused-parameter -Wno-unused-variable    -O3 -std=c++17 -I/home/hunter/chipyard/.conda-env/riscv-tools/include -I/home/hunter/chipyard/tools/DRAMSim2 -I/home/hunter/chipyard/sims/verilator/generated-src/chipyard.harness.TestHarness.GemminiRocketConfig/gen-collateral   -DVERILATOR -DVL_TIME_CONTEXT   -fcoroutines -include VTestDriver__pch.h.fast -c -o VTestDriver___024root__DepSet_hbb6e3b65__10.o VTestDriver___024root__DepSet_hbb6e3b65__10.cpp
/home/hunter/chipyard/.conda-env/bin/x86_64-conda-linux-gnu-c++ -Os  -I.  -MMD -I/home/hunter/chipyard/.conda-env/share/verilator/include -I/home/hunter/chipyard/.conda-env/share/verilator/include/vltstd -DVM_COVERAGE=0 -DVM_SC=0 -DVM_TRACE=0 -DVM_TRACE_FST=0 -DVM_TRACE_VCD=0 -faligned-new -fcf-protection=none -Wno-bool-operation -Wno-shadow -Wno-sign-compare -Wno-tautological-compare -Wno-uninitialized -Wno-unused-but-set-parameter -Wno-unused-but-set-variable -Wno-unused-parameter -Wno-unused-variable    -O3 -std=c++17 -I/home/hunter/chipyard/.conda-env/riscv-tools/include -I/home/hunter/chipyard/tools/DRAMSim2 -I/home/hunter/chipyard/sims/verilator/generated-src/chipyard.harness.TestHarness.GemminiRocketConfig/gen-collateral   -DVERILATOR -DVL_TIME_CONTEXT   -fcoroutines -include VTestDriver__pch.h.fast -c -o VTestDriver___024root__DepSet_hbb6e3b65__11.o VTestDriver___024root__DepSet_hbb6e3b65__11.cpp
/home/hunter/chipyard/.conda-env/bin/x86_64-conda-linux-gnu-c++ -Os  -I.  -MMD -I/home/hunter/chipyard/.conda-env/share/verilator/include -I/home/hunter/chipyard/.conda-env/share/verilator/include/vltstd -DVM_COVERAGE=0 -DVM_SC=0 -DVM_TRACE=0 -DVM_TRACE_FST=0 -DVM_TRACE_VCD=0 -faligned-new -fcf-protection=none -Wno-bool-operation -Wno-shadow -Wno-sign-compare -Wno-tautological-compare -Wno-uninitialized -Wno-unused-but-set-parameter -Wno-unused-but-set-variable -Wno-unused-parameter -Wno-unused-variable    -O3 -std=c++17 -I/home/hunter/chipyard/.conda-env/riscv-tools/include -I/home/hunter/chipyard/tools/DRAMSim2 -I/home/hunter/chipyard/sims/verilator/generated-src/chipyard.harness.TestHarness.GemminiRocketConfig/gen-collateral   -DVERILATOR -DVL_TIME_CONTEXT   -fcoroutines -include VTestDriver__pch.h.fast -c -o VTestDriver___024root__DepSet_hbb6e3b65__12.o VTestDriver___024root__DepSet_hbb6e3b65__12.cpp
/home/hunter/chipyard/.conda-env/bin/x86_64-conda-linux-gnu-c++ -Os  -I.  -MMD -I/home/hunter/chipyard/.conda-env/share/verilator/include -I/home/hunter/chipyard/.conda-env/share/verilator/include/vltstd -DVM_COVERAGE=0 -DVM_SC=0 -DVM_TRACE=0 -DVM_TRACE_FST=0 -DVM_TRACE_VCD=0 -faligned-new -fcf-protection=none -Wno-bool-operation -Wno-shadow -Wno-sign-compare -Wno-tautological-compare -Wno-uninitialized -Wno-unused-but-set-parameter -Wno-unused-but-set-variable -Wno-unused-parameter -Wno-unused-variable    -O3 -std=c++17 -I/home/hunter/chipyard/.conda-env/riscv-tools/include -I/home/hunter/chipyard/tools/DRAMSim2 -I/home/hunter/chipyard/sims/verilator/generated-src/chipyard.harness.TestHarness.GemminiRocketConfig/gen-collateral   -DVERILATOR -DVL_TIME_CONTEXT   -fcoroutines -include VTestDriver__pch.h.fast -c -o VTestDriver___024root__DepSet_hbb6e3b65__13.o VTestDriver___024root__DepSet_hbb6e3b65__13.cpp
/home/hunter/chipyard/.conda-env/bin/x86_64-conda-linux-gnu-c++ -Os  -I.  -MMD -I/home/hunter/chipyard/.conda-env/share/verilator/include -I/home/hunter/chipyard/.conda-env/share/verilator/include/vltstd -DVM_COVERAGE=0 -DVM_SC=0 -DVM_TRACE=0 -DVM_TRACE_FST=0 -DVM_TRACE_VCD=0 -faligned-new -fcf-protection=none -Wno-bool-operation -Wno-shadow -Wno-sign-compare -Wno-tautological-compare -Wno-uninitialized -Wno-unused-but-set-parameter -Wno-unused-but-set-variable -Wno-unused-parameter -Wno-unused-variable    -O3 -std=c++17 -I/home/hunter/chipyard/.conda-env/riscv-tools/include -I/home/hunter/chipyard/tools/DRAMSim2 -I/home/hunter/chipyard/sims/verilator/generated-src/chipyard.harness.TestHarness.GemminiRocketConfig/gen-collateral   -DVERILATOR -DVL_TIME_CONTEXT   -fcoroutines -include VTestDriver__pch.h.fast -c -o VTestDriver___024root__DepSet_hbb6e3b65__14.o VTestDriver___024root__DepSet_hbb6e3b65__14.cpp
/home/hunter/chipyard/.conda-env/bin/x86_64-conda-linux-gnu-c++ -Os  -I.  -MMD -I/home/hunter/chipyard/.conda-env/share/verilator/include -I/home/hunter/chipyard/.conda-env/share/verilator/include/vltstd -DVM_COVERAGE=0 -DVM_SC=0 -DVM_TRACE=0 -DVM_TRACE_FST=0 -DVM_TRACE_VCD=0 -faligned-new -fcf-protection=none -Wno-bool-operation -Wno-shadow -Wno-sign-compare -Wno-tautological-compare -Wno-uninitialized -Wno-unused-but-set-parameter -Wno-unused-but-set-variable -Wno-unused-parameter -Wno-unused-variable    -O3 -std=c++17 -I/home/hunter/chipyard/.conda-env/riscv-tools/include -I/home/hunter/chipyard/tools/DRAMSim2 -I/home/hunter/chipyard/sims/verilator/generated-src/chipyard.harness.TestHarness.GemminiRocketConfig/gen-collateral   -DVERILATOR -DVL_TIME_CONTEXT   -fcoroutines -include VTestDriver__pch.h.fast -c -o VTestDriver___024root__DepSet_hbb6e3b65__15.o VTestDriver___024root__DepSet_hbb6e3b65__15.cpp
/home/hunter/chipyard/.conda-env/bin/x86_64-conda-linux-gnu-c++ -Os  -I.  -MMD -I/home/hunter/chipyard/.conda-env/share/verilator/include -I/home/hunter/chipyard/.conda-env/share/verilator/include/vltstd -DVM_COVERAGE=0 -DVM_SC=0 -DVM_TRACE=0 -DVM_TRACE_FST=0 -DVM_TRACE_VCD=0 -faligned-new -fcf-protection=none -Wno-bool-operation -Wno-shadow -Wno-sign-compare -Wno-tautological-compare -Wno-uninitialized -Wno-unused-but-set-parameter -Wno-unused-but-set-variable -Wno-unused-parameter -Wno-unused-variable    -O3 -std=c++17 -I/home/hunter/chipyard/.conda-env/riscv-tools/include -I/home/hunter/chipyard/tools/DRAMSim2 -I/home/hunter/chipyard/sims/verilator/generated-src/chipyard.harness.TestHarness.GemminiRocketConfig/gen-collateral   -DVERILATOR -DVL_TIME_CONTEXT   -fcoroutines -include VTestDriver__pch.h.fast -c -o VTestDriver___024root__DepSet_hbb6e3b65__16.o VTestDriver___024root__DepSet_hbb6e3b65__16.cpp
/home/hunter/chipyard/.conda-env/bin/x86_64-conda-linux-gnu-c++ -Os  -I.  -MMD -I/home/hunter/chipyard/.conda-env/share/verilator/include -I/home/hunter/chipyard/.conda-env/share/verilator/include/vltstd -DVM_COVERAGE=0 -DVM_SC=0 -DVM_TRACE=0 -DVM_TRACE_FST=0 -DVM_TRACE_VCD=0 -faligned-new -fcf-protection=none -Wno-bool-operation -Wno-shadow -Wno-sign-compare -Wno-tautological-compare -Wno-uninitialized -Wno-unused-but-set-parameter -Wno-unused-but-set-variable -Wno-unused-parameter -Wno-unused-variable    -O3 -std=c++17 -I/home/hunter/chipyard/.conda-env/riscv-tools/include -I/home/hunter/chipyard/tools/DRAMSim2 -I/home/hunter/chipyard/sims/verilator/generated-src/chipyard.harness.TestHarness.GemminiRocketConfig/gen-collateral   -DVERILATOR -DVL_TIME_CONTEXT   -fcoroutines -include VTestDriver__pch.h.fast -c -o VTestDriver___024root__DepSet_hbb6e3b65__17.o VTestDriver___024root__DepSet_hbb6e3b65__17.cpp
/home/hunter/chipyard/.conda-env/bin/x86_64-conda-linux-gnu-c++ -Os  -I.  -MMD -I/home/hunter/chipyard/.conda-env/share/verilator/include -I/home/hunter/chipyard/.conda-env/share/verilator/include/vltstd -DVM_COVERAGE=0 -DVM_SC=0 -DVM_TRACE=0 -DVM_TRACE_FST=0 -DVM_TRACE_VCD=0 -faligned-new -fcf-protection=none -Wno-bool-operation -Wno-shadow -Wno-sign-compare -Wno-tautological-compare -Wno-uninitialized -Wno-unused-but-set-parameter -Wno-unused-but-set-variable -Wno-unused-parameter -Wno-unused-variable    -O3 -std=c++17 -I/home/hunter/chipyard/.conda-env/riscv-tools/include -I/home/hunter/chipyard/tools/DRAMSim2 -I/home/hunter/chipyard/sims/verilator/generated-src/chipyard.harness.TestHarness.GemminiRocketConfig/gen-collateral   -DVERILATOR -DVL_TIME_CONTEXT   -fcoroutines -include VTestDriver__pch.h.fast -c -o VTestDriver___024root__DepSet_hbb6e3b65__18.o VTestDriver___024root__DepSet_hbb6e3b65__18.cpp
/home/hunter/chipyard/.conda-env/bin/x86_64-conda-linux-gnu-c++ -Os  -I.  -MMD -I/home/hunter/chipyard/.conda-env/share/verilator/include -I/home/hunter/chipyard/.conda-env/share/verilator/include/vltstd -DVM_COVERAGE=0 -DVM_SC=0 -DVM_TRACE=0 -DVM_TRACE_FST=0 -DVM_TRACE_VCD=0 -faligned-new -fcf-protection=none -Wno-bool-operation -Wno-shadow -Wno-sign-compare -Wno-tautological-compare -Wno-uninitialized -Wno-unused-but-set-parameter -Wno-unused-but-set-variable -Wno-unused-parameter -Wno-unused-variable    -O3 -std=c++17 -I/home/hunter/chipyard/.conda-env/riscv-tools/include -I/home/hunter/chipyard/tools/DRAMSim2 -I/home/hunter/chipyard/sims/verilator/generated-src/chipyard.harness.TestHarness.GemminiRocketConfig/gen-collateral   -DVERILATOR -DVL_TIME_CONTEXT   -fcoroutines -include VTestDriver__pch.h.fast -c -o VTestDriver___024root__DepSet_hbb6e3b65__19.o VTestDriver___024root__DepSet_hbb6e3b65__19.cpp
/home/hunter/chipyard/.conda-env/bin/x86_64-conda-linux-gnu-c++ -Os  -I.  -MMD -I/home/hunter/chipyard/.conda-env/share/verilator/include -I/home/hunter/chipyard/.conda-env/share/verilator/include/vltstd -DVM_COVERAGE=0 -DVM_SC=0 -DVM_TRACE=0 -DVM_TRACE_FST=0 -DVM_TRACE_VCD=0 -faligned-new -fcf-protection=none -Wno-bool-operation -Wno-shadow -Wno-sign-compare -Wno-tautological-compare -Wno-uninitialized -Wno-unused-but-set-parameter -Wno-unused-but-set-variable -Wno-unused-parameter -Wno-unused-variable    -O3 -std=c++17 -I/home/hunter/chipyard/.conda-env/riscv-tools/include -I/home/hunter/chipyard/tools/DRAMSim2 -I/home/hunter/chipyard/sims/verilator/generated-src/chipyard.harness.TestHarness.GemminiRocketConfig/gen-collateral   -DVERILATOR -DVL_TIME_CONTEXT   -fcoroutines -include VTestDriver__pch.h.fast -c -o VTestDriver___024root__DepSet_hbb6e3b65__20.o VTestDriver___024root__DepSet_hbb6e3b65__20.cpp
/home/hunter/chipyard/.conda-env/bin/x86_64-conda-linux-gnu-c++ -Os  -I.  -MMD -I/home/hunter/chipyard/.conda-env/share/verilator/include -I/home/hunter/chipyard/.conda-env/share/verilator/include/vltstd -DVM_COVERAGE=0 -DVM_SC=0 -DVM_TRACE=0 -DVM_TRACE_FST=0 -DVM_TRACE_VCD=0 -faligned-new -fcf-protection=none -Wno-bool-operation -Wno-shadow -Wno-sign-compare -Wno-tautological-compare -Wno-uninitialized -Wno-unused-but-set-parameter -Wno-unused-but-set-variable -Wno-unused-parameter -Wno-unused-variable    -O3 -std=c++17 -I/home/hunter/chipyard/.conda-env/riscv-tools/include -I/home/hunter/chipyard/tools/DRAMSim2 -I/home/hunter/chipyard/sims/verilator/generated-src/chipyard.harness.TestHarness.GemminiRocketConfig/gen-collateral   -DVERILATOR -DVL_TIME_CONTEXT   -fcoroutines -include VTestDriver__pch.h.fast -c -o VTestDriver___024root__DepSet_hbb6e3b65__21.o VTestDriver___024root__DepSet_hbb6e3b65__21.cpp
/home/hunter/chipyard/.conda-env/bin/x86_64-conda-linux-gnu-c++ -Os  -I.  -MMD -I/home/hunter/chipyard/.conda-env/share/verilator/include -I/home/hunter/chipyard/.conda-env/share/verilator/include/vltstd -DVM_COVERAGE=0 -DVM_SC=0 -DVM_TRACE=0 -DVM_TRACE_FST=0 -DVM_TRACE_VCD=0 -faligned-new -fcf-protection=none -Wno-bool-operation -Wno-shadow -Wno-sign-compare -Wno-tautological-compare -Wno-uninitialized -Wno-unused-but-set-parameter -Wno-unused-but-set-variable -Wno-unused-parameter -Wno-unused-variable    -O3 -std=c++17 -I/home/hunter/chipyard/.conda-env/riscv-tools/include -I/home/hunter/chipyard/tools/DRAMSim2 -I/home/hunter/chipyard/sims/verilator/generated-src/chipyard.harness.TestHarness.GemminiRocketConfig/gen-collateral   -DVERILATOR -DVL_TIME_CONTEXT   -fcoroutines -include VTestDriver__pch.h.fast -c -o VTestDriver___024root__DepSet_hbb6e3b65__22.o VTestDriver___024root__DepSet_hbb6e3b65__22.cpp
/home/hunter/chipyard/.conda-env/bin/x86_64-conda-linux-gnu-c++ -Os  -I.  -MMD -I/home/hunter/chipyard/.conda-env/share/verilator/include -I/home/hunter/chipyard/.conda-env/share/verilator/include/vltstd -DVM_COVERAGE=0 -DVM_SC=0 -DVM_TRACE=0 -DVM_TRACE_FST=0 -DVM_TRACE_VCD=0 -faligned-new -fcf-protection=none -Wno-bool-operation -Wno-shadow -Wno-sign-compare -Wno-tautological-compare -Wno-uninitialized -Wno-unused-but-set-parameter -Wno-unused-but-set-variable -Wno-unused-parameter -Wno-unused-variable    -O3 -std=c++17 -I/home/hunter/chipyard/.conda-env/riscv-tools/include -I/home/hunter/chipyard/tools/DRAMSim2 -I/home/hunter/chipyard/sims/verilator/generated-src/chipyard.harness.TestHarness.GemminiRocketConfig/gen-collateral   -DVERILATOR -DVL_TIME_CONTEXT   -fcoroutines -include VTestDriver__pch.h.fast -c -o VTestDriver___024root__DepSet_hbb6e3b65__23.o VTestDriver___024root__DepSet_hbb6e3b65__23.cpp
/home/hunter/chipyard/.conda-env/bin/x86_64-conda-linux-gnu-c++ -Os  -I.  -MMD -I/home/hunter/chipyard/.conda-env/share/verilator/include -I/home/hunter/chipyard/.conda-env/share/verilator/include/vltstd -DVM_COVERAGE=0 -DVM_SC=0 -DVM_TRACE=0 -DVM_TRACE_FST=0 -DVM_TRACE_VCD=0 -faligned-new -fcf-protection=none -Wno-bool-operation -Wno-shadow -Wno-sign-compare -Wno-tautological-compare -Wno-uninitialized -Wno-unused-but-set-parameter -Wno-unused-but-set-variable -Wno-unused-parameter -Wno-unused-variable    -O3 -std=c++17 -I/home/hunter/chipyard/.conda-env/riscv-tools/include -I/home/hunter/chipyard/tools/DRAMSim2 -I/home/hunter/chipyard/sims/verilator/generated-src/chipyard.harness.TestHarness.GemminiRocketConfig/gen-collateral   -DVERILATOR -DVL_TIME_CONTEXT   -fcoroutines -include VTestDriver__pch.h.fast -c -o VTestDriver___024root__DepSet_hbb6e3b65__24.o VTestDriver___024root__DepSet_hbb6e3b65__24.cpp
/home/hunter/chipyard/.conda-env/bin/x86_64-conda-linux-gnu-c++ -Os  -I.  -MMD -I/home/hunter/chipyard/.conda-env/share/verilator/include -I/home/hunter/chipyard/.conda-env/share/verilator/include/vltstd -DVM_COVERAGE=0 -DVM_SC=0 -DVM_TRACE=0 -DVM_TRACE_FST=0 -DVM_TRACE_VCD=0 -faligned-new -fcf-protection=none -Wno-bool-operation -Wno-shadow -Wno-sign-compare -Wno-tautological-compare -Wno-uninitialized -Wno-unused-but-set-parameter -Wno-unused-but-set-variable -Wno-unused-parameter -Wno-unused-variable    -O3 -std=c++17 -I/home/hunter/chipyard/.conda-env/riscv-tools/include -I/home/hunter/chipyard/tools/DRAMSim2 -I/home/hunter/chipyard/sims/verilator/generated-src/chipyard.harness.TestHarness.GemminiRocketConfig/gen-collateral   -DVERILATOR -DVL_TIME_CONTEXT   -fcoroutines -include VTestDriver__pch.h.fast -c -o VTestDriver___024root__DepSet_hbb6e3b65__25.o VTestDriver___024root__DepSet_hbb6e3b65__25.cpp
/home/hunter/chipyard/.conda-env/bin/x86_64-conda-linux-gnu-c++ -Os  -I.  -MMD -I/home/hunter/chipyard/.conda-env/share/verilator/include -I/home/hunter/chipyard/.conda-env/share/verilator/include/vltstd -DVM_COVERAGE=0 -DVM_SC=0 -DVM_TRACE=0 -DVM_TRACE_FST=0 -DVM_TRACE_VCD=0 -faligned-new -fcf-protection=none -Wno-bool-operation -Wno-shadow -Wno-sign-compare -Wno-tautological-compare -Wno-uninitialized -Wno-unused-but-set-parameter -Wno-unused-but-set-variable -Wno-unused-parameter -Wno-unused-variable    -O3 -std=c++17 -I/home/hunter/chipyard/.conda-env/riscv-tools/include -I/home/hunter/chipyard/tools/DRAMSim2 -I/home/hunter/chipyard/sims/verilator/generated-src/chipyard.harness.TestHarness.GemminiRocketConfig/gen-collateral   -DVERILATOR -DVL_TIME_CONTEXT   -fcoroutines -include VTestDriver__pch.h.fast -c -o VTestDriver___024root__DepSet_hbb6e3b65__26.o VTestDriver___024root__DepSet_hbb6e3b65__26.cpp
/home/hunter/chipyard/.conda-env/bin/x86_64-conda-linux-gnu-c++ -Os  -I.  -MMD -I/home/hunter/chipyard/.conda-env/share/verilator/include -I/home/hunter/chipyard/.conda-env/share/verilator/include/vltstd -DVM_COVERAGE=0 -DVM_SC=0 -DVM_TRACE=0 -DVM_TRACE_FST=0 -DVM_TRACE_VCD=0 -faligned-new -fcf-protection=none -Wno-bool-operation -Wno-shadow -Wno-sign-compare -Wno-tautological-compare -Wno-uninitialized -Wno-unused-but-set-parameter -Wno-unused-but-set-variable -Wno-unused-parameter -Wno-unused-variable    -O3 -std=c++17 -I/home/hunter/chipyard/.conda-env/riscv-tools/include -I/home/hunter/chipyard/tools/DRAMSim2 -I/home/hunter/chipyard/sims/verilator/generated-src/chipyard.harness.TestHarness.GemminiRocketConfig/gen-collateral   -DVERILATOR -DVL_TIME_CONTEXT   -fcoroutines -include VTestDriver__pch.h.fast -c -o VTestDriver___024root__DepSet_hbb6e3b65__27.o VTestDriver___024root__DepSet_hbb6e3b65__27.cpp
/home/hunter/chipyard/.conda-env/bin/x86_64-conda-linux-gnu-c++ -Os  -I.  -MMD -I/home/hunter/chipyard/.conda-env/share/verilator/include -I/home/hunter/chipyard/.conda-env/share/verilator/include/vltstd -DVM_COVERAGE=0 -DVM_SC=0 -DVM_TRACE=0 -DVM_TRACE_FST=0 -DVM_TRACE_VCD=0 -faligned-new -fcf-protection=none -Wno-bool-operation -Wno-shadow -Wno-sign-compare -Wno-tautological-compare -Wno-uninitialized -Wno-unused-but-set-parameter -Wno-unused-but-set-variable -Wno-unused-parameter -Wno-unused-variable    -O3 -std=c++17 -I/home/hunter/chipyard/.conda-env/riscv-tools/include -I/home/hunter/chipyard/tools/DRAMSim2 -I/home/hunter/chipyard/sims/verilator/generated-src/chipyard.harness.TestHarness.GemminiRocketConfig/gen-collateral   -DVERILATOR -DVL_TIME_CONTEXT   -fcoroutines -include VTestDriver__pch.h.fast -c -o VTestDriver___024root__DepSet_hbb6e3b65__28.o VTestDriver___024root__DepSet_hbb6e3b65__28.cpp
/home/hunter/chipyard/.conda-env/bin/x86_64-conda-linux-gnu-c++ -Os  -I.  -MMD -I/home/hunter/chipyard/.conda-env/share/verilator/include -I/home/hunter/chipyard/.conda-env/share/verilator/include/vltstd -DVM_COVERAGE=0 -DVM_SC=0 -DVM_TRACE=0 -DVM_TRACE_FST=0 -DVM_TRACE_VCD=0 -faligned-new -fcf-protection=none -Wno-bool-operation -Wno-shadow -Wno-sign-compare -Wno-tautological-compare -Wno-uninitialized -Wno-unused-but-set-parameter -Wno-unused-but-set-variable -Wno-unused-parameter -Wno-unused-variable    -O3 -std=c++17 -I/home/hunter/chipyard/.conda-env/riscv-tools/include -I/home/hunter/chipyard/tools/DRAMSim2 -I/home/hunter/chipyard/sims/verilator/generated-src/chipyard.harness.TestHarness.GemminiRocketConfig/gen-collateral   -DVERILATOR -DVL_TIME_CONTEXT   -fcoroutines -include VTestDriver__pch.h.fast -c -o VTestDriver___024root__DepSet_hbb6e3b65__29.o VTestDriver___024root__DepSet_hbb6e3b65__29.cpp
/home/hunter/chipyard/.conda-env/bin/x86_64-conda-linux-gnu-c++ -Os  -I.  -MMD -I/home/hunter/chipyard/.conda-env/share/verilator/include -I/home/hunter/chipyard/.conda-env/share/verilator/include/vltstd -DVM_COVERAGE=0 -DVM_SC=0 -DVM_TRACE=0 -DVM_TRACE_FST=0 -DVM_TRACE_VCD=0 -faligned-new -fcf-protection=none -Wno-bool-operation -Wno-shadow -Wno-sign-compare -Wno-tautological-compare -Wno-uninitialized -Wno-unused-but-set-parameter -Wno-unused-but-set-variable -Wno-unused-parameter -Wno-unused-variable    -O3 -std=c++17 -I/home/hunter/chipyard/.conda-env/riscv-tools/include -I/home/hunter/chipyard/tools/DRAMSim2 -I/home/hunter/chipyard/sims/verilator/generated-src/chipyard.harness.TestHarness.GemminiRocketConfig/gen-collateral   -DVERILATOR -DVL_TIME_CONTEXT   -fcoroutines -include VTestDriver__pch.h.fast -c -o VTestDriver___024root__DepSet_hbb6e3b65__30.o VTestDriver___024root__DepSet_hbb6e3b65__30.cpp
/home/hunter/chipyard/.conda-env/bin/x86_64-conda-linux-gnu-c++ -Os  -I.  -MMD -I/home/hunter/chipyard/.conda-env/share/verilator/include -I/home/hunter/chipyard/.conda-env/share/verilator/include/vltstd -DVM_COVERAGE=0 -DVM_SC=0 -DVM_TRACE=0 -DVM_TRACE_FST=0 -DVM_TRACE_VCD=0 -faligned-new -fcf-protection=none -Wno-bool-operation -Wno-shadow -Wno-sign-compare -Wno-tautological-compare -Wno-uninitialized -Wno-unused-but-set-parameter -Wno-unused-but-set-variable -Wno-unused-parameter -Wno-unused-variable    -O3 -std=c++17 -I/home/hunter/chipyard/.conda-env/riscv-tools/include -I/home/hunter/chipyard/tools/DRAMSim2 -I/home/hunter/chipyard/sims/verilator/generated-src/chipyard.harness.TestHarness.GemminiRocketConfig/gen-collateral   -DVERILATOR -DVL_TIME_CONTEXT   -fcoroutines -include VTestDriver__pch.h.fast -c -o VTestDriver___024root__DepSet_hbb6e3b65__31.o VTestDriver___024root__DepSet_hbb6e3b65__31.cpp
/home/hunter/chipyard/.conda-env/bin/x86_64-conda-linux-gnu-c++ -Os  -I.  -MMD -I/home/hunter/chipyard/.conda-env/share/verilator/include -I/home/hunter/chipyard/.conda-env/share/verilator/include/vltstd -DVM_COVERAGE=0 -DVM_SC=0 -DVM_TRACE=0 -DVM_TRACE_FST=0 -DVM_TRACE_VCD=0 -faligned-new -fcf-protection=none -Wno-bool-operation -Wno-shadow -Wno-sign-compare -Wno-tautological-compare -Wno-uninitialized -Wno-unused-but-set-parameter -Wno-unused-but-set-variable -Wno-unused-parameter -Wno-unused-variable    -O3 -std=c++17 -I/home/hunter/chipyard/.conda-env/riscv-tools/include -I/home/hunter/chipyard/tools/DRAMSim2 -I/home/hunter/chipyard/sims/verilator/generated-src/chipyard.harness.TestHarness.GemminiRocketConfig/gen-collateral   -DVERILATOR -DVL_TIME_CONTEXT   -fcoroutines -include VTestDriver__pch.h.fast -c -o VTestDriver___024root__DepSet_hbb6e3b65__32.o VTestDriver___024root__DepSet_hbb6e3b65__32.cpp
/home/hunter/chipyard/.conda-env/bin/x86_64-conda-linux-gnu-c++ -Os  -I.  -MMD -I/home/hunter/chipyard/.conda-env/share/verilator/include -I/home/hunter/chipyard/.conda-env/share/verilator/include/vltstd -DVM_COVERAGE=0 -DVM_SC=0 -DVM_TRACE=0 -DVM_TRACE_FST=0 -DVM_TRACE_VCD=0 -faligned-new -fcf-protection=none -Wno-bool-operation -Wno-shadow -Wno-sign-compare -Wno-tautological-compare -Wno-uninitialized -Wno-unused-but-set-parameter -Wno-unused-but-set-variable -Wno-unused-parameter -Wno-unused-variable    -O3 -std=c++17 -I/home/hunter/chipyard/.conda-env/riscv-tools/include -I/home/hunter/chipyard/tools/DRAMSim2 -I/home/hunter/chipyard/sims/verilator/generated-src/chipyard.harness.TestHarness.GemminiRocketConfig/gen-collateral   -DVERILATOR -DVL_TIME_CONTEXT   -fcoroutines -include VTestDriver__pch.h.fast -c -o VTestDriver___024root__DepSet_hbb6e3b65__33.o VTestDriver___024root__DepSet_hbb6e3b65__33.cpp
/home/hunter/chipyard/.conda-env/bin/x86_64-conda-linux-gnu-c++ -Os  -I.  -MMD -I/home/hunter/chipyard/.conda-env/share/verilator/include -I/home/hunter/chipyard/.conda-env/share/verilator/include/vltstd -DVM_COVERAGE=0 -DVM_SC=0 -DVM_TRACE=0 -DVM_TRACE_FST=0 -DVM_TRACE_VCD=0 -faligned-new -fcf-protection=none -Wno-bool-operation -Wno-shadow -Wno-sign-compare -Wno-tautological-compare -Wno-uninitialized -Wno-unused-but-set-parameter -Wno-unused-but-set-variable -Wno-unused-parameter -Wno-unused-variable    -O3 -std=c++17 -I/home/hunter/chipyard/.conda-env/riscv-tools/include -I/home/hunter/chipyard/tools/DRAMSim2 -I/home/hunter/chipyard/sims/verilator/generated-src/chipyard.harness.TestHarness.GemminiRocketConfig/gen-collateral   -DVERILATOR -DVL_TIME_CONTEXT   -fcoroutines -include VTestDriver__pch.h.fast -c -o VTestDriver___024root__DepSet_hbb6e3b65__34.o VTestDriver___024root__DepSet_hbb6e3b65__34.cpp
/home/hunter/chipyard/.conda-env/bin/x86_64-conda-linux-gnu-c++ -Os  -I.  -MMD -I/home/hunter/chipyard/.conda-env/share/verilator/include -I/home/hunter/chipyard/.conda-env/share/verilator/include/vltstd -DVM_COVERAGE=0 -DVM_SC=0 -DVM_TRACE=0 -DVM_TRACE_FST=0 -DVM_TRACE_VCD=0 -faligned-new -fcf-protection=none -Wno-bool-operation -Wno-shadow -Wno-sign-compare -Wno-tautological-compare -Wno-uninitialized -Wno-unused-but-set-parameter -Wno-unused-but-set-variable -Wno-unused-parameter -Wno-unused-variable    -O3 -std=c++17 -I/home/hunter/chipyard/.conda-env/riscv-tools/include -I/home/hunter/chipyard/tools/DRAMSim2 -I/home/hunter/chipyard/sims/verilator/generated-src/chipyard.harness.TestHarness.GemminiRocketConfig/gen-collateral   -DVERILATOR -DVL_TIME_CONTEXT   -fcoroutines -include VTestDriver__pch.h.fast -c -o VTestDriver___024root__DepSet_hbb6e3b65__35.o VTestDriver___024root__DepSet_hbb6e3b65__35.cpp
/home/hunter/chipyard/.conda-env/bin/x86_64-conda-linux-gnu-c++ -Os  -I.  -MMD -I/home/hunter/chipyard/.conda-env/share/verilator/include -I/home/hunter/chipyard/.conda-env/share/verilator/include/vltstd -DVM_COVERAGE=0 -DVM_SC=0 -DVM_TRACE=0 -DVM_TRACE_FST=0 -DVM_TRACE_VCD=0 -faligned-new -fcf-protection=none -Wno-bool-operation -Wno-shadow -Wno-sign-compare -Wno-tautological-compare -Wno-uninitialized -Wno-unused-but-set-parameter -Wno-unused-but-set-variable -Wno-unused-parameter -Wno-unused-variable    -O3 -std=c++17 -I/home/hunter/chipyard/.conda-env/riscv-tools/include -I/home/hunter/chipyard/tools/DRAMSim2 -I/home/hunter/chipyard/sims/verilator/generated-src/chipyard.harness.TestHarness.GemminiRocketConfig/gen-collateral   -DVERILATOR -DVL_TIME_CONTEXT   -fcoroutines -include VTestDriver__pch.h.fast -c -o VTestDriver___024root__DepSet_hbb6e3b65__36.o VTestDriver___024root__DepSet_hbb6e3b65__36.cpp
/home/hunter/chipyard/.conda-env/bin/x86_64-conda-linux-gnu-c++ -Os  -I.  -MMD -I/home/hunter/chipyard/.conda-env/share/verilator/include -I/home/hunter/chipyard/.conda-env/share/verilator/include/vltstd -DVM_COVERAGE=0 -DVM_SC=0 -DVM_TRACE=0 -DVM_TRACE_FST=0 -DVM_TRACE_VCD=0 -faligned-new -fcf-protection=none -Wno-bool-operation -Wno-shadow -Wno-sign-compare -Wno-tautological-compare -Wno-uninitialized -Wno-unused-but-set-parameter -Wno-unused-but-set-variable -Wno-unused-parameter -Wno-unused-variable    -O3 -std=c++17 -I/home/hunter/chipyard/.conda-env/riscv-tools/include -I/home/hunter/chipyard/tools/DRAMSim2 -I/home/hunter/chipyard/sims/verilator/generated-src/chipyard.harness.TestHarness.GemminiRocketConfig/gen-collateral   -DVERILATOR -DVL_TIME_CONTEXT   -fcoroutines -include VTestDriver__pch.h.fast -c -o VTestDriver___024root__DepSet_hbb6e3b65__37.o VTestDriver___024root__DepSet_hbb6e3b65__37.cpp
/home/hunter/chipyard/.conda-env/bin/x86_64-conda-linux-gnu-c++ -Os  -I.  -MMD -I/home/hunter/chipyard/.conda-env/share/verilator/include -I/home/hunter/chipyard/.conda-env/share/verilator/include/vltstd -DVM_COVERAGE=0 -DVM_SC=0 -DVM_TRACE=0 -DVM_TRACE_FST=0 -DVM_TRACE_VCD=0 -faligned-new -fcf-protection=none -Wno-bool-operation -Wno-shadow -Wno-sign-compare -Wno-tautological-compare -Wno-uninitialized -Wno-unused-but-set-parameter -Wno-unused-but-set-variable -Wno-unused-parameter -Wno-unused-variable    -O3 -std=c++17 -I/home/hunter/chipyard/.conda-env/riscv-tools/include -I/home/hunter/chipyard/tools/DRAMSim2 -I/home/hunter/chipyard/sims/verilator/generated-src/chipyard.harness.TestHarness.GemminiRocketConfig/gen-collateral   -DVERILATOR -DVL_TIME_CONTEXT   -fcoroutines -include VTestDriver__pch.h.fast -c -o VTestDriver___024root__DepSet_hbb6e3b65__38.o VTestDriver___024root__DepSet_hbb6e3b65__38.cpp
/home/hunter/chipyard/.conda-env/bin/x86_64-conda-linux-gnu-c++ -Os  -I.  -MMD -I/home/hunter/chipyard/.conda-env/share/verilator/include -I/home/hunter/chipyard/.conda-env/share/verilator/include/vltstd -DVM_COVERAGE=0 -DVM_SC=0 -DVM_TRACE=0 -DVM_TRACE_FST=0 -DVM_TRACE_VCD=0 -faligned-new -fcf-protection=none -Wno-bool-operation -Wno-shadow -Wno-sign-compare -Wno-tautological-compare -Wno-uninitialized -Wno-unused-but-set-parameter -Wno-unused-but-set-variable -Wno-unused-parameter -Wno-unused-variable    -O3 -std=c++17 -I/home/hunter/chipyard/.conda-env/riscv-tools/include -I/home/hunter/chipyard/tools/DRAMSim2 -I/home/hunter/chipyard/sims/verilator/generated-src/chipyard.harness.TestHarness.GemminiRocketConfig/gen-collateral   -DVERILATOR -DVL_TIME_CONTEXT   -fcoroutines -include VTestDriver__pch.h.fast -c -o VTestDriver___024root__DepSet_hbb6e3b65__39.o VTestDriver___024root__DepSet_hbb6e3b65__39.cpp
/home/hunter/chipyard/.conda-env/bin/x86_64-conda-linux-gnu-c++ -Os  -I.  -MMD -I/home/hunter/chipyard/.conda-env/share/verilator/include -I/home/hunter/chipyard/.conda-env/share/verilator/include/vltstd -DVM_COVERAGE=0 -DVM_SC=0 -DVM_TRACE=0 -DVM_TRACE_FST=0 -DVM_TRACE_VCD=0 -faligned-new -fcf-protection=none -Wno-bool-operation -Wno-shadow -Wno-sign-compare -Wno-tautological-compare -Wno-uninitialized -Wno-unused-but-set-parameter -Wno-unused-but-set-variable -Wno-unused-parameter -Wno-unused-variable    -O3 -std=c++17 -I/home/hunter/chipyard/.conda-env/riscv-tools/include -I/home/hunter/chipyard/tools/DRAMSim2 -I/home/hunter/chipyard/sims/verilator/generated-src/chipyard.harness.TestHarness.GemminiRocketConfig/gen-collateral   -DVERILATOR -DVL_TIME_CONTEXT   -fcoroutines -include VTestDriver__pch.h.fast -c -o VTestDriver___024root__DepSet_hbb6e3b65__40.o VTestDriver___024root__DepSet_hbb6e3b65__40.cpp
/home/hunter/chipyard/.conda-env/bin/x86_64-conda-linux-gnu-c++ -Os  -I.  -MMD -I/home/hunter/chipyard/.conda-env/share/verilator/include -I/home/hunter/chipyard/.conda-env/share/verilator/include/vltstd -DVM_COVERAGE=0 -DVM_SC=0 -DVM_TRACE=0 -DVM_TRACE_FST=0 -DVM_TRACE_VCD=0 -faligned-new -fcf-protection=none -Wno-bool-operation -Wno-shadow -Wno-sign-compare -Wno-tautological-compare -Wno-uninitialized -Wno-unused-but-set-parameter -Wno-unused-but-set-variable -Wno-unused-parameter -Wno-unused-variable    -O3 -std=c++17 -I/home/hunter/chipyard/.conda-env/riscv-tools/include -I/home/hunter/chipyard/tools/DRAMSim2 -I/home/hunter/chipyard/sims/verilator/generated-src/chipyard.harness.TestHarness.GemminiRocketConfig/gen-collateral   -DVERILATOR -DVL_TIME_CONTEXT   -fcoroutines -include VTestDriver__pch.h.fast -c -o VTestDriver___024root__DepSet_hbb6e3b65__41.o VTestDriver___024root__DepSet_hbb6e3b65__41.cpp
/home/hunter/chipyard/.conda-env/bin/x86_64-conda-linux-gnu-c++ -Os  -I.  -MMD -I/home/hunter/chipyard/.conda-env/share/verilator/include -I/home/hunter/chipyard/.conda-env/share/verilator/include/vltstd -DVM_COVERAGE=0 -DVM_SC=0 -DVM_TRACE=0 -DVM_TRACE_FST=0 -DVM_TRACE_VCD=0 -faligned-new -fcf-protection=none -Wno-bool-operation -Wno-shadow -Wno-sign-compare -Wno-tautological-compare -Wno-uninitialized -Wno-unused-but-set-parameter -Wno-unused-but-set-variable -Wno-unused-parameter -Wno-unused-variable    -O3 -std=c++17 -I/home/hunter/chipyard/.conda-env/riscv-tools/include -I/home/hunter/chipyard/tools/DRAMSim2 -I/home/hunter/chipyard/sims/verilator/generated-src/chipyard.harness.TestHarness.GemminiRocketConfig/gen-collateral   -DVERILATOR -DVL_TIME_CONTEXT   -fcoroutines -include VTestDriver__pch.h.fast -c -o VTestDriver___024root__DepSet_hbb6e3b65__42.o VTestDriver___024root__DepSet_hbb6e3b65__42.cpp
/home/hunter/chipyard/.conda-env/bin/x86_64-conda-linux-gnu-c++ -Os  -I.  -MMD -I/home/hunter/chipyard/.conda-env/share/verilator/include -I/home/hunter/chipyard/.conda-env/share/verilator/include/vltstd -DVM_COVERAGE=0 -DVM_SC=0 -DVM_TRACE=0 -DVM_TRACE_FST=0 -DVM_TRACE_VCD=0 -faligned-new -fcf-protection=none -Wno-bool-operation -Wno-shadow -Wno-sign-compare -Wno-tautological-compare -Wno-uninitialized -Wno-unused-but-set-parameter -Wno-unused-but-set-variable -Wno-unused-parameter -Wno-unused-variable    -O3 -std=c++17 -I/home/hunter/chipyard/.conda-env/riscv-tools/include -I/home/hunter/chipyard/tools/DRAMSim2 -I/home/hunter/chipyard/sims/verilator/generated-src/chipyard.harness.TestHarness.GemminiRocketConfig/gen-collateral   -DVERILATOR -DVL_TIME_CONTEXT   -fcoroutines -include VTestDriver__pch.h.fast -c -o VTestDriver___024root__DepSet_hbb6e3b65__43.o VTestDriver___024root__DepSet_hbb6e3b65__43.cpp
/home/hunter/chipyard/.conda-env/bin/x86_64-conda-linux-gnu-c++ -Os  -I.  -MMD -I/home/hunter/chipyard/.conda-env/share/verilator/include -I/home/hunter/chipyard/.conda-env/share/verilator/include/vltstd -DVM_COVERAGE=0 -DVM_SC=0 -DVM_TRACE=0 -DVM_TRACE_FST=0 -DVM_TRACE_VCD=0 -faligned-new -fcf-protection=none -Wno-bool-operation -Wno-shadow -Wno-sign-compare -Wno-tautological-compare -Wno-uninitialized -Wno-unused-but-set-parameter -Wno-unused-but-set-variable -Wno-unused-parameter -Wno-unused-variable    -O3 -std=c++17 -I/home/hunter/chipyard/.conda-env/riscv-tools/include -I/home/hunter/chipyard/tools/DRAMSim2 -I/home/hunter/chipyard/sims/verilator/generated-src/chipyard.harness.TestHarness.GemminiRocketConfig/gen-collateral   -DVERILATOR -DVL_TIME_CONTEXT   -fcoroutines -include VTestDriver__pch.h.fast -c -o VTestDriver___024root__DepSet_hbb6e3b65__44.o VTestDriver___024root__DepSet_hbb6e3b65__44.cpp
/home/hunter/chipyard/.conda-env/bin/x86_64-conda-linux-gnu-c++ -Os  -I.  -MMD -I/home/hunter/chipyard/.conda-env/share/verilator/include -I/home/hunter/chipyard/.conda-env/share/verilator/include/vltstd -DVM_COVERAGE=0 -DVM_SC=0 -DVM_TRACE=0 -DVM_TRACE_FST=0 -DVM_TRACE_VCD=0 -faligned-new -fcf-protection=none -Wno-bool-operation -Wno-shadow -Wno-sign-compare -Wno-tautological-compare -Wno-uninitialized -Wno-unused-but-set-parameter -Wno-unused-but-set-variable -Wno-unused-parameter -Wno-unused-variable    -O3 -std=c++17 -I/home/hunter/chipyard/.conda-env/riscv-tools/include -I/home/hunter/chipyard/tools/DRAMSim2 -I/home/hunter/chipyard/sims/verilator/generated-src/chipyard.harness.TestHarness.GemminiRocketConfig/gen-collateral   -DVERILATOR -DVL_TIME_CONTEXT   -fcoroutines -include VTestDriver__pch.h.fast -c -o VTestDriver___024root__DepSet_hbb6e3b65__45.o VTestDriver___024root__DepSet_hbb6e3b65__45.cpp
/home/hunter/chipyard/.conda-env/bin/x86_64-conda-linux-gnu-c++ -Os  -I.  -MMD -I/home/hunter/chipyard/.conda-env/share/verilator/include -I/home/hunter/chipyard/.conda-env/share/verilator/include/vltstd -DVM_COVERAGE=0 -DVM_SC=0 -DVM_TRACE=0 -DVM_TRACE_FST=0 -DVM_TRACE_VCD=0 -faligned-new -fcf-protection=none -Wno-bool-operation -Wno-shadow -Wno-sign-compare -Wno-tautological-compare -Wno-uninitialized -Wno-unused-but-set-parameter -Wno-unused-but-set-variable -Wno-unused-parameter -Wno-unused-variable    -O3 -std=c++17 -I/home/hunter/chipyard/.conda-env/riscv-tools/include -I/home/hunter/chipyard/tools/DRAMSim2 -I/home/hunter/chipyard/sims/verilator/generated-src/chipyard.harness.TestHarness.GemminiRocketConfig/gen-collateral   -DVERILATOR -DVL_TIME_CONTEXT   -fcoroutines -include VTestDriver__pch.h.fast -c -o VTestDriver___024root__DepSet_hbb6e3b65__46.o VTestDriver___024root__DepSet_hbb6e3b65__46.cpp
/home/hunter/chipyard/.conda-env/bin/x86_64-conda-linux-gnu-c++ -Os  -I.  -MMD -I/home/hunter/chipyard/.conda-env/share/verilator/include -I/home/hunter/chipyard/.conda-env/share/verilator/include/vltstd -DVM_COVERAGE=0 -DVM_SC=0 -DVM_TRACE=0 -DVM_TRACE_FST=0 -DVM_TRACE_VCD=0 -faligned-new -fcf-protection=none -Wno-bool-operation -Wno-shadow -Wno-sign-compare -Wno-tautological-compare -Wno-uninitialized -Wno-unused-but-set-parameter -Wno-unused-but-set-variable -Wno-unused-parameter -Wno-unused-variable    -O3 -std=c++17 -I/home/hunter/chipyard/.conda-env/riscv-tools/include -I/home/hunter/chipyard/tools/DRAMSim2 -I/home/hunter/chipyard/sims/verilator/generated-src/chipyard.harness.TestHarness.GemminiRocketConfig/gen-collateral   -DVERILATOR -DVL_TIME_CONTEXT   -fcoroutines -include VTestDriver__pch.h.fast -c -o VTestDriver___024root__DepSet_hbb6e3b65__47.o VTestDriver___024root__DepSet_hbb6e3b65__47.cpp
/home/hunter/chipyard/.conda-env/bin/x86_64-conda-linux-gnu-c++ -Os  -I.  -MMD -I/home/hunter/chipyard/.conda-env/share/verilator/include -I/home/hunter/chipyard/.conda-env/share/verilator/include/vltstd -DVM_COVERAGE=0 -DVM_SC=0 -DVM_TRACE=0 -DVM_TRACE_FST=0 -DVM_TRACE_VCD=0 -faligned-new -fcf-protection=none -Wno-bool-operation -Wno-shadow -Wno-sign-compare -Wno-tautological-compare -Wno-uninitialized -Wno-unused-but-set-parameter -Wno-unused-but-set-variable -Wno-unused-parameter -Wno-unused-variable    -O3 -std=c++17 -I/home/hunter/chipyard/.conda-env/riscv-tools/include -I/home/hunter/chipyard/tools/DRAMSim2 -I/home/hunter/chipyard/sims/verilator/generated-src/chipyard.harness.TestHarness.GemminiRocketConfig/gen-collateral   -DVERILATOR -DVL_TIME_CONTEXT   -fcoroutines -include VTestDriver__pch.h.fast -c -o VTestDriver___024root__DepSet_hbb6e3b65__48.o VTestDriver___024root__DepSet_hbb6e3b65__48.cpp
/home/hunter/chipyard/.conda-env/bin/x86_64-conda-linux-gnu-c++ -Os  -I.  -MMD -I/home/hunter/chipyard/.conda-env/share/verilator/include -I/home/hunter/chipyard/.conda-env/share/verilator/include/vltstd -DVM_COVERAGE=0 -DVM_SC=0 -DVM_TRACE=0 -DVM_TRACE_FST=0 -DVM_TRACE_VCD=0 -faligned-new -fcf-protection=none -Wno-bool-operation -Wno-shadow -Wno-sign-compare -Wno-tautological-compare -Wno-uninitialized -Wno-unused-but-set-parameter -Wno-unused-but-set-variable -Wno-unused-parameter -Wno-unused-variable    -O3 -std=c++17 -I/home/hunter/chipyard/.conda-env/riscv-tools/include -I/home/hunter/chipyard/tools/DRAMSim2 -I/home/hunter/chipyard/sims/verilator/generated-src/chipyard.harness.TestHarness.GemminiRocketConfig/gen-collateral   -DVERILATOR -DVL_TIME_CONTEXT   -fcoroutines -include VTestDriver__pch.h.fast -c -o VTestDriver___024root__DepSet_hbb6e3b65__49.o VTestDriver___024root__DepSet_hbb6e3b65__49.cpp
/home/hunter/chipyard/.conda-env/bin/x86_64-conda-linux-gnu-c++ -Os  -I.  -MMD -I/home/hunter/chipyard/.conda-env/share/verilator/include -I/home/hunter/chipyard/.conda-env/share/verilator/include/vltstd -DVM_COVERAGE=0 -DVM_SC=0 -DVM_TRACE=0 -DVM_TRACE_FST=0 -DVM_TRACE_VCD=0 -faligned-new -fcf-protection=none -Wno-bool-operation -Wno-shadow -Wno-sign-compare -Wno-tautological-compare -Wno-uninitialized -Wno-unused-but-set-parameter -Wno-unused-but-set-variable -Wno-unused-parameter -Wno-unused-variable    -O3 -std=c++17 -I/home/hunter/chipyard/.conda-env/riscv-tools/include -I/home/hunter/chipyard/tools/DRAMSim2 -I/home/hunter/chipyard/sims/verilator/generated-src/chipyard.harness.TestHarness.GemminiRocketConfig/gen-collateral   -DVERILATOR -DVL_TIME_CONTEXT   -fcoroutines -include VTestDriver__pch.h.fast -c -o VTestDriver___024root__DepSet_hbb6e3b65__50.o VTestDriver___024root__DepSet_hbb6e3b65__50.cpp
/home/hunter/chipyard/.conda-env/bin/x86_64-conda-linux-gnu-c++ -Os  -I.  -MMD -I/home/hunter/chipyard/.conda-env/share/verilator/include -I/home/hunter/chipyard/.conda-env/share/verilator/include/vltstd -DVM_COVERAGE=0 -DVM_SC=0 -DVM_TRACE=0 -DVM_TRACE_FST=0 -DVM_TRACE_VCD=0 -faligned-new -fcf-protection=none -Wno-bool-operation -Wno-shadow -Wno-sign-compare -Wno-tautological-compare -Wno-uninitialized -Wno-unused-but-set-parameter -Wno-unused-but-set-variable -Wno-unused-parameter -Wno-unused-variable    -O3 -std=c++17 -I/home/hunter/chipyard/.conda-env/riscv-tools/include -I/home/hunter/chipyard/tools/DRAMSim2 -I/home/hunter/chipyard/sims/verilator/generated-src/chipyard.harness.TestHarness.GemminiRocketConfig/gen-collateral   -DVERILATOR -DVL_TIME_CONTEXT   -fcoroutines -include VTestDriver__pch.h.fast -c -o VTestDriver___024root__DepSet_hbb6e3b65__51.o VTestDriver___024root__DepSet_hbb6e3b65__51.cpp
/home/hunter/chipyard/.conda-env/bin/x86_64-conda-linux-gnu-c++ -Os  -I.  -MMD -I/home/hunter/chipyard/.conda-env/share/verilator/include -I/home/hunter/chipyard/.conda-env/share/verilator/include/vltstd -DVM_COVERAGE=0 -DVM_SC=0 -DVM_TRACE=0 -DVM_TRACE_FST=0 -DVM_TRACE_VCD=0 -faligned-new -fcf-protection=none -Wno-bool-operation -Wno-shadow -Wno-sign-compare -Wno-tautological-compare -Wno-uninitialized -Wno-unused-but-set-parameter -Wno-unused-but-set-variable -Wno-unused-parameter -Wno-unused-variable    -O3 -std=c++17 -I/home/hunter/chipyard/.conda-env/riscv-tools/include -I/home/hunter/chipyard/tools/DRAMSim2 -I/home/hunter/chipyard/sims/verilator/generated-src/chipyard.harness.TestHarness.GemminiRocketConfig/gen-collateral   -DVERILATOR -DVL_TIME_CONTEXT   -fcoroutines -include VTestDriver__pch.h.fast -c -o VTestDriver___024root__DepSet_hbb6e3b65__52.o VTestDriver___024root__DepSet_hbb6e3b65__52.cpp
/home/hunter/chipyard/.conda-env/bin/x86_64-conda-linux-gnu-c++ -Os  -I.  -MMD -I/home/hunter/chipyard/.conda-env/share/verilator/include -I/home/hunter/chipyard/.conda-env/share/verilator/include/vltstd -DVM_COVERAGE=0 -DVM_SC=0 -DVM_TRACE=0 -DVM_TRACE_FST=0 -DVM_TRACE_VCD=0 -faligned-new -fcf-protection=none -Wno-bool-operation -Wno-shadow -Wno-sign-compare -Wno-tautological-compare -Wno-uninitialized -Wno-unused-but-set-parameter -Wno-unused-but-set-variable -Wno-unused-parameter -Wno-unused-variable    -O3 -std=c++17 -I/home/hunter/chipyard/.conda-env/riscv-tools/include -I/home/hunter/chipyard/tools/DRAMSim2 -I/home/hunter/chipyard/sims/verilator/generated-src/chipyard.harness.TestHarness.GemminiRocketConfig/gen-collateral   -DVERILATOR -DVL_TIME_CONTEXT   -fcoroutines -include VTestDriver__pch.h.fast -c -o VTestDriver___024root__DepSet_hbb6e3b65__53.o VTestDriver___024root__DepSet_hbb6e3b65__53.cpp
/home/hunter/chipyard/.conda-env/bin/x86_64-conda-linux-gnu-c++ -Os  -I.  -MMD -I/home/hunter/chipyard/.conda-env/share/verilator/include -I/home/hunter/chipyard/.conda-env/share/verilator/include/vltstd -DVM_COVERAGE=0 -DVM_SC=0 -DVM_TRACE=0 -DVM_TRACE_FST=0 -DVM_TRACE_VCD=0 -faligned-new -fcf-protection=none -Wno-bool-operation -Wno-shadow -Wno-sign-compare -Wno-tautological-compare -Wno-uninitialized -Wno-unused-but-set-parameter -Wno-unused-but-set-variable -Wno-unused-parameter -Wno-unused-variable    -O3 -std=c++17 -I/home/hunter/chipyard/.conda-env/riscv-tools/include -I/home/hunter/chipyard/tools/DRAMSim2 -I/home/hunter/chipyard/sims/verilator/generated-src/chipyard.harness.TestHarness.GemminiRocketConfig/gen-collateral   -DVERILATOR -DVL_TIME_CONTEXT   -fcoroutines -include VTestDriver__pch.h.fast -c -o VTestDriver___024root__DepSet_hbb6e3b65__54.o VTestDriver___024root__DepSet_hbb6e3b65__54.cpp
/home/hunter/chipyard/.conda-env/bin/x86_64-conda-linux-gnu-c++ -Os  -I.  -MMD -I/home/hunter/chipyard/.conda-env/share/verilator/include -I/home/hunter/chipyard/.conda-env/share/verilator/include/vltstd -DVM_COVERAGE=0 -DVM_SC=0 -DVM_TRACE=0 -DVM_TRACE_FST=0 -DVM_TRACE_VCD=0 -faligned-new -fcf-protection=none -Wno-bool-operation -Wno-shadow -Wno-sign-compare -Wno-tautological-compare -Wno-uninitialized -Wno-unused-but-set-parameter -Wno-unused-but-set-variable -Wno-unused-parameter -Wno-unused-variable    -O3 -std=c++17 -I/home/hunter/chipyard/.conda-env/riscv-tools/include -I/home/hunter/chipyard/tools/DRAMSim2 -I/home/hunter/chipyard/sims/verilator/generated-src/chipyard.harness.TestHarness.GemminiRocketConfig/gen-collateral   -DVERILATOR -DVL_TIME_CONTEXT   -fcoroutines -include VTestDriver__pch.h.fast -c -o VTestDriver___024root__DepSet_hbb6e3b65__55.o VTestDriver___024root__DepSet_hbb6e3b65__55.cpp
/home/hunter/chipyard/.conda-env/bin/x86_64-conda-linux-gnu-c++ -Os  -I.  -MMD -I/home/hunter/chipyard/.conda-env/share/verilator/include -I/home/hunter/chipyard/.conda-env/share/verilator/include/vltstd -DVM_COVERAGE=0 -DVM_SC=0 -DVM_TRACE=0 -DVM_TRACE_FST=0 -DVM_TRACE_VCD=0 -faligned-new -fcf-protection=none -Wno-bool-operation -Wno-shadow -Wno-sign-compare -Wno-tautological-compare -Wno-uninitialized -Wno-unused-but-set-parameter -Wno-unused-but-set-variable -Wno-unused-parameter -Wno-unused-variable    -O3 -std=c++17 -I/home/hunter/chipyard/.conda-env/riscv-tools/include -I/home/hunter/chipyard/tools/DRAMSim2 -I/home/hunter/chipyard/sims/verilator/generated-src/chipyard.harness.TestHarness.GemminiRocketConfig/gen-collateral   -DVERILATOR -DVL_TIME_CONTEXT   -fcoroutines -include VTestDriver__pch.h.fast -c -o VTestDriver___024root__DepSet_hbb6e3b65__56.o VTestDriver___024root__DepSet_hbb6e3b65__56.cpp
/home/hunter/chipyard/.conda-env/bin/x86_64-conda-linux-gnu-c++ -Os  -I.  -MMD -I/home/hunter/chipyard/.conda-env/share/verilator/include -I/home/hunter/chipyard/.conda-env/share/verilator/include/vltstd -DVM_COVERAGE=0 -DVM_SC=0 -DVM_TRACE=0 -DVM_TRACE_FST=0 -DVM_TRACE_VCD=0 -faligned-new -fcf-protection=none -Wno-bool-operation -Wno-shadow -Wno-sign-compare -Wno-tautological-compare -Wno-uninitialized -Wno-unused-but-set-parameter -Wno-unused-but-set-variable -Wno-unused-parameter -Wno-unused-variable    -O3 -std=c++17 -I/home/hunter/chipyard/.conda-env/riscv-tools/include -I/home/hunter/chipyard/tools/DRAMSim2 -I/home/hunter/chipyard/sims/verilator/generated-src/chipyard.harness.TestHarness.GemminiRocketConfig/gen-collateral   -DVERILATOR -DVL_TIME_CONTEXT   -fcoroutines -include VTestDriver__pch.h.fast -c -o VTestDriver___024root__DepSet_hbb6e3b65__57.o VTestDriver___024root__DepSet_hbb6e3b65__57.cpp
/home/hunter/chipyard/.conda-env/bin/x86_64-conda-linux-gnu-c++ -Os  -I.  -MMD -I/home/hunter/chipyard/.conda-env/share/verilator/include -I/home/hunter/chipyard/.conda-env/share/verilator/include/vltstd -DVM_COVERAGE=0 -DVM_SC=0 -DVM_TRACE=0 -DVM_TRACE_FST=0 -DVM_TRACE_VCD=0 -faligned-new -fcf-protection=none -Wno-bool-operation -Wno-shadow -Wno-sign-compare -Wno-tautological-compare -Wno-uninitialized -Wno-unused-but-set-parameter -Wno-unused-but-set-variable -Wno-unused-parameter -Wno-unused-variable    -O3 -std=c++17 -I/home/hunter/chipyard/.conda-env/riscv-tools/include -I/home/hunter/chipyard/tools/DRAMSim2 -I/home/hunter/chipyard/sims/verilator/generated-src/chipyard.harness.TestHarness.GemminiRocketConfig/gen-collateral   -DVERILATOR -DVL_TIME_CONTEXT   -fcoroutines -include VTestDriver__pch.h.fast -c -o VTestDriver___024root__DepSet_hbb6e3b65__58.o VTestDriver___024root__DepSet_hbb6e3b65__58.cpp
/home/hunter/chipyard/.conda-env/bin/x86_64-conda-linux-gnu-c++ -Os  -I.  -MMD -I/home/hunter/chipyard/.conda-env/share/verilator/include -I/home/hunter/chipyard/.conda-env/share/verilator/include/vltstd -DVM_COVERAGE=0 -DVM_SC=0 -DVM_TRACE=0 -DVM_TRACE_FST=0 -DVM_TRACE_VCD=0 -faligned-new -fcf-protection=none -Wno-bool-operation -Wno-shadow -Wno-sign-compare -Wno-tautological-compare -Wno-uninitialized -Wno-unused-but-set-parameter -Wno-unused-but-set-variable -Wno-unused-parameter -Wno-unused-variable    -O3 -std=c++17 -I/home/hunter/chipyard/.conda-env/riscv-tools/include -I/home/hunter/chipyard/tools/DRAMSim2 -I/home/hunter/chipyard/sims/verilator/generated-src/chipyard.harness.TestHarness.GemminiRocketConfig/gen-collateral   -DVERILATOR -DVL_TIME_CONTEXT   -fcoroutines -include VTestDriver__pch.h.fast -c -o VTestDriver___024root__DepSet_hbb6e3b65__59.o VTestDriver___024root__DepSet_hbb6e3b65__59.cpp
/home/hunter/chipyard/.conda-env/bin/x86_64-conda-linux-gnu-c++ -Os  -I.  -MMD -I/home/hunter/chipyard/.conda-env/share/verilator/include -I/home/hunter/chipyard/.conda-env/share/verilator/include/vltstd -DVM_COVERAGE=0 -DVM_SC=0 -DVM_TRACE=0 -DVM_TRACE_FST=0 -DVM_TRACE_VCD=0 -faligned-new -fcf-protection=none -Wno-bool-operation -Wno-shadow -Wno-sign-compare -Wno-tautological-compare -Wno-uninitialized -Wno-unused-but-set-parameter -Wno-unused-but-set-variable -Wno-unused-parameter -Wno-unused-variable    -O3 -std=c++17 -I/home/hunter/chipyard/.conda-env/riscv-tools/include -I/home/hunter/chipyard/tools/DRAMSim2 -I/home/hunter/chipyard/sims/verilator/generated-src/chipyard.harness.TestHarness.GemminiRocketConfig/gen-collateral   -DVERILATOR -DVL_TIME_CONTEXT   -fcoroutines -include VTestDriver__pch.h.fast -c -o VTestDriver___024root__DepSet_hbb6e3b65__60.o VTestDriver___024root__DepSet_hbb6e3b65__60.cpp
/home/hunter/chipyard/.conda-env/bin/x86_64-conda-linux-gnu-c++ -Os  -I.  -MMD -I/home/hunter/chipyard/.conda-env/share/verilator/include -I/home/hunter/chipyard/.conda-env/share/verilator/include/vltstd -DVM_COVERAGE=0 -DVM_SC=0 -DVM_TRACE=0 -DVM_TRACE_FST=0 -DVM_TRACE_VCD=0 -faligned-new -fcf-protection=none -Wno-bool-operation -Wno-shadow -Wno-sign-compare -Wno-tautological-compare -Wno-uninitialized -Wno-unused-but-set-parameter -Wno-unused-but-set-variable -Wno-unused-parameter -Wno-unused-variable    -O3 -std=c++17 -I/home/hunter/chipyard/.conda-env/riscv-tools/include -I/home/hunter/chipyard/tools/DRAMSim2 -I/home/hunter/chipyard/sims/verilator/generated-src/chipyard.harness.TestHarness.GemminiRocketConfig/gen-collateral   -DVERILATOR -DVL_TIME_CONTEXT   -fcoroutines -include VTestDriver__pch.h.fast -c -o VTestDriver___024root__DepSet_hbb6e3b65__61.o VTestDriver___024root__DepSet_hbb6e3b65__61.cpp
/home/hunter/chipyard/.conda-env/bin/x86_64-conda-linux-gnu-c++ -Os  -I.  -MMD -I/home/hunter/chipyard/.conda-env/share/verilator/include -I/home/hunter/chipyard/.conda-env/share/verilator/include/vltstd -DVM_COVERAGE=0 -DVM_SC=0 -DVM_TRACE=0 -DVM_TRACE_FST=0 -DVM_TRACE_VCD=0 -faligned-new -fcf-protection=none -Wno-bool-operation -Wno-shadow -Wno-sign-compare -Wno-tautological-compare -Wno-uninitialized -Wno-unused-but-set-parameter -Wno-unused-but-set-variable -Wno-unused-parameter -Wno-unused-variable    -O3 -std=c++17 -I/home/hunter/chipyard/.conda-env/riscv-tools/include -I/home/hunter/chipyard/tools/DRAMSim2 -I/home/hunter/chipyard/sims/verilator/generated-src/chipyard.harness.TestHarness.GemminiRocketConfig/gen-collateral   -DVERILATOR -DVL_TIME_CONTEXT   -fcoroutines -include VTestDriver__pch.h.fast -c -o VTestDriver___024root__DepSet_hbb6e3b65__62.o VTestDriver___024root__DepSet_hbb6e3b65__62.cpp
/home/hunter/chipyard/.conda-env/bin/x86_64-conda-linux-gnu-c++ -Os  -I.  -MMD -I/home/hunter/chipyard/.conda-env/share/verilator/include -I/home/hunter/chipyard/.conda-env/share/verilator/include/vltstd -DVM_COVERAGE=0 -DVM_SC=0 -DVM_TRACE=0 -DVM_TRACE_FST=0 -DVM_TRACE_VCD=0 -faligned-new -fcf-protection=none -Wno-bool-operation -Wno-shadow -Wno-sign-compare -Wno-tautological-compare -Wno-uninitialized -Wno-unused-but-set-parameter -Wno-unused-but-set-variable -Wno-unused-parameter -Wno-unused-variable    -O3 -std=c++17 -I/home/hunter/chipyard/.conda-env/riscv-tools/include -I/home/hunter/chipyard/tools/DRAMSim2 -I/home/hunter/chipyard/sims/verilator/generated-src/chipyard.harness.TestHarness.GemminiRocketConfig/gen-collateral   -DVERILATOR -DVL_TIME_CONTEXT   -fcoroutines -include VTestDriver__pch.h.fast -c -o VTestDriver___024root__DepSet_hbb6e3b65__63.o VTestDriver___024root__DepSet_hbb6e3b65__63.cpp
/home/hunter/chipyard/.conda-env/bin/x86_64-conda-linux-gnu-c++ -Os  -I.  -MMD -I/home/hunter/chipyard/.conda-env/share/verilator/include -I/home/hunter/chipyard/.conda-env/share/verilator/include/vltstd -DVM_COVERAGE=0 -DVM_SC=0 -DVM_TRACE=0 -DVM_TRACE_FST=0 -DVM_TRACE_VCD=0 -faligned-new -fcf-protection=none -Wno-bool-operation -Wno-shadow -Wno-sign-compare -Wno-tautological-compare -Wno-uninitialized -Wno-unused-but-set-parameter -Wno-unused-but-set-variable -Wno-unused-parameter -Wno-unused-variable    -O3 -std=c++17 -I/home/hunter/chipyard/.conda-env/riscv-tools/include -I/home/hunter/chipyard/tools/DRAMSim2 -I/home/hunter/chipyard/sims/verilator/generated-src/chipyard.harness.TestHarness.GemminiRocketConfig/gen-collateral   -DVERILATOR -DVL_TIME_CONTEXT   -fcoroutines -include VTestDriver__pch.h.fast -c -o VTestDriver___024root__DepSet_hbb6e3b65__64.o VTestDriver___024root__DepSet_hbb6e3b65__64.cpp
/home/hunter/chipyard/.conda-env/bin/x86_64-conda-linux-gnu-c++ -Os  -I.  -MMD -I/home/hunter/chipyard/.conda-env/share/verilator/include -I/home/hunter/chipyard/.conda-env/share/verilator/include/vltstd -DVM_COVERAGE=0 -DVM_SC=0 -DVM_TRACE=0 -DVM_TRACE_FST=0 -DVM_TRACE_VCD=0 -faligned-new -fcf-protection=none -Wno-bool-operation -Wno-shadow -Wno-sign-compare -Wno-tautological-compare -Wno-uninitialized -Wno-unused-but-set-parameter -Wno-unused-but-set-variable -Wno-unused-parameter -Wno-unused-variable    -O3 -std=c++17 -I/home/hunter/chipyard/.conda-env/riscv-tools/include -I/home/hunter/chipyard/tools/DRAMSim2 -I/home/hunter/chipyard/sims/verilator/generated-src/chipyard.harness.TestHarness.GemminiRocketConfig/gen-collateral   -DVERILATOR -DVL_TIME_CONTEXT   -fcoroutines -include VTestDriver__pch.h.fast -c -o VTestDriver___024root__DepSet_hbb6e3b65__65.o VTestDriver___024root__DepSet_hbb6e3b65__65.cpp
/home/hunter/chipyard/.conda-env/bin/x86_64-conda-linux-gnu-c++ -Os  -I.  -MMD -I/home/hunter/chipyard/.conda-env/share/verilator/include -I/home/hunter/chipyard/.conda-env/share/verilator/include/vltstd -DVM_COVERAGE=0 -DVM_SC=0 -DVM_TRACE=0 -DVM_TRACE_FST=0 -DVM_TRACE_VCD=0 -faligned-new -fcf-protection=none -Wno-bool-operation -Wno-shadow -Wno-sign-compare -Wno-tautological-compare -Wno-uninitialized -Wno-unused-but-set-parameter -Wno-unused-but-set-variable -Wno-unused-parameter -Wno-unused-variable    -O3 -std=c++17 -I/home/hunter/chipyard/.conda-env/riscv-tools/include -I/home/hunter/chipyard/tools/DRAMSim2 -I/home/hunter/chipyard/sims/verilator/generated-src/chipyard.harness.TestHarness.GemminiRocketConfig/gen-collateral   -DVERILATOR -DVL_TIME_CONTEXT   -fcoroutines -include VTestDriver__pch.h.fast -c -o VTestDriver___024root__DepSet_hbb6e3b65__66.o VTestDriver___024root__DepSet_hbb6e3b65__66.cpp
/home/hunter/chipyard/.conda-env/bin/x86_64-conda-linux-gnu-c++ -Os  -I.  -MMD -I/home/hunter/chipyard/.conda-env/share/verilator/include -I/home/hunter/chipyard/.conda-env/share/verilator/include/vltstd -DVM_COVERAGE=0 -DVM_SC=0 -DVM_TRACE=0 -DVM_TRACE_FST=0 -DVM_TRACE_VCD=0 -faligned-new -fcf-protection=none -Wno-bool-operation -Wno-shadow -Wno-sign-compare -Wno-tautological-compare -Wno-uninitialized -Wno-unused-but-set-parameter -Wno-unused-but-set-variable -Wno-unused-parameter -Wno-unused-variable    -O3 -std=c++17 -I/home/hunter/chipyard/.conda-env/riscv-tools/include -I/home/hunter/chipyard/tools/DRAMSim2 -I/home/hunter/chipyard/sims/verilator/generated-src/chipyard.harness.TestHarness.GemminiRocketConfig/gen-collateral   -DVERILATOR -DVL_TIME_CONTEXT   -fcoroutines -include VTestDriver__pch.h.fast -c -o VTestDriver___024root__DepSet_hbb6e3b65__67.o VTestDriver___024root__DepSet_hbb6e3b65__67.cpp
/home/hunter/chipyard/.conda-env/bin/x86_64-conda-linux-gnu-c++ -Os  -I.  -MMD -I/home/hunter/chipyard/.conda-env/share/verilator/include -I/home/hunter/chipyard/.conda-env/share/verilator/include/vltstd -DVM_COVERAGE=0 -DVM_SC=0 -DVM_TRACE=0 -DVM_TRACE_FST=0 -DVM_TRACE_VCD=0 -faligned-new -fcf-protection=none -Wno-bool-operation -Wno-shadow -Wno-sign-compare -Wno-tautological-compare -Wno-uninitialized -Wno-unused-but-set-parameter -Wno-unused-but-set-variable -Wno-unused-parameter -Wno-unused-variable    -O3 -std=c++17 -I/home/hunter/chipyard/.conda-env/riscv-tools/include -I/home/hunter/chipyard/tools/DRAMSim2 -I/home/hunter/chipyard/sims/verilator/generated-src/chipyard.harness.TestHarness.GemminiRocketConfig/gen-collateral   -DVERILATOR -DVL_TIME_CONTEXT   -fcoroutines -include VTestDriver__pch.h.fast -c -o VTestDriver___024root__DepSet_hbb6e3b65__68.o VTestDriver___024root__DepSet_hbb6e3b65__68.cpp
/home/hunter/chipyard/.conda-env/bin/x86_64-conda-linux-gnu-c++ -Os  -I.  -MMD -I/home/hunter/chipyard/.conda-env/share/verilator/include -I/home/hunter/chipyard/.conda-env/share/verilator/include/vltstd -DVM_COVERAGE=0 -DVM_SC=0 -DVM_TRACE=0 -DVM_TRACE_FST=0 -DVM_TRACE_VCD=0 -faligned-new -fcf-protection=none -Wno-bool-operation -Wno-shadow -Wno-sign-compare -Wno-tautological-compare -Wno-uninitialized -Wno-unused-but-set-parameter -Wno-unused-but-set-variable -Wno-unused-parameter -Wno-unused-variable    -O3 -std=c++17 -I/home/hunter/chipyard/.conda-env/riscv-tools/include -I/home/hunter/chipyard/tools/DRAMSim2 -I/home/hunter/chipyard/sims/verilator/generated-src/chipyard.harness.TestHarness.GemminiRocketConfig/gen-collateral   -DVERILATOR -DVL_TIME_CONTEXT   -fcoroutines -include VTestDriver__pch.h.fast -c -o VTestDriver___024root__DepSet_hbb6e3b65__69.o VTestDriver___024root__DepSet_hbb6e3b65__69.cpp
/home/hunter/chipyard/.conda-env/bin/x86_64-conda-linux-gnu-c++ -Os  -I.  -MMD -I/home/hunter/chipyard/.conda-env/share/verilator/include -I/home/hunter/chipyard/.conda-env/share/verilator/include/vltstd -DVM_COVERAGE=0 -DVM_SC=0 -DVM_TRACE=0 -DVM_TRACE_FST=0 -DVM_TRACE_VCD=0 -faligned-new -fcf-protection=none -Wno-bool-operation -Wno-shadow -Wno-sign-compare -Wno-tautological-compare -Wno-uninitialized -Wno-unused-but-set-parameter -Wno-unused-but-set-variable -Wno-unused-parameter -Wno-unused-variable    -O3 -std=c++17 -I/home/hunter/chipyard/.conda-env/riscv-tools/include -I/home/hunter/chipyard/tools/DRAMSim2 -I/home/hunter/chipyard/sims/verilator/generated-src/chipyard.harness.TestHarness.GemminiRocketConfig/gen-collateral   -DVERILATOR -DVL_TIME_CONTEXT   -fcoroutines -include VTestDriver__pch.h.fast -c -o VTestDriver___024root__DepSet_hbb6e3b65__70.o VTestDriver___024root__DepSet_hbb6e3b65__70.cpp
/home/hunter/chipyard/.conda-env/bin/x86_64-conda-linux-gnu-c++ -Os  -I.  -MMD -I/home/hunter/chipyard/.conda-env/share/verilator/include -I/home/hunter/chipyard/.conda-env/share/verilator/include/vltstd -DVM_COVERAGE=0 -DVM_SC=0 -DVM_TRACE=0 -DVM_TRACE_FST=0 -DVM_TRACE_VCD=0 -faligned-new -fcf-protection=none -Wno-bool-operation -Wno-shadow -Wno-sign-compare -Wno-tautological-compare -Wno-uninitialized -Wno-unused-but-set-parameter -Wno-unused-but-set-variable -Wno-unused-parameter -Wno-unused-variable    -O3 -std=c++17 -I/home/hunter/chipyard/.conda-env/riscv-tools/include -I/home/hunter/chipyard/tools/DRAMSim2 -I/home/hunter/chipyard/sims/verilator/generated-src/chipyard.harness.TestHarness.GemminiRocketConfig/gen-collateral   -DVERILATOR -DVL_TIME_CONTEXT   -fcoroutines -include VTestDriver__pch.h.fast -c -o VTestDriver___024root__DepSet_hbb6e3b65__71.o VTestDriver___024root__DepSet_hbb6e3b65__71.cpp
/home/hunter/chipyard/.conda-env/bin/x86_64-conda-linux-gnu-c++ -Os  -I.  -MMD -I/home/hunter/chipyard/.conda-env/share/verilator/include -I/home/hunter/chipyard/.conda-env/share/verilator/include/vltstd -DVM_COVERAGE=0 -DVM_SC=0 -DVM_TRACE=0 -DVM_TRACE_FST=0 -DVM_TRACE_VCD=0 -faligned-new -fcf-protection=none -Wno-bool-operation -Wno-shadow -Wno-sign-compare -Wno-tautological-compare -Wno-uninitialized -Wno-unused-but-set-parameter -Wno-unused-but-set-variable -Wno-unused-parameter -Wno-unused-variable    -O3 -std=c++17 -I/home/hunter/chipyard/.conda-env/riscv-tools/include -I/home/hunter/chipyard/tools/DRAMSim2 -I/home/hunter/chipyard/sims/verilator/generated-src/chipyard.harness.TestHarness.GemminiRocketConfig/gen-collateral   -DVERILATOR -DVL_TIME_CONTEXT   -fcoroutines -include VTestDriver__pch.h.fast -c -o VTestDriver___024root__DepSet_hbb6e3b65__72.o VTestDriver___024root__DepSet_hbb6e3b65__72.cpp
/home/hunter/chipyard/.conda-env/bin/x86_64-conda-linux-gnu-c++ -Os  -I.  -MMD -I/home/hunter/chipyard/.conda-env/share/verilator/include -I/home/hunter/chipyard/.conda-env/share/verilator/include/vltstd -DVM_COVERAGE=0 -DVM_SC=0 -DVM_TRACE=0 -DVM_TRACE_FST=0 -DVM_TRACE_VCD=0 -faligned-new -fcf-protection=none -Wno-bool-operation -Wno-shadow -Wno-sign-compare -Wno-tautological-compare -Wno-uninitialized -Wno-unused-but-set-parameter -Wno-unused-but-set-variable -Wno-unused-parameter -Wno-unused-variable    -O3 -std=c++17 -I/home/hunter/chipyard/.conda-env/riscv-tools/include -I/home/hunter/chipyard/tools/DRAMSim2 -I/home/hunter/chipyard/sims/verilator/generated-src/chipyard.harness.TestHarness.GemminiRocketConfig/gen-collateral   -DVERILATOR -DVL_TIME_CONTEXT   -fcoroutines -include VTestDriver__pch.h.fast -c -o VTestDriver___024root__DepSet_hbb6e3b65__73.o VTestDriver___024root__DepSet_hbb6e3b65__73.cpp
/home/hunter/chipyard/.conda-env/bin/x86_64-conda-linux-gnu-c++ -Os  -I.  -MMD -I/home/hunter/chipyard/.conda-env/share/verilator/include -I/home/hunter/chipyard/.conda-env/share/verilator/include/vltstd -DVM_COVERAGE=0 -DVM_SC=0 -DVM_TRACE=0 -DVM_TRACE_FST=0 -DVM_TRACE_VCD=0 -faligned-new -fcf-protection=none -Wno-bool-operation -Wno-shadow -Wno-sign-compare -Wno-tautological-compare -Wno-uninitialized -Wno-unused-but-set-parameter -Wno-unused-but-set-variable -Wno-unused-parameter -Wno-unused-variable    -O3 -std=c++17 -I/home/hunter/chipyard/.conda-env/riscv-tools/include -I/home/hunter/chipyard/tools/DRAMSim2 -I/home/hunter/chipyard/sims/verilator/generated-src/chipyard.harness.TestHarness.GemminiRocketConfig/gen-collateral   -DVERILATOR -DVL_TIME_CONTEXT   -fcoroutines -include VTestDriver__pch.h.fast -c -o VTestDriver___024unit__DepSet_hf172cd27__0.o VTestDriver___024unit__DepSet_hf172cd27__0.cpp
/home/hunter/chipyard/.conda-env/bin/x86_64-conda-linux-gnu-c++ -Os  -I.  -MMD -I/home/hunter/chipyard/.conda-env/share/verilator/include -I/home/hunter/chipyard/.conda-env/share/verilator/include/vltstd -DVM_COVERAGE=0 -DVM_SC=0 -DVM_TRACE=0 -DVM_TRACE_FST=0 -DVM_TRACE_VCD=0 -faligned-new -fcf-protection=none -Wno-bool-operation -Wno-shadow -Wno-sign-compare -Wno-tautological-compare -Wno-uninitialized -Wno-unused-but-set-parameter -Wno-unused-but-set-variable -Wno-unused-parameter -Wno-unused-variable    -O3 -std=c++17 -I/home/hunter/chipyard/.conda-env/riscv-tools/include -I/home/hunter/chipyard/tools/DRAMSim2 -I/home/hunter/chipyard/sims/verilator/generated-src/chipyard.harness.TestHarness.GemminiRocketConfig/gen-collateral   -DVERILATOR -DVL_TIME_CONTEXT   -fcoroutines -include VTestDriver__pch.h.fast -c -o VTestDriver__main.o VTestDriver__main.cpp
/home/hunter/chipyard/.conda-env/bin/x86_64-conda-linux-gnu-c++ -Os  -I.  -MMD -I/home/hunter/chipyard/.conda-env/share/verilator/include -I/home/hunter/chipyard/.conda-env/share/verilator/include/vltstd -DVM_COVERAGE=0 -DVM_SC=0 -DVM_TRACE=0 -DVM_TRACE_FST=0 -DVM_TRACE_VCD=0 -faligned-new -fcf-protection=none -Wno-bool-operation -Wno-shadow -Wno-sign-compare -Wno-tautological-compare -Wno-uninitialized -Wno-unused-but-set-parameter -Wno-unused-but-set-variable -Wno-unused-parameter -Wno-unused-variable    -O3 -std=c++17 -I/home/hunter/chipyard/.conda-env/riscv-tools/include -I/home/hunter/chipyard/tools/DRAMSim2 -I/home/hunter/chipyard/sims/verilator/generated-src/chipyard.harness.TestHarness.GemminiRocketConfig/gen-collateral   -DVERILATOR -DVL_TIME_CONTEXT   -fcoroutines -include VTestDriver__pch.h.fast -c -o VTestDriver__Dpi.o VTestDriver__Dpi.cpp
/home/hunter/chipyard/.conda-env/bin/x86_64-conda-linux-gnu-c++   -I.  -MMD -I/home/hunter/chipyard/.conda-env/share/verilator/include -I/home/hunter/chipyard/.conda-env/share/verilator/include/vltstd -DVM_COVERAGE=0 -DVM_SC=0 -DVM_TRACE=0 -DVM_TRACE_FST=0 -DVM_TRACE_VCD=0 -faligned-new -fcf-protection=none -Wno-bool-operation -Wno-shadow -Wno-sign-compare -Wno-tautological-compare -Wno-uninitialized -Wno-unused-but-set-parameter -Wno-unused-but-set-variable -Wno-unused-parameter -Wno-unused-variable    -O3 -std=c++17 -I/home/hunter/chipyard/.conda-env/riscv-tools/include -I/home/hunter/chipyard/tools/DRAMSim2 -I/home/hunter/chipyard/sims/verilator/generated-src/chipyard.harness.TestHarness.GemminiRocketConfig/gen-collateral   -DVERILATOR -DVL_TIME_CONTEXT   -fcoroutines -include VTestDriver__pch.h.slow -c -o VTestDriver__ConstPool_0.o VTestDriver__ConstPool_0.cpp
/home/hunter/chipyard/.conda-env/bin/x86_64-conda-linux-gnu-c++   -I.  -MMD -I/home/hunter/chipyard/.conda-env/share/verilator/include -I/home/hunter/chipyard/.conda-env/share/verilator/include/vltstd -DVM_COVERAGE=0 -DVM_SC=0 -DVM_TRACE=0 -DVM_TRACE_FST=0 -DVM_TRACE_VCD=0 -faligned-new -fcf-protection=none -Wno-bool-operation -Wno-shadow -Wno-sign-compare -Wno-tautological-compare -Wno-uninitialized -Wno-unused-but-set-parameter -Wno-unused-but-set-variable -Wno-unused-parameter -Wno-unused-variable    -O3 -std=c++17 -I/home/hunter/chipyard/.conda-env/riscv-tools/include -I/home/hunter/chipyard/tools/DRAMSim2 -I/home/hunter/chipyard/sims/verilator/generated-src/chipyard.harness.TestHarness.GemminiRocketConfig/gen-collateral   -DVERILATOR -DVL_TIME_CONTEXT   -fcoroutines -include VTestDriver__pch.h.slow -c -o VTestDriver___024root__Slow.o VTestDriver___024root__Slow.cpp
/home/hunter/chipyard/.conda-env/bin/x86_64-conda-linux-gnu-c++   -I.  -MMD -I/home/hunter/chipyard/.conda-env/share/verilator/include -I/home/hunter/chipyard/.conda-env/share/verilator/include/vltstd -DVM_COVERAGE=0 -DVM_SC=0 -DVM_TRACE=0 -DVM_TRACE_FST=0 -DVM_TRACE_VCD=0 -faligned-new -fcf-protection=none -Wno-bool-operation -Wno-shadow -Wno-sign-compare -Wno-tautological-compare -Wno-uninitialized -Wno-unused-but-set-parameter -Wno-unused-but-set-variable -Wno-unused-parameter -Wno-unused-variable    -O3 -std=c++17 -I/home/hunter/chipyard/.conda-env/riscv-tools/include -I/home/hunter/chipyard/tools/DRAMSim2 -I/home/hunter/chipyard/sims/verilator/generated-src/chipyard.harness.TestHarness.GemminiRocketConfig/gen-collateral   -DVERILATOR -DVL_TIME_CONTEXT   -fcoroutines -include VTestDriver__pch.h.slow -c -o VTestDriver___024root__DepSet_h662e1026__0__Slow.o VTestDriver___024root__DepSet_h662e1026__0__Slow.cpp
/home/hunter/chipyard/.conda-env/bin/x86_64-conda-linux-gnu-c++   -I.  -MMD -I/home/hunter/chipyard/.conda-env/share/verilator/include -I/home/hunter/chipyard/.conda-env/share/verilator/include/vltstd -DVM_COVERAGE=0 -DVM_SC=0 -DVM_TRACE=0 -DVM_TRACE_FST=0 -DVM_TRACE_VCD=0 -faligned-new -fcf-protection=none -Wno-bool-operation -Wno-shadow -Wno-sign-compare -Wno-tautological-compare -Wno-uninitialized -Wno-unused-but-set-parameter -Wno-unused-but-set-variable -Wno-unused-parameter -Wno-unused-variable    -O3 -std=c++17 -I/home/hunter/chipyard/.conda-env/riscv-tools/include -I/home/hunter/chipyard/tools/DRAMSim2 -I/home/hunter/chipyard/sims/verilator/generated-src/chipyard.harness.TestHarness.GemminiRocketConfig/gen-collateral   -DVERILATOR -DVL_TIME_CONTEXT   -fcoroutines -include VTestDriver__pch.h.slow -c -o VTestDriver___024root__DepSet_hbb6e3b65__0__Slow.o VTestDriver___024root__DepSet_hbb6e3b65__0__Slow.cpp
/home/hunter/chipyard/.conda-env/bin/x86_64-conda-linux-gnu-c++   -I.  -MMD -I/home/hunter/chipyard/.conda-env/share/verilator/include -I/home/hunter/chipyard/.conda-env/share/verilator/include/vltstd -DVM_COVERAGE=0 -DVM_SC=0 -DVM_TRACE=0 -DVM_TRACE_FST=0 -DVM_TRACE_VCD=0 -faligned-new -fcf-protection=none -Wno-bool-operation -Wno-shadow -Wno-sign-compare -Wno-tautological-compare -Wno-uninitialized -Wno-unused-but-set-parameter -Wno-unused-but-set-variable -Wno-unused-parameter -Wno-unused-variable    -O3 -std=c++17 -I/home/hunter/chipyard/.conda-env/riscv-tools/include -I/home/hunter/chipyard/tools/DRAMSim2 -I/home/hunter/chipyard/sims/verilator/generated-src/chipyard.harness.TestHarness.GemminiRocketConfig/gen-collateral   -DVERILATOR -DVL_TIME_CONTEXT   -fcoroutines -include VTestDriver__pch.h.slow -c -o VTestDriver___024root__DepSet_hbb6e3b65__1__Slow.o VTestDriver___024root__DepSet_hbb6e3b65__1__Slow.cpp
/home/hunter/chipyard/.conda-env/bin/x86_64-conda-linux-gnu-c++   -I.  -MMD -I/home/hunter/chipyard/.conda-env/share/verilator/include -I/home/hunter/chipyard/.conda-env/share/verilator/include/vltstd -DVM_COVERAGE=0 -DVM_SC=0 -DVM_TRACE=0 -DVM_TRACE_FST=0 -DVM_TRACE_VCD=0 -faligned-new -fcf-protection=none -Wno-bool-operation -Wno-shadow -Wno-sign-compare -Wno-tautological-compare -Wno-uninitialized -Wno-unused-but-set-parameter -Wno-unused-but-set-variable -Wno-unused-parameter -Wno-unused-variable    -O3 -std=c++17 -I/home/hunter/chipyard/.conda-env/riscv-tools/include -I/home/hunter/chipyard/tools/DRAMSim2 -I/home/hunter/chipyard/sims/verilator/generated-src/chipyard.harness.TestHarness.GemminiRocketConfig/gen-collateral   -DVERILATOR -DVL_TIME_CONTEXT   -fcoroutines -include VTestDriver__pch.h.slow -c -o VTestDriver___024root__DepSet_hbb6e3b65__2__Slow.o VTestDriver___024root__DepSet_hbb6e3b65__2__Slow.cpp
/home/hunter/chipyard/.conda-env/bin/x86_64-conda-linux-gnu-c++   -I.  -MMD -I/home/hunter/chipyard/.conda-env/share/verilator/include -I/home/hunter/chipyard/.conda-env/share/verilator/include/vltstd -DVM_COVERAGE=0 -DVM_SC=0 -DVM_TRACE=0 -DVM_TRACE_FST=0 -DVM_TRACE_VCD=0 -faligned-new -fcf-protection=none -Wno-bool-operation -Wno-shadow -Wno-sign-compare -Wno-tautological-compare -Wno-uninitialized -Wno-unused-but-set-parameter -Wno-unused-but-set-variable -Wno-unused-parameter -Wno-unused-variable    -O3 -std=c++17 -I/home/hunter/chipyard/.conda-env/riscv-tools/include -I/home/hunter/chipyard/tools/DRAMSim2 -I/home/hunter/chipyard/sims/verilator/generated-src/chipyard.harness.TestHarness.GemminiRocketConfig/gen-collateral   -DVERILATOR -DVL_TIME_CONTEXT   -fcoroutines -include VTestDriver__pch.h.slow -c -o VTestDriver___024root__DepSet_hbb6e3b65__3__Slow.o VTestDriver___024root__DepSet_hbb6e3b65__3__Slow.cpp
/home/hunter/chipyard/.conda-env/bin/x86_64-conda-linux-gnu-c++   -I.  -MMD -I/home/hunter/chipyard/.conda-env/share/verilator/include -I/home/hunter/chipyard/.conda-env/share/verilator/include/vltstd -DVM_COVERAGE=0 -DVM_SC=0 -DVM_TRACE=0 -DVM_TRACE_FST=0 -DVM_TRACE_VCD=0 -faligned-new -fcf-protection=none -Wno-bool-operation -Wno-shadow -Wno-sign-compare -Wno-tautological-compare -Wno-uninitialized -Wno-unused-but-set-parameter -Wno-unused-but-set-variable -Wno-unused-parameter -Wno-unused-variable    -O3 -std=c++17 -I/home/hunter/chipyard/.conda-env/riscv-tools/include -I/home/hunter/chipyard/tools/DRAMSim2 -I/home/hunter/chipyard/sims/verilator/generated-src/chipyard.harness.TestHarness.GemminiRocketConfig/gen-collateral   -DVERILATOR -DVL_TIME_CONTEXT   -fcoroutines -include VTestDriver__pch.h.slow -c -o VTestDriver___024root__DepSet_hbb6e3b65__4__Slow.o VTestDriver___024root__DepSet_hbb6e3b65__4__Slow.cpp
/home/hunter/chipyard/.conda-env/bin/x86_64-conda-linux-gnu-c++   -I.  -MMD -I/home/hunter/chipyard/.conda-env/share/verilator/include -I/home/hunter/chipyard/.conda-env/share/verilator/include/vltstd -DVM_COVERAGE=0 -DVM_SC=0 -DVM_TRACE=0 -DVM_TRACE_FST=0 -DVM_TRACE_VCD=0 -faligned-new -fcf-protection=none -Wno-bool-operation -Wno-shadow -Wno-sign-compare -Wno-tautological-compare -Wno-uninitialized -Wno-unused-but-set-parameter -Wno-unused-but-set-variable -Wno-unused-parameter -Wno-unused-variable    -O3 -std=c++17 -I/home/hunter/chipyard/.conda-env/riscv-tools/include -I/home/hunter/chipyard/tools/DRAMSim2 -I/home/hunter/chipyard/sims/verilator/generated-src/chipyard.harness.TestHarness.GemminiRocketConfig/gen-collateral   -DVERILATOR -DVL_TIME_CONTEXT   -fcoroutines -include VTestDriver__pch.h.slow -c -o VTestDriver___024root__DepSet_hbb6e3b65__5__Slow.o VTestDriver___024root__DepSet_hbb6e3b65__5__Slow.cpp
/home/hunter/chipyard/.conda-env/bin/x86_64-conda-linux-gnu-c++   -I.  -MMD -I/home/hunter/chipyard/.conda-env/share/verilator/include -I/home/hunter/chipyard/.conda-env/share/verilator/include/vltstd -DVM_COVERAGE=0 -DVM_SC=0 -DVM_TRACE=0 -DVM_TRACE_FST=0 -DVM_TRACE_VCD=0 -faligned-new -fcf-protection=none -Wno-bool-operation -Wno-shadow -Wno-sign-compare -Wno-tautological-compare -Wno-uninitialized -Wno-unused-but-set-parameter -Wno-unused-but-set-variable -Wno-unused-parameter -Wno-unused-variable    -O3 -std=c++17 -I/home/hunter/chipyard/.conda-env/riscv-tools/include -I/home/hunter/chipyard/tools/DRAMSim2 -I/home/hunter/chipyard/sims/verilator/generated-src/chipyard.harness.TestHarness.GemminiRocketConfig/gen-collateral   -DVERILATOR -DVL_TIME_CONTEXT   -fcoroutines -include VTestDriver__pch.h.slow -c -o VTestDriver___024root__DepSet_hbb6e3b65__6__Slow.o VTestDriver___024root__DepSet_hbb6e3b65__6__Slow.cpp
/home/hunter/chipyard/.conda-env/bin/x86_64-conda-linux-gnu-c++   -I.  -MMD -I/home/hunter/chipyard/.conda-env/share/verilator/include -I/home/hunter/chipyard/.conda-env/share/verilator/include/vltstd -DVM_COVERAGE=0 -DVM_SC=0 -DVM_TRACE=0 -DVM_TRACE_FST=0 -DVM_TRACE_VCD=0 -faligned-new -fcf-protection=none -Wno-bool-operation -Wno-shadow -Wno-sign-compare -Wno-tautological-compare -Wno-uninitialized -Wno-unused-but-set-parameter -Wno-unused-but-set-variable -Wno-unused-parameter -Wno-unused-variable    -O3 -std=c++17 -I/home/hunter/chipyard/.conda-env/riscv-tools/include -I/home/hunter/chipyard/tools/DRAMSim2 -I/home/hunter/chipyard/sims/verilator/generated-src/chipyard.harness.TestHarness.GemminiRocketConfig/gen-collateral   -DVERILATOR -DVL_TIME_CONTEXT   -fcoroutines -include VTestDriver__pch.h.slow -c -o VTestDriver___024root__DepSet_hbb6e3b65__7__Slow.o VTestDriver___024root__DepSet_hbb6e3b65__7__Slow.cpp
/home/hunter/chipyard/.conda-env/bin/x86_64-conda-linux-gnu-c++   -I.  -MMD -I/home/hunter/chipyard/.conda-env/share/verilator/include -I/home/hunter/chipyard/.conda-env/share/verilator/include/vltstd -DVM_COVERAGE=0 -DVM_SC=0 -DVM_TRACE=0 -DVM_TRACE_FST=0 -DVM_TRACE_VCD=0 -faligned-new -fcf-protection=none -Wno-bool-operation -Wno-shadow -Wno-sign-compare -Wno-tautological-compare -Wno-uninitialized -Wno-unused-but-set-parameter -Wno-unused-but-set-variable -Wno-unused-parameter -Wno-unused-variable    -O3 -std=c++17 -I/home/hunter/chipyard/.conda-env/riscv-tools/include -I/home/hunter/chipyard/tools/DRAMSim2 -I/home/hunter/chipyard/sims/verilator/generated-src/chipyard.harness.TestHarness.GemminiRocketConfig/gen-collateral   -DVERILATOR -DVL_TIME_CONTEXT   -fcoroutines -include VTestDriver__pch.h.slow -c -o VTestDriver___024root__DepSet_hbb6e3b65__8__Slow.o VTestDriver___024root__DepSet_hbb6e3b65__8__Slow.cpp
/home/hunter/chipyard/.conda-env/bin/x86_64-conda-linux-gnu-c++   -I.  -MMD -I/home/hunter/chipyard/.conda-env/share/verilator/include -I/home/hunter/chipyard/.conda-env/share/verilator/include/vltstd -DVM_COVERAGE=0 -DVM_SC=0 -DVM_TRACE=0 -DVM_TRACE_FST=0 -DVM_TRACE_VCD=0 -faligned-new -fcf-protection=none -Wno-bool-operation -Wno-shadow -Wno-sign-compare -Wno-tautological-compare -Wno-uninitialized -Wno-unused-but-set-parameter -Wno-unused-but-set-variable -Wno-unused-parameter -Wno-unused-variable    -O3 -std=c++17 -I/home/hunter/chipyard/.conda-env/riscv-tools/include -I/home/hunter/chipyard/tools/DRAMSim2 -I/home/hunter/chipyard/sims/verilator/generated-src/chipyard.harness.TestHarness.GemminiRocketConfig/gen-collateral   -DVERILATOR -DVL_TIME_CONTEXT   -fcoroutines -include VTestDriver__pch.h.slow -c -o VTestDriver___024root__DepSet_hbb6e3b65__9__Slow.o VTestDriver___024root__DepSet_hbb6e3b65__9__Slow.cpp
/home/hunter/chipyard/.conda-env/bin/x86_64-conda-linux-gnu-c++   -I.  -MMD -I/home/hunter/chipyard/.conda-env/share/verilator/include -I/home/hunter/chipyard/.conda-env/share/verilator/include/vltstd -DVM_COVERAGE=0 -DVM_SC=0 -DVM_TRACE=0 -DVM_TRACE_FST=0 -DVM_TRACE_VCD=0 -faligned-new -fcf-protection=none -Wno-bool-operation -Wno-shadow -Wno-sign-compare -Wno-tautological-compare -Wno-uninitialized -Wno-unused-but-set-parameter -Wno-unused-but-set-variable -Wno-unused-parameter -Wno-unused-variable    -O3 -std=c++17 -I/home/hunter/chipyard/.conda-env/riscv-tools/include -I/home/hunter/chipyard/tools/DRAMSim2 -I/home/hunter/chipyard/sims/verilator/generated-src/chipyard.harness.TestHarness.GemminiRocketConfig/gen-collateral   -DVERILATOR -DVL_TIME_CONTEXT   -fcoroutines -include VTestDriver__pch.h.slow -c -o VTestDriver___024root__DepSet_hbb6e3b65__10__Slow.o VTestDriver___024root__DepSet_hbb6e3b65__10__Slow.cpp
/home/hunter/chipyard/.conda-env/bin/x86_64-conda-linux-gnu-c++   -I.  -MMD -I/home/hunter/chipyard/.conda-env/share/verilator/include -I/home/hunter/chipyard/.conda-env/share/verilator/include/vltstd -DVM_COVERAGE=0 -DVM_SC=0 -DVM_TRACE=0 -DVM_TRACE_FST=0 -DVM_TRACE_VCD=0 -faligned-new -fcf-protection=none -Wno-bool-operation -Wno-shadow -Wno-sign-compare -Wno-tautological-compare -Wno-uninitialized -Wno-unused-but-set-parameter -Wno-unused-but-set-variable -Wno-unused-parameter -Wno-unused-variable    -O3 -std=c++17 -I/home/hunter/chipyard/.conda-env/riscv-tools/include -I/home/hunter/chipyard/tools/DRAMSim2 -I/home/hunter/chipyard/sims/verilator/generated-src/chipyard.harness.TestHarness.GemminiRocketConfig/gen-collateral   -DVERILATOR -DVL_TIME_CONTEXT   -fcoroutines -include VTestDriver__pch.h.slow -c -o VTestDriver___024root__DepSet_hbb6e3b65__11__Slow.o VTestDriver___024root__DepSet_hbb6e3b65__11__Slow.cpp
/home/hunter/chipyard/.conda-env/bin/x86_64-conda-linux-gnu-c++   -I.  -MMD -I/home/hunter/chipyard/.conda-env/share/verilator/include -I/home/hunter/chipyard/.conda-env/share/verilator/include/vltstd -DVM_COVERAGE=0 -DVM_SC=0 -DVM_TRACE=0 -DVM_TRACE_FST=0 -DVM_TRACE_VCD=0 -faligned-new -fcf-protection=none -Wno-bool-operation -Wno-shadow -Wno-sign-compare -Wno-tautological-compare -Wno-uninitialized -Wno-unused-but-set-parameter -Wno-unused-but-set-variable -Wno-unused-parameter -Wno-unused-variable    -O3 -std=c++17 -I/home/hunter/chipyard/.conda-env/riscv-tools/include -I/home/hunter/chipyard/tools/DRAMSim2 -I/home/hunter/chipyard/sims/verilator/generated-src/chipyard.harness.TestHarness.GemminiRocketConfig/gen-collateral   -DVERILATOR -DVL_TIME_CONTEXT   -fcoroutines -include VTestDriver__pch.h.slow -c -o VTestDriver___024root__DepSet_hbb6e3b65__12__Slow.o VTestDriver___024root__DepSet_hbb6e3b65__12__Slow.cpp
/home/hunter/chipyard/.conda-env/bin/x86_64-conda-linux-gnu-c++   -I.  -MMD -I/home/hunter/chipyard/.conda-env/share/verilator/include -I/home/hunter/chipyard/.conda-env/share/verilator/include/vltstd -DVM_COVERAGE=0 -DVM_SC=0 -DVM_TRACE=0 -DVM_TRACE_FST=0 -DVM_TRACE_VCD=0 -faligned-new -fcf-protection=none -Wno-bool-operation -Wno-shadow -Wno-sign-compare -Wno-tautological-compare -Wno-uninitialized -Wno-unused-but-set-parameter -Wno-unused-but-set-variable -Wno-unused-parameter -Wno-unused-variable    -O3 -std=c++17 -I/home/hunter/chipyard/.conda-env/riscv-tools/include -I/home/hunter/chipyard/tools/DRAMSim2 -I/home/hunter/chipyard/sims/verilator/generated-src/chipyard.harness.TestHarness.GemminiRocketConfig/gen-collateral   -DVERILATOR -DVL_TIME_CONTEXT   -fcoroutines -include VTestDriver__pch.h.slow -c -o VTestDriver___024root__DepSet_hbb6e3b65__13__Slow.o VTestDriver___024root__DepSet_hbb6e3b65__13__Slow.cpp
/home/hunter/chipyard/.conda-env/bin/x86_64-conda-linux-gnu-c++   -I.  -MMD -I/home/hunter/chipyard/.conda-env/share/verilator/include -I/home/hunter/chipyard/.conda-env/share/verilator/include/vltstd -DVM_COVERAGE=0 -DVM_SC=0 -DVM_TRACE=0 -DVM_TRACE_FST=0 -DVM_TRACE_VCD=0 -faligned-new -fcf-protection=none -Wno-bool-operation -Wno-shadow -Wno-sign-compare -Wno-tautological-compare -Wno-uninitialized -Wno-unused-but-set-parameter -Wno-unused-but-set-variable -Wno-unused-parameter -Wno-unused-variable    -O3 -std=c++17 -I/home/hunter/chipyard/.conda-env/riscv-tools/include -I/home/hunter/chipyard/tools/DRAMSim2 -I/home/hunter/chipyard/sims/verilator/generated-src/chipyard.harness.TestHarness.GemminiRocketConfig/gen-collateral   -DVERILATOR -DVL_TIME_CONTEXT   -fcoroutines -include VTestDriver__pch.h.slow -c -o VTestDriver___024root__DepSet_hbb6e3b65__14__Slow.o VTestDriver___024root__DepSet_hbb6e3b65__14__Slow.cpp
/home/hunter/chipyard/.conda-env/bin/x86_64-conda-linux-gnu-c++   -I.  -MMD -I/home/hunter/chipyard/.conda-env/share/verilator/include -I/home/hunter/chipyard/.conda-env/share/verilator/include/vltstd -DVM_COVERAGE=0 -DVM_SC=0 -DVM_TRACE=0 -DVM_TRACE_FST=0 -DVM_TRACE_VCD=0 -faligned-new -fcf-protection=none -Wno-bool-operation -Wno-shadow -Wno-sign-compare -Wno-tautological-compare -Wno-uninitialized -Wno-unused-but-set-parameter -Wno-unused-but-set-variable -Wno-unused-parameter -Wno-unused-variable    -O3 -std=c++17 -I/home/hunter/chipyard/.conda-env/riscv-tools/include -I/home/hunter/chipyard/tools/DRAMSim2 -I/home/hunter/chipyard/sims/verilator/generated-src/chipyard.harness.TestHarness.GemminiRocketConfig/gen-collateral   -DVERILATOR -DVL_TIME_CONTEXT   -fcoroutines -include VTestDriver__pch.h.slow -c -o VTestDriver___024root__DepSet_hbb6e3b65__15__Slow.o VTestDriver___024root__DepSet_hbb6e3b65__15__Slow.cpp
/home/hunter/chipyard/.conda-env/bin/x86_64-conda-linux-gnu-c++   -I.  -MMD -I/home/hunter/chipyard/.conda-env/share/verilator/include -I/home/hunter/chipyard/.conda-env/share/verilator/include/vltstd -DVM_COVERAGE=0 -DVM_SC=0 -DVM_TRACE=0 -DVM_TRACE_FST=0 -DVM_TRACE_VCD=0 -faligned-new -fcf-protection=none -Wno-bool-operation -Wno-shadow -Wno-sign-compare -Wno-tautological-compare -Wno-uninitialized -Wno-unused-but-set-parameter -Wno-unused-but-set-variable -Wno-unused-parameter -Wno-unused-variable    -O3 -std=c++17 -I/home/hunter/chipyard/.conda-env/riscv-tools/include -I/home/hunter/chipyard/tools/DRAMSim2 -I/home/hunter/chipyard/sims/verilator/generated-src/chipyard.harness.TestHarness.GemminiRocketConfig/gen-collateral   -DVERILATOR -DVL_TIME_CONTEXT   -fcoroutines -include VTestDriver__pch.h.slow -c -o VTestDriver___024root__DepSet_hbb6e3b65__16__Slow.o VTestDriver___024root__DepSet_hbb6e3b65__16__Slow.cpp
/home/hunter/chipyard/.conda-env/bin/x86_64-conda-linux-gnu-c++   -I.  -MMD -I/home/hunter/chipyard/.conda-env/share/verilator/include -I/home/hunter/chipyard/.conda-env/share/verilator/include/vltstd -DVM_COVERAGE=0 -DVM_SC=0 -DVM_TRACE=0 -DVM_TRACE_FST=0 -DVM_TRACE_VCD=0 -faligned-new -fcf-protection=none -Wno-bool-operation -Wno-shadow -Wno-sign-compare -Wno-tautological-compare -Wno-uninitialized -Wno-unused-but-set-parameter -Wno-unused-but-set-variable -Wno-unused-parameter -Wno-unused-variable    -O3 -std=c++17 -I/home/hunter/chipyard/.conda-env/riscv-tools/include -I/home/hunter/chipyard/tools/DRAMSim2 -I/home/hunter/chipyard/sims/verilator/generated-src/chipyard.harness.TestHarness.GemminiRocketConfig/gen-collateral   -DVERILATOR -DVL_TIME_CONTEXT   -fcoroutines -include VTestDriver__pch.h.slow -c -o VTestDriver___024root__DepSet_hbb6e3b65__17__Slow.o VTestDriver___024root__DepSet_hbb6e3b65__17__Slow.cpp
/home/hunter/chipyard/.conda-env/bin/x86_64-conda-linux-gnu-c++   -I.  -MMD -I/home/hunter/chipyard/.conda-env/share/verilator/include -I/home/hunter/chipyard/.conda-env/share/verilator/include/vltstd -DVM_COVERAGE=0 -DVM_SC=0 -DVM_TRACE=0 -DVM_TRACE_FST=0 -DVM_TRACE_VCD=0 -faligned-new -fcf-protection=none -Wno-bool-operation -Wno-shadow -Wno-sign-compare -Wno-tautological-compare -Wno-uninitialized -Wno-unused-but-set-parameter -Wno-unused-but-set-variable -Wno-unused-parameter -Wno-unused-variable    -O3 -std=c++17 -I/home/hunter/chipyard/.conda-env/riscv-tools/include -I/home/hunter/chipyard/tools/DRAMSim2 -I/home/hunter/chipyard/sims/verilator/generated-src/chipyard.harness.TestHarness.GemminiRocketConfig/gen-collateral   -DVERILATOR -DVL_TIME_CONTEXT   -fcoroutines -include VTestDriver__pch.h.slow -c -o VTestDriver___024root__DepSet_hbb6e3b65__18__Slow.o VTestDriver___024root__DepSet_hbb6e3b65__18__Slow.cpp
/home/hunter/chipyard/.conda-env/bin/x86_64-conda-linux-gnu-c++   -I.  -MMD -I/home/hunter/chipyard/.conda-env/share/verilator/include -I/home/hunter/chipyard/.conda-env/share/verilator/include/vltstd -DVM_COVERAGE=0 -DVM_SC=0 -DVM_TRACE=0 -DVM_TRACE_FST=0 -DVM_TRACE_VCD=0 -faligned-new -fcf-protection=none -Wno-bool-operation -Wno-shadow -Wno-sign-compare -Wno-tautological-compare -Wno-uninitialized -Wno-unused-but-set-parameter -Wno-unused-but-set-variable -Wno-unused-parameter -Wno-unused-variable    -O3 -std=c++17 -I/home/hunter/chipyard/.conda-env/riscv-tools/include -I/home/hunter/chipyard/tools/DRAMSim2 -I/home/hunter/chipyard/sims/verilator/generated-src/chipyard.harness.TestHarness.GemminiRocketConfig/gen-collateral   -DVERILATOR -DVL_TIME_CONTEXT   -fcoroutines -include VTestDriver__pch.h.slow -c -o VTestDriver___024root__DepSet_hbb6e3b65__19__Slow.o VTestDriver___024root__DepSet_hbb6e3b65__19__Slow.cpp
/home/hunter/chipyard/.conda-env/bin/x86_64-conda-linux-gnu-c++   -I.  -MMD -I/home/hunter/chipyard/.conda-env/share/verilator/include -I/home/hunter/chipyard/.conda-env/share/verilator/include/vltstd -DVM_COVERAGE=0 -DVM_SC=0 -DVM_TRACE=0 -DVM_TRACE_FST=0 -DVM_TRACE_VCD=0 -faligned-new -fcf-protection=none -Wno-bool-operation -Wno-shadow -Wno-sign-compare -Wno-tautological-compare -Wno-uninitialized -Wno-unused-but-set-parameter -Wno-unused-but-set-variable -Wno-unused-parameter -Wno-unused-variable    -O3 -std=c++17 -I/home/hunter/chipyard/.conda-env/riscv-tools/include -I/home/hunter/chipyard/tools/DRAMSim2 -I/home/hunter/chipyard/sims/verilator/generated-src/chipyard.harness.TestHarness.GemminiRocketConfig/gen-collateral   -DVERILATOR -DVL_TIME_CONTEXT   -fcoroutines -include VTestDriver__pch.h.slow -c -o VTestDriver___024root__DepSet_hbb6e3b65__20__Slow.o VTestDriver___024root__DepSet_hbb6e3b65__20__Slow.cpp
/home/hunter/chipyard/.conda-env/bin/x86_64-conda-linux-gnu-c++   -I.  -MMD -I/home/hunter/chipyard/.conda-env/share/verilator/include -I/home/hunter/chipyard/.conda-env/share/verilator/include/vltstd -DVM_COVERAGE=0 -DVM_SC=0 -DVM_TRACE=0 -DVM_TRACE_FST=0 -DVM_TRACE_VCD=0 -faligned-new -fcf-protection=none -Wno-bool-operation -Wno-shadow -Wno-sign-compare -Wno-tautological-compare -Wno-uninitialized -Wno-unused-but-set-parameter -Wno-unused-but-set-variable -Wno-unused-parameter -Wno-unused-variable    -O3 -std=c++17 -I/home/hunter/chipyard/.conda-env/riscv-tools/include -I/home/hunter/chipyard/tools/DRAMSim2 -I/home/hunter/chipyard/sims/verilator/generated-src/chipyard.harness.TestHarness.GemminiRocketConfig/gen-collateral   -DVERILATOR -DVL_TIME_CONTEXT   -fcoroutines -include VTestDriver__pch.h.slow -c -o VTestDriver___024root__DepSet_hbb6e3b65__21__Slow.o VTestDriver___024root__DepSet_hbb6e3b65__21__Slow.cpp
/home/hunter/chipyard/.conda-env/bin/x86_64-conda-linux-gnu-c++   -I.  -MMD -I/home/hunter/chipyard/.conda-env/share/verilator/include -I/home/hunter/chipyard/.conda-env/share/verilator/include/vltstd -DVM_COVERAGE=0 -DVM_SC=0 -DVM_TRACE=0 -DVM_TRACE_FST=0 -DVM_TRACE_VCD=0 -faligned-new -fcf-protection=none -Wno-bool-operation -Wno-shadow -Wno-sign-compare -Wno-tautological-compare -Wno-uninitialized -Wno-unused-but-set-parameter -Wno-unused-but-set-variable -Wno-unused-parameter -Wno-unused-variable    -O3 -std=c++17 -I/home/hunter/chipyard/.conda-env/riscv-tools/include -I/home/hunter/chipyard/tools/DRAMSim2 -I/home/hunter/chipyard/sims/verilator/generated-src/chipyard.harness.TestHarness.GemminiRocketConfig/gen-collateral   -DVERILATOR -DVL_TIME_CONTEXT   -fcoroutines -include VTestDriver__pch.h.slow -c -o VTestDriver___024root__DepSet_hbb6e3b65__22__Slow.o VTestDriver___024root__DepSet_hbb6e3b65__22__Slow.cpp
/home/hunter/chipyard/.conda-env/bin/x86_64-conda-linux-gnu-c++   -I.  -MMD -I/home/hunter/chipyard/.conda-env/share/verilator/include -I/home/hunter/chipyard/.conda-env/share/verilator/include/vltstd -DVM_COVERAGE=0 -DVM_SC=0 -DVM_TRACE=0 -DVM_TRACE_FST=0 -DVM_TRACE_VCD=0 -faligned-new -fcf-protection=none -Wno-bool-operation -Wno-shadow -Wno-sign-compare -Wno-tautological-compare -Wno-uninitialized -Wno-unused-but-set-parameter -Wno-unused-but-set-variable -Wno-unused-parameter -Wno-unused-variable    -O3 -std=c++17 -I/home/hunter/chipyard/.conda-env/riscv-tools/include -I/home/hunter/chipyard/tools/DRAMSim2 -I/home/hunter/chipyard/sims/verilator/generated-src/chipyard.harness.TestHarness.GemminiRocketConfig/gen-collateral   -DVERILATOR -DVL_TIME_CONTEXT   -fcoroutines -include VTestDriver__pch.h.slow -c -o VTestDriver___024root__DepSet_hbb6e3b65__23__Slow.o VTestDriver___024root__DepSet_hbb6e3b65__23__Slow.cpp
/home/hunter/chipyard/.conda-env/bin/x86_64-conda-linux-gnu-c++   -I.  -MMD -I/home/hunter/chipyard/.conda-env/share/verilator/include -I/home/hunter/chipyard/.conda-env/share/verilator/include/vltstd -DVM_COVERAGE=0 -DVM_SC=0 -DVM_TRACE=0 -DVM_TRACE_FST=0 -DVM_TRACE_VCD=0 -faligned-new -fcf-protection=none -Wno-bool-operation -Wno-shadow -Wno-sign-compare -Wno-tautological-compare -Wno-uninitialized -Wno-unused-but-set-parameter -Wno-unused-but-set-variable -Wno-unused-parameter -Wno-unused-variable    -O3 -std=c++17 -I/home/hunter/chipyard/.conda-env/riscv-tools/include -I/home/hunter/chipyard/tools/DRAMSim2 -I/home/hunter/chipyard/sims/verilator/generated-src/chipyard.harness.TestHarness.GemminiRocketConfig/gen-collateral   -DVERILATOR -DVL_TIME_CONTEXT   -fcoroutines -include VTestDriver__pch.h.slow -c -o VTestDriver___024root__DepSet_hbb6e3b65__24__Slow.o VTestDriver___024root__DepSet_hbb6e3b65__24__Slow.cpp
/home/hunter/chipyard/.conda-env/bin/x86_64-conda-linux-gnu-c++   -I.  -MMD -I/home/hunter/chipyard/.conda-env/share/verilator/include -I/home/hunter/chipyard/.conda-env/share/verilator/include/vltstd -DVM_COVERAGE=0 -DVM_SC=0 -DVM_TRACE=0 -DVM_TRACE_FST=0 -DVM_TRACE_VCD=0 -faligned-new -fcf-protection=none -Wno-bool-operation -Wno-shadow -Wno-sign-compare -Wno-tautological-compare -Wno-uninitialized -Wno-unused-but-set-parameter -Wno-unused-but-set-variable -Wno-unused-parameter -Wno-unused-variable    -O3 -std=c++17 -I/home/hunter/chipyard/.conda-env/riscv-tools/include -I/home/hunter/chipyard/tools/DRAMSim2 -I/home/hunter/chipyard/sims/verilator/generated-src/chipyard.harness.TestHarness.GemminiRocketConfig/gen-collateral   -DVERILATOR -DVL_TIME_CONTEXT   -fcoroutines -include VTestDriver__pch.h.slow -c -o VTestDriver___024root__DepSet_hbb6e3b65__25__Slow.o VTestDriver___024root__DepSet_hbb6e3b65__25__Slow.cpp
/home/hunter/chipyard/.conda-env/bin/x86_64-conda-linux-gnu-c++   -I.  -MMD -I/home/hunter/chipyard/.conda-env/share/verilator/include -I/home/hunter/chipyard/.conda-env/share/verilator/include/vltstd -DVM_COVERAGE=0 -DVM_SC=0 -DVM_TRACE=0 -DVM_TRACE_FST=0 -DVM_TRACE_VCD=0 -faligned-new -fcf-protection=none -Wno-bool-operation -Wno-shadow -Wno-sign-compare -Wno-tautological-compare -Wno-uninitialized -Wno-unused-but-set-parameter -Wno-unused-but-set-variable -Wno-unused-parameter -Wno-unused-variable    -O3 -std=c++17 -I/home/hunter/chipyard/.conda-env/riscv-tools/include -I/home/hunter/chipyard/tools/DRAMSim2 -I/home/hunter/chipyard/sims/verilator/generated-src/chipyard.harness.TestHarness.GemminiRocketConfig/gen-collateral   -DVERILATOR -DVL_TIME_CONTEXT   -fcoroutines -include VTestDriver__pch.h.slow -c -o VTestDriver___024root__DepSet_hbb6e3b65__26__Slow.o VTestDriver___024root__DepSet_hbb6e3b65__26__Slow.cpp
/home/hunter/chipyard/.conda-env/bin/x86_64-conda-linux-gnu-c++   -I.  -MMD -I/home/hunter/chipyard/.conda-env/share/verilator/include -I/home/hunter/chipyard/.conda-env/share/verilator/include/vltstd -DVM_COVERAGE=0 -DVM_SC=0 -DVM_TRACE=0 -DVM_TRACE_FST=0 -DVM_TRACE_VCD=0 -faligned-new -fcf-protection=none -Wno-bool-operation -Wno-shadow -Wno-sign-compare -Wno-tautological-compare -Wno-uninitialized -Wno-unused-but-set-parameter -Wno-unused-but-set-variable -Wno-unused-parameter -Wno-unused-variable    -O3 -std=c++17 -I/home/hunter/chipyard/.conda-env/riscv-tools/include -I/home/hunter/chipyard/tools/DRAMSim2 -I/home/hunter/chipyard/sims/verilator/generated-src/chipyard.harness.TestHarness.GemminiRocketConfig/gen-collateral   -DVERILATOR -DVL_TIME_CONTEXT   -fcoroutines -include VTestDriver__pch.h.slow -c -o VTestDriver___024root__DepSet_hbb6e3b65__27__Slow.o VTestDriver___024root__DepSet_hbb6e3b65__27__Slow.cpp
/home/hunter/chipyard/.conda-env/bin/x86_64-conda-linux-gnu-c++   -I.  -MMD -I/home/hunter/chipyard/.conda-env/share/verilator/include -I/home/hunter/chipyard/.conda-env/share/verilator/include/vltstd -DVM_COVERAGE=0 -DVM_SC=0 -DVM_TRACE=0 -DVM_TRACE_FST=0 -DVM_TRACE_VCD=0 -faligned-new -fcf-protection=none -Wno-bool-operation -Wno-shadow -Wno-sign-compare -Wno-tautological-compare -Wno-uninitialized -Wno-unused-but-set-parameter -Wno-unused-but-set-variable -Wno-unused-parameter -Wno-unused-variable    -O3 -std=c++17 -I/home/hunter/chipyard/.conda-env/riscv-tools/include -I/home/hunter/chipyard/tools/DRAMSim2 -I/home/hunter/chipyard/sims/verilator/generated-src/chipyard.harness.TestHarness.GemminiRocketConfig/gen-collateral   -DVERILATOR -DVL_TIME_CONTEXT   -fcoroutines -include VTestDriver__pch.h.slow -c -o VTestDriver___024root__DepSet_hbb6e3b65__28__Slow.o VTestDriver___024root__DepSet_hbb6e3b65__28__Slow.cpp
/home/hunter/chipyard/.conda-env/bin/x86_64-conda-linux-gnu-c++   -I.  -MMD -I/home/hunter/chipyard/.conda-env/share/verilator/include -I/home/hunter/chipyard/.conda-env/share/verilator/include/vltstd -DVM_COVERAGE=0 -DVM_SC=0 -DVM_TRACE=0 -DVM_TRACE_FST=0 -DVM_TRACE_VCD=0 -faligned-new -fcf-protection=none -Wno-bool-operation -Wno-shadow -Wno-sign-compare -Wno-tautological-compare -Wno-uninitialized -Wno-unused-but-set-parameter -Wno-unused-but-set-variable -Wno-unused-parameter -Wno-unused-variable    -O3 -std=c++17 -I/home/hunter/chipyard/.conda-env/riscv-tools/include -I/home/hunter/chipyard/tools/DRAMSim2 -I/home/hunter/chipyard/sims/verilator/generated-src/chipyard.harness.TestHarness.GemminiRocketConfig/gen-collateral   -DVERILATOR -DVL_TIME_CONTEXT   -fcoroutines -include VTestDriver__pch.h.slow -c -o VTestDriver___024root__DepSet_hbb6e3b65__29__Slow.o VTestDriver___024root__DepSet_hbb6e3b65__29__Slow.cpp
/home/hunter/chipyard/.conda-env/bin/x86_64-conda-linux-gnu-c++   -I.  -MMD -I/home/hunter/chipyard/.conda-env/share/verilator/include -I/home/hunter/chipyard/.conda-env/share/verilator/include/vltstd -DVM_COVERAGE=0 -DVM_SC=0 -DVM_TRACE=0 -DVM_TRACE_FST=0 -DVM_TRACE_VCD=0 -faligned-new -fcf-protection=none -Wno-bool-operation -Wno-shadow -Wno-sign-compare -Wno-tautological-compare -Wno-uninitialized -Wno-unused-but-set-parameter -Wno-unused-but-set-variable -Wno-unused-parameter -Wno-unused-variable    -O3 -std=c++17 -I/home/hunter/chipyard/.conda-env/riscv-tools/include -I/home/hunter/chipyard/tools/DRAMSim2 -I/home/hunter/chipyard/sims/verilator/generated-src/chipyard.harness.TestHarness.GemminiRocketConfig/gen-collateral   -DVERILATOR -DVL_TIME_CONTEXT   -fcoroutines -include VTestDriver__pch.h.slow -c -o VTestDriver___024root__DepSet_hbb6e3b65__30__Slow.o VTestDriver___024root__DepSet_hbb6e3b65__30__Slow.cpp
/home/hunter/chipyard/.conda-env/bin/x86_64-conda-linux-gnu-c++   -I.  -MMD -I/home/hunter/chipyard/.conda-env/share/verilator/include -I/home/hunter/chipyard/.conda-env/share/verilator/include/vltstd -DVM_COVERAGE=0 -DVM_SC=0 -DVM_TRACE=0 -DVM_TRACE_FST=0 -DVM_TRACE_VCD=0 -faligned-new -fcf-protection=none -Wno-bool-operation -Wno-shadow -Wno-sign-compare -Wno-tautological-compare -Wno-uninitialized -Wno-unused-but-set-parameter -Wno-unused-but-set-variable -Wno-unused-parameter -Wno-unused-variable    -O3 -std=c++17 -I/home/hunter/chipyard/.conda-env/riscv-tools/include -I/home/hunter/chipyard/tools/DRAMSim2 -I/home/hunter/chipyard/sims/verilator/generated-src/chipyard.harness.TestHarness.GemminiRocketConfig/gen-collateral   -DVERILATOR -DVL_TIME_CONTEXT   -fcoroutines -include VTestDriver__pch.h.slow -c -o VTestDriver___024root__DepSet_hbb6e3b65__31__Slow.o VTestDriver___024root__DepSet_hbb6e3b65__31__Slow.cpp
/home/hunter/chipyard/.conda-env/bin/x86_64-conda-linux-gnu-c++   -I.  -MMD -I/home/hunter/chipyard/.conda-env/share/verilator/include -I/home/hunter/chipyard/.conda-env/share/verilator/include/vltstd -DVM_COVERAGE=0 -DVM_SC=0 -DVM_TRACE=0 -DVM_TRACE_FST=0 -DVM_TRACE_VCD=0 -faligned-new -fcf-protection=none -Wno-bool-operation -Wno-shadow -Wno-sign-compare -Wno-tautological-compare -Wno-uninitialized -Wno-unused-but-set-parameter -Wno-unused-but-set-variable -Wno-unused-parameter -Wno-unused-variable    -O3 -std=c++17 -I/home/hunter/chipyard/.conda-env/riscv-tools/include -I/home/hunter/chipyard/tools/DRAMSim2 -I/home/hunter/chipyard/sims/verilator/generated-src/chipyard.harness.TestHarness.GemminiRocketConfig/gen-collateral   -DVERILATOR -DVL_TIME_CONTEXT   -fcoroutines -include VTestDriver__pch.h.slow -c -o VTestDriver___024root__DepSet_hbb6e3b65__32__Slow.o VTestDriver___024root__DepSet_hbb6e3b65__32__Slow.cpp
/home/hunter/chipyard/.conda-env/bin/x86_64-conda-linux-gnu-c++   -I.  -MMD -I/home/hunter/chipyard/.conda-env/share/verilator/include -I/home/hunter/chipyard/.conda-env/share/verilator/include/vltstd -DVM_COVERAGE=0 -DVM_SC=0 -DVM_TRACE=0 -DVM_TRACE_FST=0 -DVM_TRACE_VCD=0 -faligned-new -fcf-protection=none -Wno-bool-operation -Wno-shadow -Wno-sign-compare -Wno-tautological-compare -Wno-uninitialized -Wno-unused-but-set-parameter -Wno-unused-but-set-variable -Wno-unused-parameter -Wno-unused-variable    -O3 -std=c++17 -I/home/hunter/chipyard/.conda-env/riscv-tools/include -I/home/hunter/chipyard/tools/DRAMSim2 -I/home/hunter/chipyard/sims/verilator/generated-src/chipyard.harness.TestHarness.GemminiRocketConfig/gen-collateral   -DVERILATOR -DVL_TIME_CONTEXT   -fcoroutines -include VTestDriver__pch.h.slow -c -o VTestDriver___024root__DepSet_hbb6e3b65__33__Slow.o VTestDriver___024root__DepSet_hbb6e3b65__33__Slow.cpp
/home/hunter/chipyard/.conda-env/bin/x86_64-conda-linux-gnu-c++   -I.  -MMD -I/home/hunter/chipyard/.conda-env/share/verilator/include -I/home/hunter/chipyard/.conda-env/share/verilator/include/vltstd -DVM_COVERAGE=0 -DVM_SC=0 -DVM_TRACE=0 -DVM_TRACE_FST=0 -DVM_TRACE_VCD=0 -faligned-new -fcf-protection=none -Wno-bool-operation -Wno-shadow -Wno-sign-compare -Wno-tautological-compare -Wno-uninitialized -Wno-unused-but-set-parameter -Wno-unused-but-set-variable -Wno-unused-parameter -Wno-unused-variable    -O3 -std=c++17 -I/home/hunter/chipyard/.conda-env/riscv-tools/include -I/home/hunter/chipyard/tools/DRAMSim2 -I/home/hunter/chipyard/sims/verilator/generated-src/chipyard.harness.TestHarness.GemminiRocketConfig/gen-collateral   -DVERILATOR -DVL_TIME_CONTEXT   -fcoroutines -include VTestDriver__pch.h.slow -c -o VTestDriver___024root__DepSet_hbb6e3b65__34__Slow.o VTestDriver___024root__DepSet_hbb6e3b65__34__Slow.cpp
/home/hunter/chipyard/.conda-env/bin/x86_64-conda-linux-gnu-c++   -I.  -MMD -I/home/hunter/chipyard/.conda-env/share/verilator/include -I/home/hunter/chipyard/.conda-env/share/verilator/include/vltstd -DVM_COVERAGE=0 -DVM_SC=0 -DVM_TRACE=0 -DVM_TRACE_FST=0 -DVM_TRACE_VCD=0 -faligned-new -fcf-protection=none -Wno-bool-operation -Wno-shadow -Wno-sign-compare -Wno-tautological-compare -Wno-uninitialized -Wno-unused-but-set-parameter -Wno-unused-but-set-variable -Wno-unused-parameter -Wno-unused-variable    -O3 -std=c++17 -I/home/hunter/chipyard/.conda-env/riscv-tools/include -I/home/hunter/chipyard/tools/DRAMSim2 -I/home/hunter/chipyard/sims/verilator/generated-src/chipyard.harness.TestHarness.GemminiRocketConfig/gen-collateral   -DVERILATOR -DVL_TIME_CONTEXT   -fcoroutines -include VTestDriver__pch.h.slow -c -o VTestDriver___024root__DepSet_hbb6e3b65__35__Slow.o VTestDriver___024root__DepSet_hbb6e3b65__35__Slow.cpp
/home/hunter/chipyard/.conda-env/bin/x86_64-conda-linux-gnu-c++   -I.  -MMD -I/home/hunter/chipyard/.conda-env/share/verilator/include -I/home/hunter/chipyard/.conda-env/share/verilator/include/vltstd -DVM_COVERAGE=0 -DVM_SC=0 -DVM_TRACE=0 -DVM_TRACE_FST=0 -DVM_TRACE_VCD=0 -faligned-new -fcf-protection=none -Wno-bool-operation -Wno-shadow -Wno-sign-compare -Wno-tautological-compare -Wno-uninitialized -Wno-unused-but-set-parameter -Wno-unused-but-set-variable -Wno-unused-parameter -Wno-unused-variable    -O3 -std=c++17 -I/home/hunter/chipyard/.conda-env/riscv-tools/include -I/home/hunter/chipyard/tools/DRAMSim2 -I/home/hunter/chipyard/sims/verilator/generated-src/chipyard.harness.TestHarness.GemminiRocketConfig/gen-collateral   -DVERILATOR -DVL_TIME_CONTEXT   -fcoroutines -include VTestDriver__pch.h.slow -c -o VTestDriver___024root__DepSet_hbb6e3b65__36__Slow.o VTestDriver___024root__DepSet_hbb6e3b65__36__Slow.cpp
/home/hunter/chipyard/.conda-env/bin/x86_64-conda-linux-gnu-c++   -I.  -MMD -I/home/hunter/chipyard/.conda-env/share/verilator/include -I/home/hunter/chipyard/.conda-env/share/verilator/include/vltstd -DVM_COVERAGE=0 -DVM_SC=0 -DVM_TRACE=0 -DVM_TRACE_FST=0 -DVM_TRACE_VCD=0 -faligned-new -fcf-protection=none -Wno-bool-operation -Wno-shadow -Wno-sign-compare -Wno-tautological-compare -Wno-uninitialized -Wno-unused-but-set-parameter -Wno-unused-but-set-variable -Wno-unused-parameter -Wno-unused-variable    -O3 -std=c++17 -I/home/hunter/chipyard/.conda-env/riscv-tools/include -I/home/hunter/chipyard/tools/DRAMSim2 -I/home/hunter/chipyard/sims/verilator/generated-src/chipyard.harness.TestHarness.GemminiRocketConfig/gen-collateral   -DVERILATOR -DVL_TIME_CONTEXT   -fcoroutines -include VTestDriver__pch.h.slow -c -o VTestDriver___024root__DepSet_hbb6e3b65__37__Slow.o VTestDriver___024root__DepSet_hbb6e3b65__37__Slow.cpp
/home/hunter/chipyard/.conda-env/bin/x86_64-conda-linux-gnu-c++   -I.  -MMD -I/home/hunter/chipyard/.conda-env/share/verilator/include -I/home/hunter/chipyard/.conda-env/share/verilator/include/vltstd -DVM_COVERAGE=0 -DVM_SC=0 -DVM_TRACE=0 -DVM_TRACE_FST=0 -DVM_TRACE_VCD=0 -faligned-new -fcf-protection=none -Wno-bool-operation -Wno-shadow -Wno-sign-compare -Wno-tautological-compare -Wno-uninitialized -Wno-unused-but-set-parameter -Wno-unused-but-set-variable -Wno-unused-parameter -Wno-unused-variable    -O3 -std=c++17 -I/home/hunter/chipyard/.conda-env/riscv-tools/include -I/home/hunter/chipyard/tools/DRAMSim2 -I/home/hunter/chipyard/sims/verilator/generated-src/chipyard.harness.TestHarness.GemminiRocketConfig/gen-collateral   -DVERILATOR -DVL_TIME_CONTEXT   -fcoroutines -include VTestDriver__pch.h.slow -c -o VTestDriver___024root__DepSet_hbb6e3b65__38__Slow.o VTestDriver___024root__DepSet_hbb6e3b65__38__Slow.cpp
/home/hunter/chipyard/.conda-env/bin/x86_64-conda-linux-gnu-c++   -I.  -MMD -I/home/hunter/chipyard/.conda-env/share/verilator/include -I/home/hunter/chipyard/.conda-env/share/verilator/include/vltstd -DVM_COVERAGE=0 -DVM_SC=0 -DVM_TRACE=0 -DVM_TRACE_FST=0 -DVM_TRACE_VCD=0 -faligned-new -fcf-protection=none -Wno-bool-operation -Wno-shadow -Wno-sign-compare -Wno-tautological-compare -Wno-uninitialized -Wno-unused-but-set-parameter -Wno-unused-but-set-variable -Wno-unused-parameter -Wno-unused-variable    -O3 -std=c++17 -I/home/hunter/chipyard/.conda-env/riscv-tools/include -I/home/hunter/chipyard/tools/DRAMSim2 -I/home/hunter/chipyard/sims/verilator/generated-src/chipyard.harness.TestHarness.GemminiRocketConfig/gen-collateral   -DVERILATOR -DVL_TIME_CONTEXT   -fcoroutines -include VTestDriver__pch.h.slow -c -o VTestDriver___024root__DepSet_hbb6e3b65__39__Slow.o VTestDriver___024root__DepSet_hbb6e3b65__39__Slow.cpp
/home/hunter/chipyard/.conda-env/bin/x86_64-conda-linux-gnu-c++   -I.  -MMD -I/home/hunter/chipyard/.conda-env/share/verilator/include -I/home/hunter/chipyard/.conda-env/share/verilator/include/vltstd -DVM_COVERAGE=0 -DVM_SC=0 -DVM_TRACE=0 -DVM_TRACE_FST=0 -DVM_TRACE_VCD=0 -faligned-new -fcf-protection=none -Wno-bool-operation -Wno-shadow -Wno-sign-compare -Wno-tautological-compare -Wno-uninitialized -Wno-unused-but-set-parameter -Wno-unused-but-set-variable -Wno-unused-parameter -Wno-unused-variable    -O3 -std=c++17 -I/home/hunter/chipyard/.conda-env/riscv-tools/include -I/home/hunter/chipyard/tools/DRAMSim2 -I/home/hunter/chipyard/sims/verilator/generated-src/chipyard.harness.TestHarness.GemminiRocketConfig/gen-collateral   -DVERILATOR -DVL_TIME_CONTEXT   -fcoroutines -include VTestDriver__pch.h.slow -c -o VTestDriver___024root__DepSet_hbb6e3b65__40__Slow.o VTestDriver___024root__DepSet_hbb6e3b65__40__Slow.cpp
/home/hunter/chipyard/.conda-env/bin/x86_64-conda-linux-gnu-c++   -I.  -MMD -I/home/hunter/chipyard/.conda-env/share/verilator/include -I/home/hunter/chipyard/.conda-env/share/verilator/include/vltstd -DVM_COVERAGE=0 -DVM_SC=0 -DVM_TRACE=0 -DVM_TRACE_FST=0 -DVM_TRACE_VCD=0 -faligned-new -fcf-protection=none -Wno-bool-operation -Wno-shadow -Wno-sign-compare -Wno-tautological-compare -Wno-uninitialized -Wno-unused-but-set-parameter -Wno-unused-but-set-variable -Wno-unused-parameter -Wno-unused-variable    -O3 -std=c++17 -I/home/hunter/chipyard/.conda-env/riscv-tools/include -I/home/hunter/chipyard/tools/DRAMSim2 -I/home/hunter/chipyard/sims/verilator/generated-src/chipyard.harness.TestHarness.GemminiRocketConfig/gen-collateral   -DVERILATOR -DVL_TIME_CONTEXT   -fcoroutines -include VTestDriver__pch.h.slow -c -o VTestDriver___024root__DepSet_hbb6e3b65__41__Slow.o VTestDriver___024root__DepSet_hbb6e3b65__41__Slow.cpp
/home/hunter/chipyard/.conda-env/bin/x86_64-conda-linux-gnu-c++   -I.  -MMD -I/home/hunter/chipyard/.conda-env/share/verilator/include -I/home/hunter/chipyard/.conda-env/share/verilator/include/vltstd -DVM_COVERAGE=0 -DVM_SC=0 -DVM_TRACE=0 -DVM_TRACE_FST=0 -DVM_TRACE_VCD=0 -faligned-new -fcf-protection=none -Wno-bool-operation -Wno-shadow -Wno-sign-compare -Wno-tautological-compare -Wno-uninitialized -Wno-unused-but-set-parameter -Wno-unused-but-set-variable -Wno-unused-parameter -Wno-unused-variable    -O3 -std=c++17 -I/home/hunter/chipyard/.conda-env/riscv-tools/include -I/home/hunter/chipyard/tools/DRAMSim2 -I/home/hunter/chipyard/sims/verilator/generated-src/chipyard.harness.TestHarness.GemminiRocketConfig/gen-collateral   -DVERILATOR -DVL_TIME_CONTEXT   -fcoroutines -include VTestDriver__pch.h.slow -c -o VTestDriver___024root__DepSet_hbb6e3b65__42__Slow.o VTestDriver___024root__DepSet_hbb6e3b65__42__Slow.cpp
/home/hunter/chipyard/.conda-env/bin/x86_64-conda-linux-gnu-c++   -I.  -MMD -I/home/hunter/chipyard/.conda-env/share/verilator/include -I/home/hunter/chipyard/.conda-env/share/verilator/include/vltstd -DVM_COVERAGE=0 -DVM_SC=0 -DVM_TRACE=0 -DVM_TRACE_FST=0 -DVM_TRACE_VCD=0 -faligned-new -fcf-protection=none -Wno-bool-operation -Wno-shadow -Wno-sign-compare -Wno-tautological-compare -Wno-uninitialized -Wno-unused-but-set-parameter -Wno-unused-but-set-variable -Wno-unused-parameter -Wno-unused-variable    -O3 -std=c++17 -I/home/hunter/chipyard/.conda-env/riscv-tools/include -I/home/hunter/chipyard/tools/DRAMSim2 -I/home/hunter/chipyard/sims/verilator/generated-src/chipyard.harness.TestHarness.GemminiRocketConfig/gen-collateral   -DVERILATOR -DVL_TIME_CONTEXT   -fcoroutines -include VTestDriver__pch.h.slow -c -o VTestDriver___024root__DepSet_hbb6e3b65__43__Slow.o VTestDriver___024root__DepSet_hbb6e3b65__43__Slow.cpp
/home/hunter/chipyard/.conda-env/bin/x86_64-conda-linux-gnu-c++   -I.  -MMD -I/home/hunter/chipyard/.conda-env/share/verilator/include -I/home/hunter/chipyard/.conda-env/share/verilator/include/vltstd -DVM_COVERAGE=0 -DVM_SC=0 -DVM_TRACE=0 -DVM_TRACE_FST=0 -DVM_TRACE_VCD=0 -faligned-new -fcf-protection=none -Wno-bool-operation -Wno-shadow -Wno-sign-compare -Wno-tautological-compare -Wno-uninitialized -Wno-unused-but-set-parameter -Wno-unused-but-set-variable -Wno-unused-parameter -Wno-unused-variable    -O3 -std=c++17 -I/home/hunter/chipyard/.conda-env/riscv-tools/include -I/home/hunter/chipyard/tools/DRAMSim2 -I/home/hunter/chipyard/sims/verilator/generated-src/chipyard.harness.TestHarness.GemminiRocketConfig/gen-collateral   -DVERILATOR -DVL_TIME_CONTEXT   -fcoroutines -include VTestDriver__pch.h.slow -c -o VTestDriver___024root__DepSet_hbb6e3b65__44__Slow.o VTestDriver___024root__DepSet_hbb6e3b65__44__Slow.cpp
/home/hunter/chipyard/.conda-env/bin/x86_64-conda-linux-gnu-c++   -I.  -MMD -I/home/hunter/chipyard/.conda-env/share/verilator/include -I/home/hunter/chipyard/.conda-env/share/verilator/include/vltstd -DVM_COVERAGE=0 -DVM_SC=0 -DVM_TRACE=0 -DVM_TRACE_FST=0 -DVM_TRACE_VCD=0 -faligned-new -fcf-protection=none -Wno-bool-operation -Wno-shadow -Wno-sign-compare -Wno-tautological-compare -Wno-uninitialized -Wno-unused-but-set-parameter -Wno-unused-but-set-variable -Wno-unused-parameter -Wno-unused-variable    -O3 -std=c++17 -I/home/hunter/chipyard/.conda-env/riscv-tools/include -I/home/hunter/chipyard/tools/DRAMSim2 -I/home/hunter/chipyard/sims/verilator/generated-src/chipyard.harness.TestHarness.GemminiRocketConfig/gen-collateral   -DVERILATOR -DVL_TIME_CONTEXT   -fcoroutines -include VTestDriver__pch.h.slow -c -o VTestDriver___024root__DepSet_hbb6e3b65__45__Slow.o VTestDriver___024root__DepSet_hbb6e3b65__45__Slow.cpp
/home/hunter/chipyard/.conda-env/bin/x86_64-conda-linux-gnu-c++   -I.  -MMD -I/home/hunter/chipyard/.conda-env/share/verilator/include -I/home/hunter/chipyard/.conda-env/share/verilator/include/vltstd -DVM_COVERAGE=0 -DVM_SC=0 -DVM_TRACE=0 -DVM_TRACE_FST=0 -DVM_TRACE_VCD=0 -faligned-new -fcf-protection=none -Wno-bool-operation -Wno-shadow -Wno-sign-compare -Wno-tautological-compare -Wno-uninitialized -Wno-unused-but-set-parameter -Wno-unused-but-set-variable -Wno-unused-parameter -Wno-unused-variable    -O3 -std=c++17 -I/home/hunter/chipyard/.conda-env/riscv-tools/include -I/home/hunter/chipyard/tools/DRAMSim2 -I/home/hunter/chipyard/sims/verilator/generated-src/chipyard.harness.TestHarness.GemminiRocketConfig/gen-collateral   -DVERILATOR -DVL_TIME_CONTEXT   -fcoroutines -include VTestDriver__pch.h.slow -c -o VTestDriver___024root__DepSet_hbb6e3b65__46__Slow.o VTestDriver___024root__DepSet_hbb6e3b65__46__Slow.cpp
/home/hunter/chipyard/.conda-env/bin/x86_64-conda-linux-gnu-c++   -I.  -MMD -I/home/hunter/chipyard/.conda-env/share/verilator/include -I/home/hunter/chipyard/.conda-env/share/verilator/include/vltstd -DVM_COVERAGE=0 -DVM_SC=0 -DVM_TRACE=0 -DVM_TRACE_FST=0 -DVM_TRACE_VCD=0 -faligned-new -fcf-protection=none -Wno-bool-operation -Wno-shadow -Wno-sign-compare -Wno-tautological-compare -Wno-uninitialized -Wno-unused-but-set-parameter -Wno-unused-but-set-variable -Wno-unused-parameter -Wno-unused-variable    -O3 -std=c++17 -I/home/hunter/chipyard/.conda-env/riscv-tools/include -I/home/hunter/chipyard/tools/DRAMSim2 -I/home/hunter/chipyard/sims/verilator/generated-src/chipyard.harness.TestHarness.GemminiRocketConfig/gen-collateral   -DVERILATOR -DVL_TIME_CONTEXT   -fcoroutines -include VTestDriver__pch.h.slow -c -o VTestDriver___024root__DepSet_hbb6e3b65__47__Slow.o VTestDriver___024root__DepSet_hbb6e3b65__47__Slow.cpp
/home/hunter/chipyard/.conda-env/bin/x86_64-conda-linux-gnu-c++   -I.  -MMD -I/home/hunter/chipyard/.conda-env/share/verilator/include -I/home/hunter/chipyard/.conda-env/share/verilator/include/vltstd -DVM_COVERAGE=0 -DVM_SC=0 -DVM_TRACE=0 -DVM_TRACE_FST=0 -DVM_TRACE_VCD=0 -faligned-new -fcf-protection=none -Wno-bool-operation -Wno-shadow -Wno-sign-compare -Wno-tautological-compare -Wno-uninitialized -Wno-unused-but-set-parameter -Wno-unused-but-set-variable -Wno-unused-parameter -Wno-unused-variable    -O3 -std=c++17 -I/home/hunter/chipyard/.conda-env/riscv-tools/include -I/home/hunter/chipyard/tools/DRAMSim2 -I/home/hunter/chipyard/sims/verilator/generated-src/chipyard.harness.TestHarness.GemminiRocketConfig/gen-collateral   -DVERILATOR -DVL_TIME_CONTEXT   -fcoroutines -include VTestDriver__pch.h.slow -c -o VTestDriver___024root__DepSet_hbb6e3b65__48__Slow.o VTestDriver___024root__DepSet_hbb6e3b65__48__Slow.cpp
/home/hunter/chipyard/.conda-env/bin/x86_64-conda-linux-gnu-c++   -I.  -MMD -I/home/hunter/chipyard/.conda-env/share/verilator/include -I/home/hunter/chipyard/.conda-env/share/verilator/include/vltstd -DVM_COVERAGE=0 -DVM_SC=0 -DVM_TRACE=0 -DVM_TRACE_FST=0 -DVM_TRACE_VCD=0 -faligned-new -fcf-protection=none -Wno-bool-operation -Wno-shadow -Wno-sign-compare -Wno-tautological-compare -Wno-uninitialized -Wno-unused-but-set-parameter -Wno-unused-but-set-variable -Wno-unused-parameter -Wno-unused-variable    -O3 -std=c++17 -I/home/hunter/chipyard/.conda-env/riscv-tools/include -I/home/hunter/chipyard/tools/DRAMSim2 -I/home/hunter/chipyard/sims/verilator/generated-src/chipyard.harness.TestHarness.GemminiRocketConfig/gen-collateral   -DVERILATOR -DVL_TIME_CONTEXT   -fcoroutines -include VTestDriver__pch.h.slow -c -o VTestDriver___024root__DepSet_hbb6e3b65__49__Slow.o VTestDriver___024root__DepSet_hbb6e3b65__49__Slow.cpp
/home/hunter/chipyard/.conda-env/bin/x86_64-conda-linux-gnu-c++   -I.  -MMD -I/home/hunter/chipyard/.conda-env/share/verilator/include -I/home/hunter/chipyard/.conda-env/share/verilator/include/vltstd -DVM_COVERAGE=0 -DVM_SC=0 -DVM_TRACE=0 -DVM_TRACE_FST=0 -DVM_TRACE_VCD=0 -faligned-new -fcf-protection=none -Wno-bool-operation -Wno-shadow -Wno-sign-compare -Wno-tautological-compare -Wno-uninitialized -Wno-unused-but-set-parameter -Wno-unused-but-set-variable -Wno-unused-parameter -Wno-unused-variable    -O3 -std=c++17 -I/home/hunter/chipyard/.conda-env/riscv-tools/include -I/home/hunter/chipyard/tools/DRAMSim2 -I/home/hunter/chipyard/sims/verilator/generated-src/chipyard.harness.TestHarness.GemminiRocketConfig/gen-collateral   -DVERILATOR -DVL_TIME_CONTEXT   -fcoroutines -include VTestDriver__pch.h.slow -c -o VTestDriver___024root__DepSet_hbb6e3b65__50__Slow.o VTestDriver___024root__DepSet_hbb6e3b65__50__Slow.cpp
/home/hunter/chipyard/.conda-env/bin/x86_64-conda-linux-gnu-c++   -I.  -MMD -I/home/hunter/chipyard/.conda-env/share/verilator/include -I/home/hunter/chipyard/.conda-env/share/verilator/include/vltstd -DVM_COVERAGE=0 -DVM_SC=0 -DVM_TRACE=0 -DVM_TRACE_FST=0 -DVM_TRACE_VCD=0 -faligned-new -fcf-protection=none -Wno-bool-operation -Wno-shadow -Wno-sign-compare -Wno-tautological-compare -Wno-uninitialized -Wno-unused-but-set-parameter -Wno-unused-but-set-variable -Wno-unused-parameter -Wno-unused-variable    -O3 -std=c++17 -I/home/hunter/chipyard/.conda-env/riscv-tools/include -I/home/hunter/chipyard/tools/DRAMSim2 -I/home/hunter/chipyard/sims/verilator/generated-src/chipyard.harness.TestHarness.GemminiRocketConfig/gen-collateral   -DVERILATOR -DVL_TIME_CONTEXT   -fcoroutines -include VTestDriver__pch.h.slow -c -o VTestDriver___024root__DepSet_hbb6e3b65__51__Slow.o VTestDriver___024root__DepSet_hbb6e3b65__51__Slow.cpp
/home/hunter/chipyard/.conda-env/bin/x86_64-conda-linux-gnu-c++   -I.  -MMD -I/home/hunter/chipyard/.conda-env/share/verilator/include -I/home/hunter/chipyard/.conda-env/share/verilator/include/vltstd -DVM_COVERAGE=0 -DVM_SC=0 -DVM_TRACE=0 -DVM_TRACE_FST=0 -DVM_TRACE_VCD=0 -faligned-new -fcf-protection=none -Wno-bool-operation -Wno-shadow -Wno-sign-compare -Wno-tautological-compare -Wno-uninitialized -Wno-unused-but-set-parameter -Wno-unused-but-set-variable -Wno-unused-parameter -Wno-unused-variable    -O3 -std=c++17 -I/home/hunter/chipyard/.conda-env/riscv-tools/include -I/home/hunter/chipyard/tools/DRAMSim2 -I/home/hunter/chipyard/sims/verilator/generated-src/chipyard.harness.TestHarness.GemminiRocketConfig/gen-collateral   -DVERILATOR -DVL_TIME_CONTEXT   -fcoroutines -include VTestDriver__pch.h.slow -c -o VTestDriver___024root__DepSet_hbb6e3b65__52__Slow.o VTestDriver___024root__DepSet_hbb6e3b65__52__Slow.cpp
/home/hunter/chipyard/.conda-env/bin/x86_64-conda-linux-gnu-c++   -I.  -MMD -I/home/hunter/chipyard/.conda-env/share/verilator/include -I/home/hunter/chipyard/.conda-env/share/verilator/include/vltstd -DVM_COVERAGE=0 -DVM_SC=0 -DVM_TRACE=0 -DVM_TRACE_FST=0 -DVM_TRACE_VCD=0 -faligned-new -fcf-protection=none -Wno-bool-operation -Wno-shadow -Wno-sign-compare -Wno-tautological-compare -Wno-uninitialized -Wno-unused-but-set-parameter -Wno-unused-but-set-variable -Wno-unused-parameter -Wno-unused-variable    -O3 -std=c++17 -I/home/hunter/chipyard/.conda-env/riscv-tools/include -I/home/hunter/chipyard/tools/DRAMSim2 -I/home/hunter/chipyard/sims/verilator/generated-src/chipyard.harness.TestHarness.GemminiRocketConfig/gen-collateral   -DVERILATOR -DVL_TIME_CONTEXT   -fcoroutines -include VTestDriver__pch.h.slow -c -o VTestDriver___024root__DepSet_hbb6e3b65__53__Slow.o VTestDriver___024root__DepSet_hbb6e3b65__53__Slow.cpp
/home/hunter/chipyard/.conda-env/bin/x86_64-conda-linux-gnu-c++   -I.  -MMD -I/home/hunter/chipyard/.conda-env/share/verilator/include -I/home/hunter/chipyard/.conda-env/share/verilator/include/vltstd -DVM_COVERAGE=0 -DVM_SC=0 -DVM_TRACE=0 -DVM_TRACE_FST=0 -DVM_TRACE_VCD=0 -faligned-new -fcf-protection=none -Wno-bool-operation -Wno-shadow -Wno-sign-compare -Wno-tautological-compare -Wno-uninitialized -Wno-unused-but-set-parameter -Wno-unused-but-set-variable -Wno-unused-parameter -Wno-unused-variable    -O3 -std=c++17 -I/home/hunter/chipyard/.conda-env/riscv-tools/include -I/home/hunter/chipyard/tools/DRAMSim2 -I/home/hunter/chipyard/sims/verilator/generated-src/chipyard.harness.TestHarness.GemminiRocketConfig/gen-collateral   -DVERILATOR -DVL_TIME_CONTEXT   -fcoroutines -include VTestDriver__pch.h.slow -c -o VTestDriver___024root__DepSet_hbb6e3b65__54__Slow.o VTestDriver___024root__DepSet_hbb6e3b65__54__Slow.cpp
/home/hunter/chipyard/.conda-env/bin/x86_64-conda-linux-gnu-c++   -I.  -MMD -I/home/hunter/chipyard/.conda-env/share/verilator/include -I/home/hunter/chipyard/.conda-env/share/verilator/include/vltstd -DVM_COVERAGE=0 -DVM_SC=0 -DVM_TRACE=0 -DVM_TRACE_FST=0 -DVM_TRACE_VCD=0 -faligned-new -fcf-protection=none -Wno-bool-operation -Wno-shadow -Wno-sign-compare -Wno-tautological-compare -Wno-uninitialized -Wno-unused-but-set-parameter -Wno-unused-but-set-variable -Wno-unused-parameter -Wno-unused-variable    -O3 -std=c++17 -I/home/hunter/chipyard/.conda-env/riscv-tools/include -I/home/hunter/chipyard/tools/DRAMSim2 -I/home/hunter/chipyard/sims/verilator/generated-src/chipyard.harness.TestHarness.GemminiRocketConfig/gen-collateral   -DVERILATOR -DVL_TIME_CONTEXT   -fcoroutines -include VTestDriver__pch.h.slow -c -o VTestDriver___024root__DepSet_hbb6e3b65__55__Slow.o VTestDriver___024root__DepSet_hbb6e3b65__55__Slow.cpp
/home/hunter/chipyard/.conda-env/bin/x86_64-conda-linux-gnu-c++   -I.  -MMD -I/home/hunter/chipyard/.conda-env/share/verilator/include -I/home/hunter/chipyard/.conda-env/share/verilator/include/vltstd -DVM_COVERAGE=0 -DVM_SC=0 -DVM_TRACE=0 -DVM_TRACE_FST=0 -DVM_TRACE_VCD=0 -faligned-new -fcf-protection=none -Wno-bool-operation -Wno-shadow -Wno-sign-compare -Wno-tautological-compare -Wno-uninitialized -Wno-unused-but-set-parameter -Wno-unused-but-set-variable -Wno-unused-parameter -Wno-unused-variable    -O3 -std=c++17 -I/home/hunter/chipyard/.conda-env/riscv-tools/include -I/home/hunter/chipyard/tools/DRAMSim2 -I/home/hunter/chipyard/sims/verilator/generated-src/chipyard.harness.TestHarness.GemminiRocketConfig/gen-collateral   -DVERILATOR -DVL_TIME_CONTEXT   -fcoroutines -include VTestDriver__pch.h.slow -c -o VTestDriver___024root__DepSet_hbb6e3b65__56__Slow.o VTestDriver___024root__DepSet_hbb6e3b65__56__Slow.cpp
/home/hunter/chipyard/.conda-env/bin/x86_64-conda-linux-gnu-c++   -I.  -MMD -I/home/hunter/chipyard/.conda-env/share/verilator/include -I/home/hunter/chipyard/.conda-env/share/verilator/include/vltstd -DVM_COVERAGE=0 -DVM_SC=0 -DVM_TRACE=0 -DVM_TRACE_FST=0 -DVM_TRACE_VCD=0 -faligned-new -fcf-protection=none -Wno-bool-operation -Wno-shadow -Wno-sign-compare -Wno-tautological-compare -Wno-uninitialized -Wno-unused-but-set-parameter -Wno-unused-but-set-variable -Wno-unused-parameter -Wno-unused-variable    -O3 -std=c++17 -I/home/hunter/chipyard/.conda-env/riscv-tools/include -I/home/hunter/chipyard/tools/DRAMSim2 -I/home/hunter/chipyard/sims/verilator/generated-src/chipyard.harness.TestHarness.GemminiRocketConfig/gen-collateral   -DVERILATOR -DVL_TIME_CONTEXT   -fcoroutines -include VTestDriver__pch.h.slow -c -o VTestDriver___024root__DepSet_hbb6e3b65__57__Slow.o VTestDriver___024root__DepSet_hbb6e3b65__57__Slow.cpp
/home/hunter/chipyard/.conda-env/bin/x86_64-conda-linux-gnu-c++   -I.  -MMD -I/home/hunter/chipyard/.conda-env/share/verilator/include -I/home/hunter/chipyard/.conda-env/share/verilator/include/vltstd -DVM_COVERAGE=0 -DVM_SC=0 -DVM_TRACE=0 -DVM_TRACE_FST=0 -DVM_TRACE_VCD=0 -faligned-new -fcf-protection=none -Wno-bool-operation -Wno-shadow -Wno-sign-compare -Wno-tautological-compare -Wno-uninitialized -Wno-unused-but-set-parameter -Wno-unused-but-set-variable -Wno-unused-parameter -Wno-unused-variable    -O3 -std=c++17 -I/home/hunter/chipyard/.conda-env/riscv-tools/include -I/home/hunter/chipyard/tools/DRAMSim2 -I/home/hunter/chipyard/sims/verilator/generated-src/chipyard.harness.TestHarness.GemminiRocketConfig/gen-collateral   -DVERILATOR -DVL_TIME_CONTEXT   -fcoroutines -include VTestDriver__pch.h.slow -c -o VTestDriver___024root__DepSet_hbb6e3b65__58__Slow.o VTestDriver___024root__DepSet_hbb6e3b65__58__Slow.cpp
/home/hunter/chipyard/.conda-env/bin/x86_64-conda-linux-gnu-c++   -I.  -MMD -I/home/hunter/chipyard/.conda-env/share/verilator/include -I/home/hunter/chipyard/.conda-env/share/verilator/include/vltstd -DVM_COVERAGE=0 -DVM_SC=0 -DVM_TRACE=0 -DVM_TRACE_FST=0 -DVM_TRACE_VCD=0 -faligned-new -fcf-protection=none -Wno-bool-operation -Wno-shadow -Wno-sign-compare -Wno-tautological-compare -Wno-uninitialized -Wno-unused-but-set-parameter -Wno-unused-but-set-variable -Wno-unused-parameter -Wno-unused-variable    -O3 -std=c++17 -I/home/hunter/chipyard/.conda-env/riscv-tools/include -I/home/hunter/chipyard/tools/DRAMSim2 -I/home/hunter/chipyard/sims/verilator/generated-src/chipyard.harness.TestHarness.GemminiRocketConfig/gen-collateral   -DVERILATOR -DVL_TIME_CONTEXT   -fcoroutines -include VTestDriver__pch.h.slow -c -o VTestDriver___024root__DepSet_hbb6e3b65__59__Slow.o VTestDriver___024root__DepSet_hbb6e3b65__59__Slow.cpp
/home/hunter/chipyard/.conda-env/bin/x86_64-conda-linux-gnu-c++   -I.  -MMD -I/home/hunter/chipyard/.conda-env/share/verilator/include -I/home/hunter/chipyard/.conda-env/share/verilator/include/vltstd -DVM_COVERAGE=0 -DVM_SC=0 -DVM_TRACE=0 -DVM_TRACE_FST=0 -DVM_TRACE_VCD=0 -faligned-new -fcf-protection=none -Wno-bool-operation -Wno-shadow -Wno-sign-compare -Wno-tautological-compare -Wno-uninitialized -Wno-unused-but-set-parameter -Wno-unused-but-set-variable -Wno-unused-parameter -Wno-unused-variable    -O3 -std=c++17 -I/home/hunter/chipyard/.conda-env/riscv-tools/include -I/home/hunter/chipyard/tools/DRAMSim2 -I/home/hunter/chipyard/sims/verilator/generated-src/chipyard.harness.TestHarness.GemminiRocketConfig/gen-collateral   -DVERILATOR -DVL_TIME_CONTEXT   -fcoroutines -include VTestDriver__pch.h.slow -c -o VTestDriver___024root__DepSet_hbb6e3b65__60__Slow.o VTestDriver___024root__DepSet_hbb6e3b65__60__Slow.cpp
/home/hunter/chipyard/.conda-env/bin/x86_64-conda-linux-gnu-c++   -I.  -MMD -I/home/hunter/chipyard/.conda-env/share/verilator/include -I/home/hunter/chipyard/.conda-env/share/verilator/include/vltstd -DVM_COVERAGE=0 -DVM_SC=0 -DVM_TRACE=0 -DVM_TRACE_FST=0 -DVM_TRACE_VCD=0 -faligned-new -fcf-protection=none -Wno-bool-operation -Wno-shadow -Wno-sign-compare -Wno-tautological-compare -Wno-uninitialized -Wno-unused-but-set-parameter -Wno-unused-but-set-variable -Wno-unused-parameter -Wno-unused-variable    -O3 -std=c++17 -I/home/hunter/chipyard/.conda-env/riscv-tools/include -I/home/hunter/chipyard/tools/DRAMSim2 -I/home/hunter/chipyard/sims/verilator/generated-src/chipyard.harness.TestHarness.GemminiRocketConfig/gen-collateral   -DVERILATOR -DVL_TIME_CONTEXT   -fcoroutines -include VTestDriver__pch.h.slow -c -o VTestDriver___024root__DepSet_hbb6e3b65__61__Slow.o VTestDriver___024root__DepSet_hbb6e3b65__61__Slow.cpp
/home/hunter/chipyard/.conda-env/bin/x86_64-conda-linux-gnu-c++   -I.  -MMD -I/home/hunter/chipyard/.conda-env/share/verilator/include -I/home/hunter/chipyard/.conda-env/share/verilator/include/vltstd -DVM_COVERAGE=0 -DVM_SC=0 -DVM_TRACE=0 -DVM_TRACE_FST=0 -DVM_TRACE_VCD=0 -faligned-new -fcf-protection=none -Wno-bool-operation -Wno-shadow -Wno-sign-compare -Wno-tautological-compare -Wno-uninitialized -Wno-unused-but-set-parameter -Wno-unused-but-set-variable -Wno-unused-parameter -Wno-unused-variable    -O3 -std=c++17 -I/home/hunter/chipyard/.conda-env/riscv-tools/include -I/home/hunter/chipyard/tools/DRAMSim2 -I/home/hunter/chipyard/sims/verilator/generated-src/chipyard.harness.TestHarness.GemminiRocketConfig/gen-collateral   -DVERILATOR -DVL_TIME_CONTEXT   -fcoroutines -include VTestDriver__pch.h.slow -c -o VTestDriver___024root__DepSet_hbb6e3b65__62__Slow.o VTestDriver___024root__DepSet_hbb6e3b65__62__Slow.cpp
/home/hunter/chipyard/.conda-env/bin/x86_64-conda-linux-gnu-c++   -I.  -MMD -I/home/hunter/chipyard/.conda-env/share/verilator/include -I/home/hunter/chipyard/.conda-env/share/verilator/include/vltstd -DVM_COVERAGE=0 -DVM_SC=0 -DVM_TRACE=0 -DVM_TRACE_FST=0 -DVM_TRACE_VCD=0 -faligned-new -fcf-protection=none -Wno-bool-operation -Wno-shadow -Wno-sign-compare -Wno-tautological-compare -Wno-uninitialized -Wno-unused-but-set-parameter -Wno-unused-but-set-variable -Wno-unused-parameter -Wno-unused-variable    -O3 -std=c++17 -I/home/hunter/chipyard/.conda-env/riscv-tools/include -I/home/hunter/chipyard/tools/DRAMSim2 -I/home/hunter/chipyard/sims/verilator/generated-src/chipyard.harness.TestHarness.GemminiRocketConfig/gen-collateral   -DVERILATOR -DVL_TIME_CONTEXT   -fcoroutines -include VTestDriver__pch.h.slow -c -o VTestDriver___024root__DepSet_hbb6e3b65__63__Slow.o VTestDriver___024root__DepSet_hbb6e3b65__63__Slow.cpp
/home/hunter/chipyard/.conda-env/bin/x86_64-conda-linux-gnu-c++   -I.  -MMD -I/home/hunter/chipyard/.conda-env/share/verilator/include -I/home/hunter/chipyard/.conda-env/share/verilator/include/vltstd -DVM_COVERAGE=0 -DVM_SC=0 -DVM_TRACE=0 -DVM_TRACE_FST=0 -DVM_TRACE_VCD=0 -faligned-new -fcf-protection=none -Wno-bool-operation -Wno-shadow -Wno-sign-compare -Wno-tautological-compare -Wno-uninitialized -Wno-unused-but-set-parameter -Wno-unused-but-set-variable -Wno-unused-parameter -Wno-unused-variable    -O3 -std=c++17 -I/home/hunter/chipyard/.conda-env/riscv-tools/include -I/home/hunter/chipyard/tools/DRAMSim2 -I/home/hunter/chipyard/sims/verilator/generated-src/chipyard.harness.TestHarness.GemminiRocketConfig/gen-collateral   -DVERILATOR -DVL_TIME_CONTEXT   -fcoroutines -include VTestDriver__pch.h.slow -c -o VTestDriver___024root__DepSet_hbb6e3b65__64__Slow.o VTestDriver___024root__DepSet_hbb6e3b65__64__Slow.cpp
/home/hunter/chipyard/.conda-env/bin/x86_64-conda-linux-gnu-c++   -I.  -MMD -I/home/hunter/chipyard/.conda-env/share/verilator/include -I/home/hunter/chipyard/.conda-env/share/verilator/include/vltstd -DVM_COVERAGE=0 -DVM_SC=0 -DVM_TRACE=0 -DVM_TRACE_FST=0 -DVM_TRACE_VCD=0 -faligned-new -fcf-protection=none -Wno-bool-operation -Wno-shadow -Wno-sign-compare -Wno-tautological-compare -Wno-uninitialized -Wno-unused-but-set-parameter -Wno-unused-but-set-variable -Wno-unused-parameter -Wno-unused-variable    -O3 -std=c++17 -I/home/hunter/chipyard/.conda-env/riscv-tools/include -I/home/hunter/chipyard/tools/DRAMSim2 -I/home/hunter/chipyard/sims/verilator/generated-src/chipyard.harness.TestHarness.GemminiRocketConfig/gen-collateral   -DVERILATOR -DVL_TIME_CONTEXT   -fcoroutines -include VTestDriver__pch.h.slow -c -o VTestDriver___024root__DepSet_hbb6e3b65__65__Slow.o VTestDriver___024root__DepSet_hbb6e3b65__65__Slow.cpp
/home/hunter/chipyard/.conda-env/bin/x86_64-conda-linux-gnu-c++   -I.  -MMD -I/home/hunter/chipyard/.conda-env/share/verilator/include -I/home/hunter/chipyard/.conda-env/share/verilator/include/vltstd -DVM_COVERAGE=0 -DVM_SC=0 -DVM_TRACE=0 -DVM_TRACE_FST=0 -DVM_TRACE_VCD=0 -faligned-new -fcf-protection=none -Wno-bool-operation -Wno-shadow -Wno-sign-compare -Wno-tautological-compare -Wno-uninitialized -Wno-unused-but-set-parameter -Wno-unused-but-set-variable -Wno-unused-parameter -Wno-unused-variable    -O3 -std=c++17 -I/home/hunter/chipyard/.conda-env/riscv-tools/include -I/home/hunter/chipyard/tools/DRAMSim2 -I/home/hunter/chipyard/sims/verilator/generated-src/chipyard.harness.TestHarness.GemminiRocketConfig/gen-collateral   -DVERILATOR -DVL_TIME_CONTEXT   -fcoroutines -include VTestDriver__pch.h.slow -c -o VTestDriver___024root__DepSet_hbb6e3b65__66__Slow.o VTestDriver___024root__DepSet_hbb6e3b65__66__Slow.cpp
/home/hunter/chipyard/.conda-env/bin/x86_64-conda-linux-gnu-c++   -I.  -MMD -I/home/hunter/chipyard/.conda-env/share/verilator/include -I/home/hunter/chipyard/.conda-env/share/verilator/include/vltstd -DVM_COVERAGE=0 -DVM_SC=0 -DVM_TRACE=0 -DVM_TRACE_FST=0 -DVM_TRACE_VCD=0 -faligned-new -fcf-protection=none -Wno-bool-operation -Wno-shadow -Wno-sign-compare -Wno-tautological-compare -Wno-uninitialized -Wno-unused-but-set-parameter -Wno-unused-but-set-variable -Wno-unused-parameter -Wno-unused-variable    -O3 -std=c++17 -I/home/hunter/chipyard/.conda-env/riscv-tools/include -I/home/hunter/chipyard/tools/DRAMSim2 -I/home/hunter/chipyard/sims/verilator/generated-src/chipyard.harness.TestHarness.GemminiRocketConfig/gen-collateral   -DVERILATOR -DVL_TIME_CONTEXT   -fcoroutines -include VTestDriver__pch.h.slow -c -o VTestDriver___024root__DepSet_hbb6e3b65__67__Slow.o VTestDriver___024root__DepSet_hbb6e3b65__67__Slow.cpp
/home/hunter/chipyard/.conda-env/bin/x86_64-conda-linux-gnu-c++   -I.  -MMD -I/home/hunter/chipyard/.conda-env/share/verilator/include -I/home/hunter/chipyard/.conda-env/share/verilator/include/vltstd -DVM_COVERAGE=0 -DVM_SC=0 -DVM_TRACE=0 -DVM_TRACE_FST=0 -DVM_TRACE_VCD=0 -faligned-new -fcf-protection=none -Wno-bool-operation -Wno-shadow -Wno-sign-compare -Wno-tautological-compare -Wno-uninitialized -Wno-unused-but-set-parameter -Wno-unused-but-set-variable -Wno-unused-parameter -Wno-unused-variable    -O3 -std=c++17 -I/home/hunter/chipyard/.conda-env/riscv-tools/include -I/home/hunter/chipyard/tools/DRAMSim2 -I/home/hunter/chipyard/sims/verilator/generated-src/chipyard.harness.TestHarness.GemminiRocketConfig/gen-collateral   -DVERILATOR -DVL_TIME_CONTEXT   -fcoroutines -include VTestDriver__pch.h.slow -c -o VTestDriver___024root__DepSet_hbb6e3b65__68__Slow.o VTestDriver___024root__DepSet_hbb6e3b65__68__Slow.cpp
/home/hunter/chipyard/.conda-env/bin/x86_64-conda-linux-gnu-c++   -I.  -MMD -I/home/hunter/chipyard/.conda-env/share/verilator/include -I/home/hunter/chipyard/.conda-env/share/verilator/include/vltstd -DVM_COVERAGE=0 -DVM_SC=0 -DVM_TRACE=0 -DVM_TRACE_FST=0 -DVM_TRACE_VCD=0 -faligned-new -fcf-protection=none -Wno-bool-operation -Wno-shadow -Wno-sign-compare -Wno-tautological-compare -Wno-uninitialized -Wno-unused-but-set-parameter -Wno-unused-but-set-variable -Wno-unused-parameter -Wno-unused-variable    -O3 -std=c++17 -I/home/hunter/chipyard/.conda-env/riscv-tools/include -I/home/hunter/chipyard/tools/DRAMSim2 -I/home/hunter/chipyard/sims/verilator/generated-src/chipyard.harness.TestHarness.GemminiRocketConfig/gen-collateral   -DVERILATOR -DVL_TIME_CONTEXT   -fcoroutines -include VTestDriver__pch.h.slow -c -o VTestDriver___024root__DepSet_hbb6e3b65__69__Slow.o VTestDriver___024root__DepSet_hbb6e3b65__69__Slow.cpp
/home/hunter/chipyard/.conda-env/bin/x86_64-conda-linux-gnu-c++   -I.  -MMD -I/home/hunter/chipyard/.conda-env/share/verilator/include -I/home/hunter/chipyard/.conda-env/share/verilator/include/vltstd -DVM_COVERAGE=0 -DVM_SC=0 -DVM_TRACE=0 -DVM_TRACE_FST=0 -DVM_TRACE_VCD=0 -faligned-new -fcf-protection=none -Wno-bool-operation -Wno-shadow -Wno-sign-compare -Wno-tautological-compare -Wno-uninitialized -Wno-unused-but-set-parameter -Wno-unused-but-set-variable -Wno-unused-parameter -Wno-unused-variable    -O3 -std=c++17 -I/home/hunter/chipyard/.conda-env/riscv-tools/include -I/home/hunter/chipyard/tools/DRAMSim2 -I/home/hunter/chipyard/sims/verilator/generated-src/chipyard.harness.TestHarness.GemminiRocketConfig/gen-collateral   -DVERILATOR -DVL_TIME_CONTEXT   -fcoroutines -include VTestDriver__pch.h.slow -c -o VTestDriver___024root__DepSet_hbb6e3b65__70__Slow.o VTestDriver___024root__DepSet_hbb6e3b65__70__Slow.cpp
/home/hunter/chipyard/.conda-env/bin/x86_64-conda-linux-gnu-c++   -I.  -MMD -I/home/hunter/chipyard/.conda-env/share/verilator/include -I/home/hunter/chipyard/.conda-env/share/verilator/include/vltstd -DVM_COVERAGE=0 -DVM_SC=0 -DVM_TRACE=0 -DVM_TRACE_FST=0 -DVM_TRACE_VCD=0 -faligned-new -fcf-protection=none -Wno-bool-operation -Wno-shadow -Wno-sign-compare -Wno-tautological-compare -Wno-uninitialized -Wno-unused-but-set-parameter -Wno-unused-but-set-variable -Wno-unused-parameter -Wno-unused-variable    -O3 -std=c++17 -I/home/hunter/chipyard/.conda-env/riscv-tools/include -I/home/hunter/chipyard/tools/DRAMSim2 -I/home/hunter/chipyard/sims/verilator/generated-src/chipyard.harness.TestHarness.GemminiRocketConfig/gen-collateral   -DVERILATOR -DVL_TIME_CONTEXT   -fcoroutines -include VTestDriver__pch.h.slow -c -o VTestDriver___024root__DepSet_hbb6e3b65__71__Slow.o VTestDriver___024root__DepSet_hbb6e3b65__71__Slow.cpp
/home/hunter/chipyard/.conda-env/bin/x86_64-conda-linux-gnu-c++   -I.  -MMD -I/home/hunter/chipyard/.conda-env/share/verilator/include -I/home/hunter/chipyard/.conda-env/share/verilator/include/vltstd -DVM_COVERAGE=0 -DVM_SC=0 -DVM_TRACE=0 -DVM_TRACE_FST=0 -DVM_TRACE_VCD=0 -faligned-new -fcf-protection=none -Wno-bool-operation -Wno-shadow -Wno-sign-compare -Wno-tautological-compare -Wno-uninitialized -Wno-unused-but-set-parameter -Wno-unused-but-set-variable -Wno-unused-parameter -Wno-unused-variable    -O3 -std=c++17 -I/home/hunter/chipyard/.conda-env/riscv-tools/include -I/home/hunter/chipyard/tools/DRAMSim2 -I/home/hunter/chipyard/sims/verilator/generated-src/chipyard.harness.TestHarness.GemminiRocketConfig/gen-collateral   -DVERILATOR -DVL_TIME_CONTEXT   -fcoroutines -include VTestDriver__pch.h.slow -c -o VTestDriver___024root__DepSet_hbb6e3b65__72__Slow.o VTestDriver___024root__DepSet_hbb6e3b65__72__Slow.cpp
/home/hunter/chipyard/.conda-env/bin/x86_64-conda-linux-gnu-c++   -I.  -MMD -I/home/hunter/chipyard/.conda-env/share/verilator/include -I/home/hunter/chipyard/.conda-env/share/verilator/include/vltstd -DVM_COVERAGE=0 -DVM_SC=0 -DVM_TRACE=0 -DVM_TRACE_FST=0 -DVM_TRACE_VCD=0 -faligned-new -fcf-protection=none -Wno-bool-operation -Wno-shadow -Wno-sign-compare -Wno-tautological-compare -Wno-uninitialized -Wno-unused-but-set-parameter -Wno-unused-but-set-variable -Wno-unused-parameter -Wno-unused-variable    -O3 -std=c++17 -I/home/hunter/chipyard/.conda-env/riscv-tools/include -I/home/hunter/chipyard/tools/DRAMSim2 -I/home/hunter/chipyard/sims/verilator/generated-src/chipyard.harness.TestHarness.GemminiRocketConfig/gen-collateral   -DVERILATOR -DVL_TIME_CONTEXT   -fcoroutines -include VTestDriver__pch.h.slow -c -o VTestDriver___024root__DepSet_hbb6e3b65__73__Slow.o VTestDriver___024root__DepSet_hbb6e3b65__73__Slow.cpp
/home/hunter/chipyard/.conda-env/bin/x86_64-conda-linux-gnu-c++   -I.  -MMD -I/home/hunter/chipyard/.conda-env/share/verilator/include -I/home/hunter/chipyard/.conda-env/share/verilator/include/vltstd -DVM_COVERAGE=0 -DVM_SC=0 -DVM_TRACE=0 -DVM_TRACE_FST=0 -DVM_TRACE_VCD=0 -faligned-new -fcf-protection=none -Wno-bool-operation -Wno-shadow -Wno-sign-compare -Wno-tautological-compare -Wno-uninitialized -Wno-unused-but-set-parameter -Wno-unused-but-set-variable -Wno-unused-parameter -Wno-unused-variable    -O3 -std=c++17 -I/home/hunter/chipyard/.conda-env/riscv-tools/include -I/home/hunter/chipyard/tools/DRAMSim2 -I/home/hunter/chipyard/sims/verilator/generated-src/chipyard.harness.TestHarness.GemminiRocketConfig/gen-collateral   -DVERILATOR -DVL_TIME_CONTEXT   -fcoroutines -include VTestDriver__pch.h.slow -c -o VTestDriver___024root__DepSet_hbb6e3b65__74__Slow.o VTestDriver___024root__DepSet_hbb6e3b65__74__Slow.cpp
/home/hunter/chipyard/.conda-env/bin/x86_64-conda-linux-gnu-c++   -I.  -MMD -I/home/hunter/chipyard/.conda-env/share/verilator/include -I/home/hunter/chipyard/.conda-env/share/verilator/include/vltstd -DVM_COVERAGE=0 -DVM_SC=0 -DVM_TRACE=0 -DVM_TRACE_FST=0 -DVM_TRACE_VCD=0 -faligned-new -fcf-protection=none -Wno-bool-operation -Wno-shadow -Wno-sign-compare -Wno-tautological-compare -Wno-uninitialized -Wno-unused-but-set-parameter -Wno-unused-but-set-variable -Wno-unused-parameter -Wno-unused-variable    -O3 -std=c++17 -I/home/hunter/chipyard/.conda-env/riscv-tools/include -I/home/hunter/chipyard/tools/DRAMSim2 -I/home/hunter/chipyard/sims/verilator/generated-src/chipyard.harness.TestHarness.GemminiRocketConfig/gen-collateral   -DVERILATOR -DVL_TIME_CONTEXT   -fcoroutines -include VTestDriver__pch.h.slow -c -o VTestDriver___024unit__Slow.o VTestDriver___024unit__Slow.cpp
/home/hunter/chipyard/.conda-env/bin/x86_64-conda-linux-gnu-c++   -I.  -MMD -I/home/hunter/chipyard/.conda-env/share/verilator/include -I/home/hunter/chipyard/.conda-env/share/verilator/include/vltstd -DVM_COVERAGE=0 -DVM_SC=0 -DVM_TRACE=0 -DVM_TRACE_FST=0 -DVM_TRACE_VCD=0 -faligned-new -fcf-protection=none -Wno-bool-operation -Wno-shadow -Wno-sign-compare -Wno-tautological-compare -Wno-uninitialized -Wno-unused-but-set-parameter -Wno-unused-but-set-variable -Wno-unused-parameter -Wno-unused-variable    -O3 -std=c++17 -I/home/hunter/chipyard/.conda-env/riscv-tools/include -I/home/hunter/chipyard/tools/DRAMSim2 -I/home/hunter/chipyard/sims/verilator/generated-src/chipyard.harness.TestHarness.GemminiRocketConfig/gen-collateral   -DVERILATOR -DVL_TIME_CONTEXT   -fcoroutines -include VTestDriver__pch.h.slow -c -o VTestDriver___024unit__DepSet_h44496666__0__Slow.o VTestDriver___024unit__DepSet_h44496666__0__Slow.cpp
/home/hunter/chipyard/.conda-env/bin/x86_64-conda-linux-gnu-c++   -I.  -MMD -I/home/hunter/chipyard/.conda-env/share/verilator/include -I/home/hunter/chipyard/.conda-env/share/verilator/include/vltstd -DVM_COVERAGE=0 -DVM_SC=0 -DVM_TRACE=0 -DVM_TRACE_FST=0 -DVM_TRACE_VCD=0 -faligned-new -fcf-protection=none -Wno-bool-operation -Wno-shadow -Wno-sign-compare -Wno-tautological-compare -Wno-uninitialized -Wno-unused-but-set-parameter -Wno-unused-but-set-variable -Wno-unused-parameter -Wno-unused-variable    -O3 -std=c++17 -I/home/hunter/chipyard/.conda-env/riscv-tools/include -I/home/hunter/chipyard/tools/DRAMSim2 -I/home/hunter/chipyard/sims/verilator/generated-src/chipyard.harness.TestHarness.GemminiRocketConfig/gen-collateral   -DVERILATOR -DVL_TIME_CONTEXT   -fcoroutines -include VTestDriver__pch.h.slow -c -o VTestDriver__Syms.o VTestDriver__Syms.cpp
/home/hunter/chipyard/.conda-env/bin/x86_64-conda-linux-gnu-c++   -I.  -MMD -I/home/hunter/chipyard/.conda-env/share/verilator/include -I/home/hunter/chipyard/.conda-env/share/verilator/include/vltstd -DVM_COVERAGE=0 -DVM_SC=0 -DVM_TRACE=0 -DVM_TRACE_FST=0 -DVM_TRACE_VCD=0 -faligned-new -fcf-protection=none -Wno-bool-operation -Wno-shadow -Wno-sign-compare -Wno-tautological-compare -Wno-uninitialized -Wno-unused-but-set-parameter -Wno-unused-but-set-variable -Wno-unused-parameter -Wno-unused-variable    -O3 -std=c++17 -I/home/hunter/chipyard/.conda-env/riscv-tools/include -I/home/hunter/chipyard/tools/DRAMSim2 -I/home/hunter/chipyard/sims/verilator/generated-src/chipyard.harness.TestHarness.GemminiRocketConfig/gen-collateral   -DVERILATOR -DVL_TIME_CONTEXT   -fcoroutines -include VTestDriver__pch.h.slow -c -o VTestDriver__Syms__1.o VTestDriver__Syms__1.cpp
Archive /home/hunter/chipyard/.conda-env/bin/x86_64-conda-linux-gnu-ar -rcs VTestDriver__ALL.a VTestDriver.o VTestDriver___024root__DepSet_h662e1026__0.o VTestDriver___024root__DepSet_h662e1026__1.o VTestDriver___024root__DepSet_h662e1026__2.o VTestDriver___024root__DepSet_h662e1026__3.o VTestDriver___024root__DepSet_h662e1026__4.o VTestDriver___024root__DepSet_h662e1026__5.o VTestDriver___024root__DepSet_h662e1026__6.o VTestDriver___024root__DepSet_h662e1026__7.o VTestDriver___024root__DepSet_h662e1026__8.o VTestDriver___024root__DepSet_h662e1026__9.o VTestDriver___024root__DepSet_h662e1026__10.o VTestDriver___024root__DepSet_h662e1026__11.o VTestDriver___024root__DepSet_h662e1026__12.o VTestDriver___024root__DepSet_h662e1026__13.o VTestDriver___024root__DepSet_h662e1026__14.o VTestDriver___024root__DepSet_h662e1026__15.o VTestDriver___024root__DepSet_h662e1026__16.o VTestDriver___024root__DepSet_h662e1026__17.o VTestDriver___024root__DepSet_h662e1026__18.o VTestDriver___024root__DepSet_h662e1026__19.o VTestDriver___024root__DepSet_h662e1026__20.o VTestDriver___024root__DepSet_h662e1026__21.o VTestDriver___024root__DepSet_h662e1026__22.o VTestDriver___024root__DepSet_h662e1026__23.o VTestDriver___024root__DepSet_h662e1026__24.o VTestDriver___024root__DepSet_h662e1026__25.o VTestDriver___024root__DepSet_h662e1026__26.o VTestDriver___024root__DepSet_h662e1026__27.o VTestDriver___024root__DepSet_h662e1026__28.o VTestDriver___024root__DepSet_h662e1026__29.o VTestDriver___024root__DepSet_h662e1026__30.o VTestDriver___024root__DepSet_h662e1026__31.o VTestDriver___024root__DepSet_h662e1026__32.o VTestDriver___024root__DepSet_h662e1026__33.o VTestDriver___024root__DepSet_h662e1026__34.o VTestDriver___024root__DepSet_h662e1026__35.o VTestDriver___024root__DepSet_h662e1026__36.o VTestDriver___024root__DepSet_h662e1026__37.o VTestDriver___024root__DepSet_h662e1026__38.o VTestDriver___024root__DepSet_h662e1026__39.o VTestDriver___024root__DepSet_h662e1026__40.o VTestDriver___024root__DepSet_h662e1026__41.o VTestDriver___024root__DepSet_h662e1026__42.o VTestDriver___024root__DepSet_h662e1026__43.o VTestDriver___024root__DepSet_h662e1026__44.o VTestDriver___024root__DepSet_h662e1026__45.o VTestDriver___024root__DepSet_h662e1026__46.o VTestDriver___024root__DepSet_h662e1026__47.o VTestDriver___024root__DepSet_h662e1026__48.o VTestDriver___024root__DepSet_h662e1026__49.o VTestDriver___024root__DepSet_h662e1026__50.o VTestDriver___024root__DepSet_h662e1026__51.o VTestDriver___024root__DepSet_h662e1026__52.o VTestDriver___024root__DepSet_h662e1026__53.o VTestDriver___024root__DepSet_h662e1026__54.o VTestDriver___024root__DepSet_h662e1026__55.o VTestDriver___024root__DepSet_h662e1026__56.o VTestDriver___024root__DepSet_h662e1026__57.o VTestDriver___024root__DepSet_h662e1026__58.o VTestDriver___024root__DepSet_h662e1026__59.o VTestDriver___024root__DepSet_h662e1026__60.o VTestDriver___024root__DepSet_h662e1026__61.o VTestDriver___024root__DepSet_h662e1026__62.o VTestDriver___024root__DepSet_h662e1026__63.o VTestDriver___024root__DepSet_h662e1026__64.o VTestDriver___024root__DepSet_h662e1026__65.o VTestDriver___024root__DepSet_h662e1026__66.o VTestDriver___024root__DepSet_h662e1026__67.o VTestDriver___024root__DepSet_h662e1026__68.o VTestDriver___024root__DepSet_hbb6e3b65__0.o VTestDriver___024root__DepSet_hbb6e3b65__1.o VTestDriver___024root__DepSet_hbb6e3b65__2.o VTestDriver___024root__DepSet_hbb6e3b65__3.o VTestDriver___024root__DepSet_hbb6e3b65__4.o VTestDriver___024root__DepSet_hbb6e3b65__5.o VTestDriver___024root__DepSet_hbb6e3b65__6.o VTestDriver___024root__DepSet_hbb6e3b65__7.o VTestDriver___024root__DepSet_hbb6e3b65__8.o VTestDriver___024root__DepSet_hbb6e3b65__9.o VTestDriver___024root__DepSet_hbb6e3b65__10.o VTestDriver___024root__DepSet_hbb6e3b65__11.o VTestDriver___024root__DepSet_hbb6e3b65__12.o VTestDriver___024root__DepSet_hbb6e3b65__13.o VTestDriver___024root__DepSet_hbb6e3b65__14.o VTestDriver___024root__DepSet_hbb6e3b65__15.o VTestDriver___024root__DepSet_hbb6e3b65__16.o VTestDriver___024root__DepSet_hbb6e3b65__17.o VTestDriver___024root__DepSet_hbb6e3b65__18.o VTestDriver___024root__DepSet_hbb6e3b65__19.o VTestDriver___024root__DepSet_hbb6e3b65__20.o VTestDriver___024root__DepSet_hbb6e3b65__21.o VTestDriver___024root__DepSet_hbb6e3b65__22.o VTestDriver___024root__DepSet_hbb6e3b65__23.o VTestDriver___024root__DepSet_hbb6e3b65__24.o VTestDriver___024root__DepSet_hbb6e3b65__25.o VTestDriver___024root__DepSet_hbb6e3b65__26.o VTestDriver___024root__DepSet_hbb6e3b65__27.o VTestDriver___024root__DepSet_hbb6e3b65__28.o VTestDriver___024root__DepSet_hbb6e3b65__29.o VTestDriver___024root__DepSet_hbb6e3b65__30.o VTestDriver___024root__DepSet_hbb6e3b65__31.o VTestDriver___024root__DepSet_hbb6e3b65__32.o VTestDriver___024root__DepSet_hbb6e3b65__33.o VTestDriver___024root__DepSet_hbb6e3b65__34.o VTestDriver___024root__DepSet_hbb6e3b65__35.o VTestDriver___024root__DepSet_hbb6e3b65__36.o VTestDriver___024root__DepSet_hbb6e3b65__37.o VTestDriver___024root__DepSet_hbb6e3b65__38.o VTestDriver___024root__DepSet_hbb6e3b65__39.o VTestDriver___024root__DepSet_hbb6e3b65__40.o VTestDriver___024root__DepSet_hbb6e3b65__41.o VTestDriver___024root__DepSet_hbb6e3b65__42.o VTestDriver___024root__DepSet_hbb6e3b65__43.o VTestDriver___024root__DepSet_hbb6e3b65__44.o VTestDriver___024root__DepSet_hbb6e3b65__45.o VTestDriver___024root__DepSet_hbb6e3b65__46.o VTestDriver___024root__DepSet_hbb6e3b65__47.o VTestDriver___024root__DepSet_hbb6e3b65__48.o VTestDriver___024root__DepSet_hbb6e3b65__49.o VTestDriver___024root__DepSet_hbb6e3b65__50.o VTestDriver___024root__DepSet_hbb6e3b65__51.o VTestDriver___024root__DepSet_hbb6e3b65__52.o VTestDriver___024root__DepSet_hbb6e3b65__53.o VTestDriver___024root__DepSet_hbb6e3b65__54.o VTestDriver___024root__DepSet_hbb6e3b65__55.o VTestDriver___024root__DepSet_hbb6e3b65__56.o VTestDriver___024root__DepSet_hbb6e3b65__57.o VTestDriver___024root__DepSet_hbb6e3b65__58.o VTestDriver___024root__DepSet_hbb6e3b65__59.o VTestDriver___024root__DepSet_hbb6e3b65__60.o VTestDriver___024root__DepSet_hbb6e3b65__61.o VTestDriver___024root__DepSet_hbb6e3b65__62.o VTestDriver___024root__DepSet_hbb6e3b65__63.o VTestDriver___024root__DepSet_hbb6e3b65__64.o VTestDriver___024root__DepSet_hbb6e3b65__65.o VTestDriver___024root__DepSet_hbb6e3b65__66.o VTestDriver___024root__DepSet_hbb6e3b65__67.o VTestDriver___024root__DepSet_hbb6e3b65__68.o VTestDriver___024root__DepSet_hbb6e3b65__69.o VTestDriver___024root__DepSet_hbb6e3b65__70.o VTestDriver___024root__DepSet_hbb6e3b65__71.o VTestDriver___024root__DepSet_hbb6e3b65__72.o VTestDriver___024root__DepSet_hbb6e3b65__73.o VTestDriver___024unit__DepSet_hf172cd27__0.o VTestDriver__main.o VTestDriver__Dpi.o VTestDriver__ConstPool_0.o VTestDriver___024root__Slow.o VTestDriver___024root__DepSet_h662e1026__0__Slow.o VTestDriver___024root__DepSet_hbb6e3b65__0__Slow.o VTestDriver___024root__DepSet_hbb6e3b65__1__Slow.o VTestDriver___024root__DepSet_hbb6e3b65__2__Slow.o VTestDriver___024root__DepSet_hbb6e3b65__3__Slow.o VTestDriver___024root__DepSet_hbb6e3b65__4__Slow.o VTestDriver___024root__DepSet_hbb6e3b65__5__Slow.o VTestDriver___024root__DepSet_hbb6e3b65__6__Slow.o VTestDriver___024root__DepSet_hbb6e3b65__7__Slow.o VTestDriver___024root__DepSet_hbb6e3b65__8__Slow.o VTestDriver___024root__DepSet_hbb6e3b65__9__Slow.o VTestDriver___024root__DepSet_hbb6e3b65__10__Slow.o VTestDriver___024root__DepSet_hbb6e3b65__11__Slow.o VTestDriver___024root__DepSet_hbb6e3b65__12__Slow.o VTestDriver___024root__DepSet_hbb6e3b65__13__Slow.o VTestDriver___024root__DepSet_hbb6e3b65__14__Slow.o VTestDriver___024root__DepSet_hbb6e3b65__15__Slow.o VTestDriver___024root__DepSet_hbb6e3b65__16__Slow.o VTestDriver___024root__DepSet_hbb6e3b65__17__Slow.o VTestDriver___024root__DepSet_hbb6e3b65__18__Slow.o VTestDriver___024root__DepSet_hbb6e3b65__19__Slow.o VTestDriver___024root__DepSet_hbb6e3b65__20__Slow.o VTestDriver___024root__DepSet_hbb6e3b65__21__Slow.o VTestDriver___024root__DepSet_hbb6e3b65__22__Slow.o VTestDriver___024root__DepSet_hbb6e3b65__23__Slow.o VTestDriver___024root__DepSet_hbb6e3b65__24__Slow.o VTestDriver___024root__DepSet_hbb6e3b65__25__Slow.o VTestDriver___024root__DepSet_hbb6e3b65__26__Slow.o VTestDriver___024root__DepSet_hbb6e3b65__27__Slow.o VTestDriver___024root__DepSet_hbb6e3b65__28__Slow.o VTestDriver___024root__DepSet_hbb6e3b65__29__Slow.o VTestDriver___024root__DepSet_hbb6e3b65__30__Slow.o VTestDriver___024root__DepSet_hbb6e3b65__31__Slow.o VTestDriver___024root__DepSet_hbb6e3b65__32__Slow.o VTestDriver___024root__DepSet_hbb6e3b65__33__Slow.o VTestDriver___024root__DepSet_hbb6e3b65__34__Slow.o VTestDriver___024root__DepSet_hbb6e3b65__35__Slow.o VTestDriver___024root__DepSet_hbb6e3b65__36__Slow.o VTestDriver___024root__DepSet_hbb6e3b65__37__Slow.o VTestDriver___024root__DepSet_hbb6e3b65__38__Slow.o VTestDriver___024root__DepSet_hbb6e3b65__39__Slow.o VTestDriver___024root__DepSet_hbb6e3b65__40__Slow.o VTestDriver___024root__DepSet_hbb6e3b65__41__Slow.o VTestDriver___024root__DepSet_hbb6e3b65__42__Slow.o VTestDriver___024root__DepSet_hbb6e3b65__43__Slow.o VTestDriver___024root__DepSet_hbb6e3b65__44__Slow.o VTestDriver___024root__DepSet_hbb6e3b65__45__Slow.o VTestDriver___024root__DepSet_hbb6e3b65__46__Slow.o VTestDriver___024root__DepSet_hbb6e3b65__47__Slow.o VTestDriver___024root__DepSet_hbb6e3b65__48__Slow.o VTestDriver___024root__DepSet_hbb6e3b65__49__Slow.o VTestDriver___024root__DepSet_hbb6e3b65__50__Slow.o VTestDriver___024root__DepSet_hbb6e3b65__51__Slow.o VTestDriver___024root__DepSet_hbb6e3b65__52__Slow.o VTestDriver___024root__DepSet_hbb6e3b65__53__Slow.o VTestDriver___024root__DepSet_hbb6e3b65__54__Slow.o VTestDriver___024root__DepSet_hbb6e3b65__55__Slow.o VTestDriver___024root__DepSet_hbb6e3b65__56__Slow.o VTestDriver___024root__DepSet_hbb6e3b65__57__Slow.o VTestDriver___024root__DepSet_hbb6e3b65__58__Slow.o VTestDriver___024root__DepSet_hbb6e3b65__59__Slow.o VTestDriver___024root__DepSet_hbb6e3b65__60__Slow.o VTestDriver___024root__DepSet_hbb6e3b65__61__Slow.o VTestDriver___024root__DepSet_hbb6e3b65__62__Slow.o VTestDriver___024root__DepSet_hbb6e3b65__63__Slow.o VTestDriver___024root__DepSet_hbb6e3b65__64__Slow.o VTestDriver___024root__DepSet_hbb6e3b65__65__Slow.o VTestDriver___024root__DepSet_hbb6e3b65__66__Slow.o VTestDriver___024root__DepSet_hbb6e3b65__67__Slow.o VTestDriver___024root__DepSet_hbb6e3b65__68__Slow.o VTestDriver___024root__DepSet_hbb6e3b65__69__Slow.o VTestDriver___024root__DepSet_hbb6e3b65__70__Slow.o VTestDriver___024root__DepSet_hbb6e3b65__71__Slow.o VTestDriver___024root__DepSet_hbb6e3b65__72__Slow.o VTestDriver___024root__DepSet_hbb6e3b65__73__Slow.o VTestDriver___024root__DepSet_hbb6e3b65__74__Slow.o VTestDriver___024unit__Slow.o VTestDriver___024unit__DepSet_h44496666__0__Slow.o VTestDriver__Syms.o VTestDriver__Syms__1.o
/home/hunter/chipyard/.conda-env/bin/x86_64-conda-linux-gnu-c++    SimDRAM.o SimJTAG.o SimTSI.o SimUART.o mm.o mm_dramsim2.o remote_bitbang.o testchip_htif.o testchip_tsi.o uart.o verilated.o verilated_dpi.o verilated_vpi.o verilated_timing.o verilated_threads.o VTestDriver__ALL.a   -L/home/hunter/chipyard/.conda-env/riscv-tools/lib -Wl,-rpath,/home/hunter/chipyard/.conda-env/riscv-tools/lib -L/home/hunter/chipyard/sims/verilator -L/home/hunter/chipyard/tools/DRAMSim2 -lriscv -lfesvr -ldramsim  -pthread -lpthread -latomic   -o /home/hunter/chipyard/sims/verilator/simulator-chipyard.harness-GemminiRocketConfig
rm VTestDriver__ALL.verilator_deplist.tmp
make[1]: Leaving directory '/home/hunter/chipyard/sims/verilator/generated-src/chipyard.harness.TestHarness.GemminiRocketConfig/chipyard.harness.TestHarness.GemminiRocketConfig'

real	2m54.785s
user	11m55.023s
sys	0m46.912s
EXIT=0
